property_id,price
d56159653f5d2abc5ed5acd7,856985088
45550aa81c0151f1fd9fd8fe,932697728
735deef3382aa15930482f3e,725494720
0dd49fa8bb7be52b851c6dc9,670470528
7d3220a91e78f8bc2924d1cd,1163454080
d3054072b2175deec2c1f8dc,445986336
b7574b06d593fca4eac59815,514806912
79e822115c5c1a4531366001,377788384
d3ed5316a463d38c1bd321d0,1193114880
2f1880c9b8f7ac2715e1236d,1065278464
dcca1c7f109175760ff531c6,834081920
dfc4f3facf91bbd93ee0fa4d,489638912
30e134a6cbe61d7954d0f56b,569340352
385fee7bd9ad7722d45dd034,683667072
87199c236bf22903d1aafdd0,670914688
19e19ad0cd6b5e84d8aa970e,679564992
907f968e78d748fde69dd44f,737723456
be094e5db0f784e3aa013aae,437331168
7ab96f83915bc84f8c03c1bd,448889728
07f4aa9b9ff5b0b05d31e6c0,1164942592
e9be8cd37abed8ab510ba1f5,1320466688
5f6ad58df27b562db077b5ce,785299008
ee96d947484aaace40f9b77f,900859968
15c4aef8401208054697b81e,865459392
22d6cb11333f2839b8112b89,1415158144
288c09c33907dadbae495c11,1266484352
f71d2bca0c5fe2720a1544c4,845874496
451744cf3ce55a98db8a3562,660138944
fba9ae05a6a8a9e0c6268a9f,574416768
1338e58f7dcebf5a1ea59388,571615744
a817e8da0ada143ac87277ee,244696944
46d8bb3e9a0ca584d3c7a317,620467264
b2506aa9463aebf01e1e00ca,427615104
7ec025b9b6e6f33bf65af41b,627451008
2ff531e27672ecd2362eed55,824861696
9b3cf0d1b91b9c6a2a887647,475369536
7db5291ce4602d9b2b266872,398250112
65d5918e826c33bb950fc008,716084992
395c34e4b8f52cbdb0522459,777885824
855f4b67d2bd6d18fd03d8e7,998381248
9ff06409b37e5b5dece4604a,739298368
0508cd7bd2c77ebb6fea1e56,460256064
b45fff2e718e54772d46a3fd,700937344
cf4d2297b73dbc357d21e31b,559950144
0ada7044c5b29925abc90879,669319872
6305f02255274ab5fb6bd39c,1004564544
d9a94194ae1350512beff3e6,632091968
e3896296cb80d50d9ad3f903,1094459648
6514f355887c64136edb5595,890303872
f03400cc18e12903b3ffbe5a,657798976
4e134600155a64783b3f8c3e,932836672
d63ebc63c82fbf66d8b6ffd3,1028150336
1bd64811bd59706844230198,1144921472
a83921284639eedd4a511cb6,762038464
a2f3f7a1cd573e2a33f52e2d,884984448
47344a66471fa51f61c64652,802327616
78fd849c9429091347d7e5c9,760443520
c3daf2abea55af99c9579319,634306432
52864916eb1984abca41ec66,938852608
c62494a9d7aede44f2f84023,1169316864
a2b576643f7a032371587e5e,1260823040
e53bc68f0e97ccead24f3e56,741223360
fd82c710aad91bc90af490fe,541039424
d436abc2ee37ba3dd561e940,624920192
216a598114a403676011cb51,739755392
ea230d5eccd2b687888173bb,1054567232
18bd0dd7580f2a7cb19a90b9,556502848
b143c8ca6d334f6a73c3f2a0,529713376
ab388cb4fa511968783bafee,519767392
6a4f08cd04d558a56af732d9,706853632
7216c895aa047c4f405c4941,679187200
a493488dcd906dc74cf8a604,933249536
7844b0b2bc65dced90a355c6,908636800
c1976383069b6b82ab29d092,887928960
e5cfd99e2308b7b73581dbdc,436949280
c18c2ea88f4ac53970b53d2c,477277824
842c9f0e4edf1e5a672ce15e,606683264
7dd1e46dcbddc6bf5ef694de,740416512
6cc4f32b39180bd1ec7e117b,600073024
79e643789a85dc4ffad49a25,1099108480
b3402a9173d289d6db78e09d,1335297280
a446507813234e358db8b573,364346848
c8ef57ddfb35061d1876f94e,625900608
360be0df2c003005e3db080e,995382464
9ab245a4c91877cb7a8661ce,1005624064
a57a34c7486e7a40e8deb316,1055094528
ceba7d0f56f6cb03538962fb,581210560
d5475993f9db58c3e4baf7a3,648347456
d37a1dda09e30da13ff5bfc3,908378368
68a8b8d077a8232723bf37e9,785299008
e1eea7716ca6490b7640717a,757872448
4ae6d75b10848d259ecba576,670387648
17afbce5c0b56732abbea936,1076404608
84a2673eccd3cf3bd7fd3eb0,938852608
f2f4e6cbafe527b155707f01,1354020480
de2e3a592cda5b76c9573c5c,818623040
fac651cf404a58f24dc7d286,1349358208
e6f312a0877af26b69855a3d,1100246400
333a643c623a9bc75f3a40f2,1396176768
64593641e470908ef23b46cb,1187421696
ce9f2f0071be658ae75ca6f9,1052086464
9ab385e399a4673732b6a799,943888960
3429c774b736cefc051e2c55,494835904
a51ad0372758b2bbfe73f8fd,638203712
8c801a266256e3fbabe7e3d2,673541568
ca2f81b8fb6fda20aefb0ccb,720736960
3c1b1f86087f9b99380e387c,775962048
b0cad5d612954b8cab18101c,887703488
7eb991f4c69215377e4dac8f,840252992
0d130b8bea4321300396fa34,1295790080
8dfa059401e1dca80ae65ae1,733287744
3e3f264cd0ac7a65ed2349a2,1406077056
112dce80bf512f3f24391d23,475862336
ff25ded6333278149f8fb68f,1035711680
d555b82c192794e87e9d536f,993426560
a787382d96ef9fce8f27bc70,1378672896
8c3aa295f7bcfd9a43eb2037,1212459008
13ac95652fb3cf6c43dafc66,441360000
42fc6a80b882c32f6264ac10,455112192
1e9c53e09220d689a0210ab9,456522944
3348706086aa3db5c92259c3,452154432
66d402a9b7d05f29282ddb00,643397632
cf88be51d6f31c10e5868ff7,674328832
30b3f38716be209a894b0942,336197856
0a5908a92d0ba3e36f54b1f3,544634304
dd206b6ea2d7f6555109ea39,704334400
c641febd8bc2ece3e4d2d8b6,868030656
c11fdc02a288af0572a2bca1,956665984
35dc60a65969b264ab283d6d,595648064
d9cb0f637cd4feaaaf8a21c0,904081728
7e8dfae9a5f1faf8afa706f7,534869536
a280fe7610c254b935c9dcfc,577976576
85524880fdc4e4daf90e96fd,713017792
f361109d06f6609c16724b39,716084992
3f6b2f0c0876c21755369cb6,1004564544
de26819064a290ce78d8fcc1,599868032
91be1260a84ab7fa3521c495,1171825408
18c8dc4549d38c918af2972e,1122816256
782b0fb8641849c2c34291e6,342760256
54933f8b33a4fd6f031ed5be,1074137344
953176c9a901b4f61c030432,776497280
357e2add3d68167a4f3ce15e,873540416
90332d50e91925eb9b614bef,721420352
11723d1d472bf1a3fdd8b72c,1177673984
01f8b6799e2910f7769db175,868918272
a0d5001f7dd42d7f0c91d2a9,403707200
d4439c35bcb88e1490916c67,637356352
4a73dad0ff8a5262e8b07c4b,1015789440
3dd8085a65f24b497ea59557,947237696
39ef085809bc80e32e7b6af6,1257693824
b98ee16e8fd7d1c75a9da13c,925892800
16deb26bf740fa61e258f545,1268570880
732a3bd457d7798e1fd892f6,612351744
1376058cb128a1c7729cd2e9,972940800
cac7e7c3e13af91bdc7107e8,1190104064
9f3dfa6e1422f6aeac527c61,496051520
4dd3d1288ccb66ee4fb9c097,1247641344
15fb97d6a43731d61e95d004,943376576
dac29573163315edf99e0e7a,692509824
b93f2864087d41c3c92d43c3,1058567040
cd4656aed92f5c0a0b6b7c0c,1058567040
556210496090b42ac10cf1b8,1260823040
762979729fb21e56a32ed14e,1260823040
ea935b76abe664d5e2c4736f,716084992
40e9ef1e7c6749b7a8d04ea9,552458304
058265732a484ac8d5497f5c,509255872
6f52ea8340cdd283f9a79720,800165952
cafe7c1ee67458e05c84d5fb,1004564544
3f45ed2f08a2b03b738fbb5e,533401792
f203b18854b75c4564d7a17d,795195968
d5333f639d11bc3ab073ed72,709521920
c14f644116669a160446a945,361915936
de585856ff546e00a5a4672e,959105344
7a80663cae7c191b5d025fa0,541007872
71f80198e68fbba902650b1a,346592480
f3523e0626df8cea803ead0f,760219136
619abd5f978b1573761be86d,720830016
17a2323b855e93533a9f09f2,545229632
38e8630f2c05ea38e2257c21,488385056
1e3798d739f85ee0e5a314ca,565508864
46d0544f411bbfb6b452858c,593452096
605e7a71eecb13b23ffca0c1,543393344
7515b37b7ae7c62f3dafbe7d,479771616
28be121ada9c9303be802474,491228544
331d54f8a1bd3dabce73d6d9,883544448
22d167639ccaace593dffa31,836550976
36cd68fc3ffab79fcaa340ab,801897664
db924733e88c361cdfab874a,906459840
64eea2e9a13a8edfe8ac7027,890247616
97fe6eeed892111bfa20255b,899290816
b54e6757829ac95e2076d954,652632576
dd59b8122458557041903207,662205632
b35c58fc1c05a77433025318,1161711360
c41964afa164d8b75f8dbe92,646267648
96b3ea80cce599b68f96f86e,618604544
a4bc87ad4f1ad97c0a63d843,913958976
16e62269e6aa2ea052d05f71,1125172480
518b37b51f824fa0fb5075d3,1278141184
e083d83369cbc93fb94842a1,915956864
57deff02895d5286eda10d89,997042624
7ed35835fbe694bc237abe38,718327040
b48efa9ddf36e85164354f26,1244923648
5910c9b29a1025bada93a5e1,907439872
10a650e8cb5425c97f08f68a,920062592
9e0feca2ec3043ae6f840631,1213084032
35ce37bbecac6b164fa21e6c,773873536
c4955010d066e013812a85ea,1145586944
d5a83c31bec18d1c3eb9af7d,530147488
70217bd08583854329722821,1294560768
28e748e7aa0a447731e06706,612816768
27929c0a3e0fd2d6d2969e03,630461824
5c5ea0d8bae75e0a5c88414f,1228128000
2233f50cf7b04791cf1ddeaa,708466560
bf430621f17dcaf17fb91ac7,410616896
d8dc9de06461e0220bc55906,968618816
d988975f8c4e6ee8fd8dc1e1,1080784256
bab884e0f99df269805e83a4,1014980096
8fa9b20af1508af7a01e2267,875997824
b6f195d44ddbe10b78b97191,538405184
2ab0eeac4a228d5769fb4365,490929568
347a4deda03bfdde6d1c163d,608608256
17230f18b30b94606fea047d,387568480
eab4ae491bbbe7b8ab107229,768839808
07c753474a847bf2bccd55b7,777376512
b7ce05400f0261743073e072,608951104
4a33d213841d2af537aa967a,879063936
04eb0b590ce7483c615b043b,831106688
a01a51af09a3dc387a18b58c,314019360
270b930a9e22d5016ffa4019,1078186368
5ed1320fe84a518e267ff537,1122524032
f04b574dc221473cfd616e22,536774336
6f7e390aa6135019dc5a828f,808373312
776d4a19fb3852fe6dcd3ddb,414422912
b7f164b79658952248866c34,909001984
aafeff5826516e363471e439,779332992
eba6a2b80a17a846ae560ece,362578784
90e62f8656ae504bf6175e0d,538670016
dc4331d09a1e36baaa6bde53,462252768
372d67ccb9d251e290891f0a,448889728
a7801c67a0ddd71c50ba38d3,448889728
e4d6b81f169cab8ea0244d75,646352896
cd5c6655243a4be0912bc92a,1055094528
f7a7281a19733251134364fc,1337183104
a716ec25a219961fbe90f367,1354020480
8bd45966c16d4eafb49ee2a2,872430528
baabbdaa5e8f69fc90d303c1,1058712192
8bed46960db1b2a7954ffbcb,1376191616
dbc123f9502159d660f375ca,1351666176
a4683facc81ccda10e9ae388,1052086464
3a576586fa1aac85c2ffb75b,1136142592
b1fb98d0ba25b21c6647d423,1024182656
97fa4be3ed93c37c048f507c,390833440
cf184cc576effe39c0f857b8,687057728
784f67fcb2d009d352740ed1,469822016
f4d6ce332121f814aa663fca,860863808
c87ae84ef029febca1e633e8,692509504
e876c6fd9c161861fb92ad5a,1288297600
9047c4764f2c6b1a10b87e99,1069004288
234c94e9a248ae57bb5a0771,607286272
a49c2976ca4f24f3a6b622e3,534606144
ffc171cf73514bed077339a6,601799424
fba83f5feea2522888377066,595023168
1a593800d5785ecc36c25ead,941957696
ab157c9601861dc387a91b82,741724352
f87f8003f15b0fbc12609514,589092288
f44d035ea2b15b2c69d4da50,833191360
fc815b59cce7934f816f0502,850693568
32915b77ca68000ba9eed6d8,454218144
cb083fa7ff634f424a351840,560188544
4f3c7b9bc78f882f858b3d3a,635119808
53d33316e237830ad463a26b,435469600
f5d852e25d51377686c43bc8,646112896
64731b6eaf4fd2bb6c155013,774845056
dad7e45e4706ab2564ef9cf1,629471296
255914e9b13ad94efa6ed365,683724288
5a8950a64b4aea4ac13dad45,1036712960
70f51b4abf26651111305b1b,1190888192
8919ca18fff7571002e440ec,1133980032
f776a4e0c8c82b3d29756b34,1260823040
7ea4af39a7e577ffbd600f0d,757477824
45fc0d46c7a4df7ff6976fce,1145777536
7cdcecc706fc7c79cce45b20,819479232
3503f56e09e639be4762ff2d,803257152
f70ac0d227db6f5333aa821e,735805888
20db610da64f80afc1621b12,630200064
c80ef212c870e2f20ed2234a,781776960
7dc68d5cac1b7fcdab35586e,477555264
a478fb93a131fee4119bb9f9,1179059584
7749b2b534213ec7b536372b,922416192
43e59f5312e304fc21c1e052,1005847232
82a7920524816f3db7f5a4ca,843455872
1a7e331d9ff88ae5efafa8ea,1024332224
a57350d4c79a415137281cb7,320687264
f3a6132006d54d0e22a17e84,695397440
14caab87a129f51b2b70508e,847851200
ba2423d79744d763aa3744f8,847542272
1caac10c1121a795a172889b,1188387072
40768729f2697b87ed6519d1,802883520
843234d3c6c20bb60a17fbee,933929344
cd2e4dff930a1c7a1a569992,766479808
5a6eab133b7e95155f6a9012,638708480
5bba6c40aeb129c433d2c58e,984450176
ad3c644b506498127c7beef1,679501888
a379656c49f4cb1cfc5b3f03,1040225792
998c1a6ace613d8a7468ba5c,932836672
dd610d7ece83bb02dcd7a22f,561720256
539467d04a2b3e78c592b11b,627451008
e40fe4ac43cabe82c03dda59,531627296
5561eab714583013b422e7d4,908636800
d9110b2b5b1c02766da9e24e,863130944
c72cf05b93b9c290c063b08b,1012820736
d71cc157c0c43935989009f5,816954240
4199eaa19ddf8ac436bb2ba3,1335297280
d23d12bd86def2657038a481,1337183104
ca438e13d8aa6285858da0aa,938852608
a173eb804f4bcf6bfe889417,1354020480
9b3677d498c2ccf69c756ec7,1260823040
f8c787390e4c6d2e99fc7c3d,793669120
a188aa896d1b4520ccd6b65f,628280320
9fa39c9eb4b10a20dda6c3c2,970504128
7bc9022fa1eadbd9ab39acd9,875703040
46f0731f62232b32eb733dc3,629422912
b6767d1e329ff5e28c42f632,762203328
abde4b06769fcb1d5577fa7f,638203712
1496d159d31717ce254f67a7,648140096
1470749d0d2551a93827e441,577865408
3ac517f74dbf8cdc8feadfe8,693421312
fc6616c62030a53d2aa46b12,592970112
8497f34947cb4c0ff18a0eaa,977016832
3b2936127f5a4684a1d3de22,678410048
dab58562904cd13a93d913e1,939444352
69d1e47b6bdc57512f1838a5,893351680
23c7f9a0534a4ae6a24e38a6,677326464
640e9fe41fb79ecba89d8951,602290752
31f6a25d56f3bb36386d07ae,1052595904
bfb30ae71cdca27f5a5494c6,1224614400
baacf0dbd690644d74f3a929,953797760
cdcb874d2e62220d12230632,1018313728
1421bdbd9cf7572b799b732c,955191552
ee9e5adab1455d38edfcaa6e,836466624
1fae43a9450fae02919962b9,1002801600
5f9ee280509afd55d24f39b7,853085824
82902f2082dd405ab538ff58,673784320
eae52c81f779a61f57cb5b58,870658112
4ec0aee1b202642d2739068b,897941888
f4c6c3210a3c2eb935c6d5bb,1072640320
14a14706d405569501327924,423823136
146a5a4f3d111dc7b955ce42,1116500992
99bdce7cdea643b0442976f5,1029675392
733c7cdfd50db77066a67140,471600000
de328410e22767c66d919423,830450816
d0116b53467b3081664fb268,894537600
dc722ea5c4d62773f9fb6bbc,562670080
e84605e3aadd50b064c8eac3,1201920896
31a3719e57ab1425e7267fad,1023622912
34993717af3f861b9735df6e,826549888
543822711986a454cfd764e3,1024219456
5bbc4ff9cc3ddacb39469e27,974164672
d7ced905983af0800c19b7fe,945392128
02d5bac2567ee9e19041ad42,1225529728
f4897a8a0a911a2acfb8e8c7,1354020480
4ba19ab08d1fe7f72d0dd37a,562049024
b7c07f8afe037d55bddb8e41,435669440
40b20b5a3a986802d64f7675,725447552
01fb5931cb55f5308382818e,1308952064
7cd0c7174b957df1f004fc88,1026127616
ca13bacbf6dc8d1b09fe4c67,949467200
0ed0dc77661be57aab63bc83,388899488
d03558acc19951a882bd568b,429810400
b8cca0d70fb46f3a31473e98,708570432
f665a58fa8eda69547c1a159,923900160
8aa5ae4637ba83e672cd3ab9,791228864
a6da1996f66e545041d920d6,949962496
b828609eff041a68fa243a12,1067584832
3f39a260b81dd7de1dff2b31,767126336
40fd167916ff071afdc44792,1425752448
6ca31945172976c3a11732c6,1170855552
1437d1f1601d26a3dca7594f,707602368
ebab054e5f256bf4e382002a,1260823040
0838d0df248d723da4e25ea9,742104640
7a134e45b9ebe710c6c6efe6,750750912
6e9c7f27d6b89c5f9696fae6,519767392
bd12c705950c46e679c34bf6,1376191616
fa2c1092f17ce021964f8953,806324224
e3202b635974f7a3367c0ff9,1335297280
49bdf0f970af03d83a57dcff,945392128
91af29fa680d8033188ffc39,1209161600
cb626b981c0997d254388e76,627451008
155a8e4186d1626fdda4d0ee,971866944
d337476c2cfa780518523a6b,555565184
7c3ea8523ece273991a190da,823304000
674c02227165e1c7189c54e4,1034352832
17056748001fd65cb961b384,1160795904
f56bca5bebfc765162c8cae0,1280296832
5f4b0ec9c7452b888b33c3e8,650381376
13dbc077e552640736267a49,562388992
cb645955c851790e83e696a7,907860672
649cca8c83352caf7442f20a,1105066240
fc8836e71725949c5f3fa7f7,1415158144
4f431d80287051ca323f2c08,980781184
42defcc69fa22e4c858f3c24,920175488
291a2f9022933c9d81311e81,920175488
d48a061a2040d851937413aa,987859712
55d2ad80322427ee3426dceb,745198080
8c41bfacbc1a6ab831b26fa8,907860672
c7214222fefdd8d2ad7f8f8f,1114368640
b3d9a095c9c73004643c9e78,920175488
d49aeae19e13909e75dda2b6,1011652928
dd10dcc52d2549df85f2a8ec,641853504
6732b448d2e4f32679f235ad,1009651200
f08a5c2992cfee4c0910f68c,920175488
e3a62f080c25f404ca995e06,897239104
7634d584c3042533942e2dc0,1252037120
ae58dee872922a9c678dbfcc,1236107136
5ec01e911785dbd5b49b166c,603015360
9bc12d9c9ad95064412c3413,1165533824
7acdaa0cee1ee62e15f4490b,671724032
d76d5b14d0acc5295b8057e2,878895104
32f3364ac1fabdd13db1cfe5,351235488
8cab957b322f1aba06bae4ad,656275712
e3dc8b417819e9afe3fc7d0d,571700032
c71fbecd8f7310c201adbf40,987083712
54c9bffcdc46819f67e4b3d1,966002176
4d94a2295f612b96264a0db8,826549888
874f4a836cb74be301e068cd,909256192
a18925f908acda4171bfbe36,865576256
a587c7419568288d68c46feb,1043145280
19994da77ce4f2db3efe6660,409018400
9c4dece6127f1f3f3bc1e0f7,379889888
09c28a830f8093802384071c,470782176
5766f7cfab59c920081e3046,379889888
964b7d9de17c1ce396fb83fd,432026752
44f77a86369d6607753adc09,567419776
7f25471be85adf0baeb8ebbc,491136480
6859481703fb0cb34c1e564d,713555392
7ba0c14dce0cb09ef5735d9f,496738624
62cd6a29e98a5b7a5ad38050,776824320
9c6d7e6260e4fe83d43706d4,657032320
5dbcb55dbba823dc31b041f6,1406077056
85abc5c0353c5b678f087824,757831232
56dd1bc39664f8e9f316851b,764013952
b23341faa7307d9d6009c6d8,478178336
2af941adae2e8dfd66542055,865788672
268f887f25d416dcd3c0c9c2,738635584
9ddc7272fe43f07035d3da63,1461242240
4002635ca8b087877ad22d5b,1197648512
b515b1caa608ff42574e5a06,638563328
710542343cece039a279dbee,745667072
187a143dbd6d4bd81d6d9c32,584035904
26db92c003c8e67d92d88aaf,1181673216
641ac8f4f60ae2b9cf6add93,753456128
784714647351cb6745c867b1,745667072
5fcf1e2ab4edf13ec844decf,757477824
2575d932e98c421bbb38b267,1146111232
af9d2f5f62bf74a7fa9c74f4,949615680
4db8d529af9f718e6d81a85d,627451008
9a3368605e5f563e29182f3b,942279680
5ff696d8369101b6dc60e2ed,677390336
95ade3ab8dc04237acd6441a,384405440
607ed21e896eb5ffb50d5ead,599463360
40d9a852bbed67a6036c6d8b,633135360
97badba651a94721af5df3f0,816954240
b2f089146c30929c4836f0fb,699074624
936307e2f478c3ff7b9652e3,918861248
b6d5cb459999de084965e993,1137420416
aeb66f808982c6308d891f55,576752320
cf8418c60f4e54dfa09b1e6e,665565184
1dcf71e8fbfef2c6534576df,785299008
c78b16f05ef58855da0d4f2f,829217984
19ecf1fc86396ada203c2a19,553634304
985fc7ab5aabf1831ce3d298,610531584
8aaeae6bcfcee5ad928ce28d,909775488
1a93cae134c79a43b13ce656,1335297280
ffad647e8ee35eaea6378fb6,880804416
c21a3eaa136ef8a912ce7b74,1041759232
fabe0f299a4e4bc6f51d54b9,684617984
5af99278b1091dca9b0b0332,1105066240
3f0c845deec1c24472a35efd,1362985088
c10f25fd39dd36287a6cde73,1415158144
f37d31c512866b575780c4b7,1052086464
5d34f871e5a5cb3a655a0b13,980781184
95bb852a958d7b16fd676e3c,1009651200
24857a7a80d5f13a52eeb054,592174720
f9796e9d13fe1becef435e54,1175889024
1c2739878e452a340a4e8972,840828736
698f3f1929a2dbbc69865b65,755599488
bc230105784ca8640e499ca2,767126336
622fdba953206a65224f2c82,523148704
6765fc17d98c08142d3d7757,863239232
6f35fcba4ffd6a58bce85892,530008736
d8654c08e95b39e3b4891cd9,924458944
33305df46dc2186c7e3f727e,1280296832
0cec193a20d720af010383b1,742104640
734efe04fa6b326ae1d072e8,673052608
69190139558b2ef3eface18d,451997184
bb084299ad23f245d7cc5b69,594287872
d4c7b3372d70b898b167b92a,880804416
4a119b1bbf04b4bd6051c5b1,1055094528
f844345b6224bc76bc3c6f91,431249984
052505ca8210e5e651fc0b63,934418048
5731cdf8cac0b8371d786c90,923900160
594d8d78af90086bf8cdf09c,792879872
fcaddcc78938f3a234dd2d3f,304513984
1574958978c9b5d23d9521b5,752997760
55902baa0ece72e2e8c869d6,809349632
46161effff173111bb6c3a32,1156680832
b3fcd9cbfd485e4e1da6c89c,549216640
213ddc1761cd6b018349786a,651802560
be3b1df5f008636e14bec3fe,839539200
dd27922be5b6f730f8b4e058,436949280
cd2aeb1b2649ef421102def7,784659904
a226b4af016a772dc7e39ac8,543845440
dcef5b332fd31d0ed8d754f3,577475712
481492907baba4574d4a6f35,1335297280
10e5e54ab66b58b3f41ec381,736142976
d48866a153ea0fd23a858cd6,575664192
d273a2075d28e343a657d9de,1294571904
90a711f776d53cf654614649,905647168
f87c76eb5071c5b309e3ac3a,784294400
74df03749e60c216a3e1292f,699016512
03a84af05df0f577e09d60c1,659473664
78682041182f01ee4db04e8e,1376191616
25c76b5a1da0c2d8158b3732,869770624
af8f09175265e1546200ff86,586867584
c8d4ffb290aa9cea002e8d67,571722048
cb89ad8156c3428ac80a4db3,628769984
7602cb1e6fef087d8ee81aac,919727232
00c75d59ed4777481a50cbd3,614240128
fd36cffb856c2a14982a5fa9,762699136
06ccfa37fa6b011ac38422de,417544256
257b533b6a66b40d0f097c55,792685248
736eef4bb36681acbcc3c41b,358209216
e1a4437b17f7bec650d8cd97,703879360
ecabfcb8ce9bb47ec3089c7e,703879360
a5a46af0c9fb5c0a03855660,946536192
920b50f4355cd2674ceee068,985309184
410e5af026805ec8088f2e71,1024580544
efa0c01632d13ab59f629ab1,510185760
5965d19a68a8414b0419bc68,829763392
64955a117f2d9264eb59fa82,996065600
8cd46b5c9cbd056d3712f155,755599488
65f736c3fee3d14c31a57d1f,735360448
66e9c614882d58c022de7a2c,923900160
8c787c1e6161b18601e6d7de,463624544
29a115ba5b198689fce5f93b,605133568
de8ee990e70c8e5ad167dc89,544555200
0b65098a19c2fc1caa6577ed,1335297280
70ea0403b722a1dae1ff9b18,880804416
5c77e242474e477513b60ad8,518705088
1655a92b20740a11a5889519,508865216
1709b1446b20b21482dd2d36,938852608
e5dba7fa0cfb81488b0c331e,827954368
d09dc3a3270073e5f1cb353c,1055094528
368e740cb71b9175fe5b7b6a,1280296832
b8a8ad4c0215077d3e5aa472,1200695808
1f4a78e094987ce29f054fb8,442921888
aae3a99ac764b8e9bfc562cf,892611904
a63ecc5539e8725af4128cb5,738996800
a29e18f37ded2e901181d7d2,858543808
14ead7469d05e5eacce6a575,740163968
1cbf39c44f6b0fdbf9554845,632055232
9012294b64280c565a88a1d8,1016413760
dc0e9ce44b9932c6e48a9390,683417792
a4f272acb4b3b4f5fc72e99d,1017574784
b0a7295da89516be1c44512e,973600640
b638b937d4f62949b9eb9fce,918328448
cadd4a6e1075b57f7b74c63e,773763456
a88f4eeeeac5ccd1ba9b8a4e,1031833856
29616bf14b5f1cd42786a91d,635233600
f03f97ca55e9a43928c18237,747667648
5fb9bd3aee2e1320dcbea448,642726208
34bcfc2f0cefad790922879e,1122816256
8c9849cf3d20991e5126420b,1005415616
ca7b9296080c9fc9fb232782,954324928
63a5989d0dad994a6af7734c,346592480
7d25023ecf668945c87e0666,709521920
fde3d4a4a819b1fa40530238,469403328
e3338ac993873aca45755dc8,541007872
bfeab1b12dd82efa96efac31,361915936
2d564574f0191164ff1d068b,760219136
5529d858e9c9e3e92ce8a95a,428363264
2755af908b841e9024718b3d,249491968
623df36ea9610ed5c58dbd8b,381896192
77924a3c7880310a4822e5a7,959105344
24fd0b7f75feda5db89a4127,286919648
c2b9a3b2747f32d26c8219fe,720830016
3c3c7861a9727bedf5e3cb29,980040256
822ba8fd3c7392bda84461a4,488385056
4625168852b335b223a05bb3,817497856
b732ff1637ec53286e890865,593452096
706bddaf0b87e4f076247450,455805568
917218fe1425d2c222da1ed3,545229632
7ac0428c4b7197ca14f3b86a,836550976
e828e83be8651bc2e07641e2,415004160
4d069f925100b6cad0b657b8,801897664
a50640d13126880a423521e8,883544448
45e92799de1a5334c3d2d72f,565508864
93ca9e75cbeaceee69b4f0e4,906459840
8fc4070ce12262679c381515,890247616
63182bbbd5f94cea67de2d8b,410616896
6e163c3a0e30e7bf1e909661,899290816
3cd016f68705e73b819cf74b,618604544
3da41d55a2b9f78c2b10c75d,920062592
0eb8f10c9d5ded1b09f60baf,1294560768
330c37fb5065311564fd35a2,1125172480
b849cef46f19e13d3fc9d5c5,907439872
7bc034984b19479f29886cc9,832619392
5cae4522fa829a1614739b64,1213084032
bf6bd06201e60a4c98c8623d,702831104
549ebb2f616d50ca778e92cb,1280369664
448ad6cf4b43298a39c7b5e6,968618816
e9a37a1a4150461126dbb6e9,646383040
1d4c50978603ef41377af057,662205632
bb71a24bc5ea4051d84ecacd,1278141184
286ab2411118455780314355,530147488
045108344bf09b01b597e7ce,915956864
d714e15ab5c2d5a2503bffcb,898668160
60823c81f0b98e8a57192a9b,718327040
dfa988a524343181a0d3ead5,913958976
fe8bcbd17b16ad023a202843,1244923648
69fe76202cd89637a15de1d4,612816768
e7cf67cbc08fa04be9f0a3d4,773873536
670583e7a2ec6e337429fbf9,1145586944
796935018bf2b241646a2dae,646267648
5f5856dd16c0e5131835e650,630461824
ea2e380226005bb55c724ce1,997042624
f40defb11ff73ba4e3db7611,897149696
a4b2dd2771f49951c027eef2,1161711360
a949ede7227c8f8587715029,1080784256
83f402857435d4fadb27fa36,1014980096
36ab522893b5f01caea4cd0d,875997824
8e4875b7ecd0898571f0b1ae,451762816
7ef3f8bfd0368696369ac957,772152576
73ec13a5687c542137eb9a41,407528000
6334eb4a37d102ee00c6e2a1,1046594880
fab91f0b03598c943fa425dd,670606208
c57c3c7edd591e16c0b7c1f6,747698624
03aea1b6ff072f117ec733af,700079872
91b57e8d6c41b7afe949bcba,586567872
ebbc5fdad817b304af3585c4,422898848
0232a50c9afca03cbf4277c8,507243840
05b12b1916e51a804419c654,527294016
95c9cee9b36fd1d68f647aa5,631198336
3d31144a77cb51647f3deb02,769559680
ea87e3259c2b0d6263d39a2f,514264576
61f634438de4a10a861f42c0,714047744
c3ca43d0474dea2f2dfb9791,640736640
a13a3638569b89ddf1260470,549304064
124959d1429de095473bf5a0,601639296
4d85bbc09ae56cd85a8f87c6,721271424
2c13f29a8b9ac9b464e3a582,775925440
70215712bdd8ae7585520550,635499072
3352469ca509e8ca652fad1a,483391072
893caa7433c200e0d43e9f27,1129361280
767cb14f03c909c595c2a731,564438784
11433baf7716402e8c58bd33,1297424512
e07ca567b0678126a1aec803,846963008
b2286067a73bc0049328b55b,792685248
c85d56080167254c7bc19303,932000064
5b9ef8d6defdaf13dccc5ae9,862328448
f7972b1936c6d9e95d3f632b,1032164096
defd03ae7d0c0a44baf80abd,691354624
6fffb7958a58a73b0e16f2b2,1518452480
5d86a1db39e324770ae58efa,406667360
c56163e390d9e5a7a76e77be,635897856
fd5ba2795eb7b5fe338d6b4e,816170624
24d6d85cd0e2dc3deb2db896,804388864
feea3a2bd9f643219de51c46,1168296832
055d7c66464d7e327711b497,977607296
046aaa4162cd410e92b216d0,502010048
b6bf2760cfa26cb28fc989fa,731618880
3a6262eed8967d695182e435,749471616
cf3665f24927de548639ee4d,716779776
4c243fc50d5511a1288bdc0f,645740416
d753227b5c685e93b378baea,912681024
149e49c22fa0eb163a36c932,815985856
8baa01b8c6d29c82a6108cb8,1108254720
2d437a09b860d9d46644ea23,857121088
66bd80fd26836fd426be5733,931522816
a30e69524af9c1bddbc5de34,673395648
fcc96840d952d32a7300366c,824866112
659bccaa707b94f303610225,743275648
df1c66d8dfb9520c6818a32b,963093760
dd1dacc0c90022e5b40849bf,414426944
1a06bfdfaa9d9ac754ad07bb,814547584
a0ecc8ce0592a40959bd755f,734306944
739c2b9be0941e4c126d2f3a,1310593024
d723eb2516802250027312b4,806457728
04cc75f46642efb1192f1875,492313888
9f37bcaa95fb0044aeef6075,571029888
7be8abb5d23794ac47ceda32,546682112
c06c737cc0cef7fafa3fc4c5,679422080
48e71c45f41778f8dca24cf5,476909184
b41f7c1cb9cfbd188f8e0233,816267328
32ce96d8adc8e549b90b4a8b,836520192
c6bb4ca5a0c839d38dd8ce19,1146111232
1d91edf33a141fa2181abc4b,733221824
aba4e24dcc6998e5020731c8,836520192
00af33cff3ff7c6927306df4,517084096
6d2328def08bae481705e20c,979645632
7815163b8e4a54843d121dc1,913561664
c9f92088dbdc0d81412968dd,823305216
8e1bd01ce4b7910d42f59be4,513257536
5fd89a857727753eae6632f3,1156042624
332e395d4ce62523a2e3208e,617317504
4fc89ee51cb0e1b9d6459819,1128558464
2571fe181b6ab939eac19d2d,1089415808
af98a0e223a825cbab78ae49,1126500224
ae187fea3c46c3fbee7e6e8f,829525568
c681519ec1ee1a28f6a3607b,1025191552
bebcca3e75e747b5a01f5485,462794912
0842a0730545c623043b1d8e,1201736832
973afa2d67c20297aa108bda,894336192
64a9f0bf04f1c890cc6e31eb,936973376
9e92b27f554068b7dfb640cd,983470656
57b7aff18c444fa3c577b079,798082048
6b23f191d2ccbebf9166926c,552798848
b80c961aeb98d24d968c71d3,1401845248
064c1cd5e94efdf8c7262fec,787182464
723078b6cbdf02c88286c596,1131088000
e239ff5eaaebb287beaf76fa,1147292800
b3b30d8b869eaad2382c5447,1483632384
3f295e6c14e23cff1468bf82,788230016
be78bb0e06d5768ac1908247,407816000
4daf52564456895ca7f4429c,536605440
c832701653f1e7f01913660f,1146393984
82433a009defc21498037127,1032318720
b53d3d578b1d7d9e00c8a00d,637675200
36fab4c38cdd91de650e6abd,835238400
bed932e11a599f7cd4bfa31a,1088548864
1d9addd835c9fe8665e01500,486835136
d8216aa4e029c0d3d646efbc,779219072
c1b0ddd3c104ec4482d5025b,418029696
bd0f754b0fd9b7af284419b2,1042111040
01e907d7672006fa2bba8b0f,385822560
7ad046b20064565644ebfaca,605262208
1ac2b23683ba89e9175d1b99,753564736
ab4c55e78eb83d80c153f50e,474807488
2ad54bda875fcf8c6b675bf5,446600896
07e76c765d1137cdd7c2ff53,401936192
5531b9663c5a37a2bdd97e9a,799728768
c740655aea4eab7066446c42,707182848
3b6c37e7e6ff1c03ee4fe995,733273600
1b5d3ddc71634099fa1f04a8,626821376
1ad916edbe6fd38f40289a04,781852032
a1368aa4d3ae850bbfd90bca,858418688
0f728f676325ece6a001b4d5,831636352
0f98c4e431100aa87e6fa6af,708629952
91a08474a18644c43224c62b,647648704
185dd9366a6dd1e820880917,792701888
e364018f4d994cd15d4af374,1024486720
77348acef84ef77f6a076268,559647168
7f8f506137780f4cf12e73b6,950075456
809082a38e6fc3faa66845b9,1061513216
2072a783a44474cd0dd10d7d,769525760
b71905255273cbb0af1290a9,530723936
c7d5f021595b58c507f47d3b,941882176
65ba1feafecd7efdcf214ed2,1023772608
72eb64cd02ad2a54b65083eb,958799488
35d79b2ac92083bc439124ac,832852352
2f7d36523df4a5eee3edbe05,716947712
b0d20a04106ebb87e2cdea37,1139067008
43650eb8b70dfa256ca64979,757477824
311fa1bf3c405f9bed13b38a,577976576
d12dc721a59af021e8ac68e5,577976576
36f9a0ea831710344f468bba,577976576
1eacbf36422a54f1327fa291,577976576
9567966987eb1d3117677cc5,615050048
e5bc85e227ed7dabfccbd005,577976576
d1f39f86c82916524273bada,545045376
deeb837c2c6bcbd01930431d,748556864
57aa22792684debb8d4079dc,589092288
5b0530f544da162b9a8ff772,536598112
b7d66c5f1ad06dfcae5b33ff,463624544
bc353a421fc579770e432176,454218144
45ae1e929b0fc88718151191,669352896
b04449c499843cf46ccb695e,915134784
e4d89c9d33a0f2659df21185,597402752
b2a7a8ccbbec39b63e4cd028,536605440
3be69554b1cb31ed5732a836,677376832
de7f584df6103e8bf95f4a37,458042496
0f4de499e5bd2c57fcc75013,716084992
b4fd0aa09f993bbfb1fa8abf,379889888
88a83e58eaf136a82ab1fe37,558566656
379429ee3675d1adbf816cc5,496699936
c6084b85c8d95e0ededc25d1,932836672
8eae4346936f8c6c67be81ba,513540128
a13fc9e9b4e47340a5d53bcb,619146816
7b8a4d701066372dfbdffbec,509606112
a62a6094ffed3ea7a54fee73,373120672
bf0ad098fbccd3548d834ff1,379889888
0a231779f131c36d8e6910f4,538810048
51ba7338f5900d8ef12206fe,638203712
81b14dbf863114fdddb38579,564120896
adaa406ec9ac311e9f9c0bbe,446536160
4cb11f32806c0e07b4251984,557670976
3fee486268a1451a7b9fff7c,632740608
5666f3c36f0ce4eab2c39299,733106688
8a8dff62516671aee2250cb0,986752704
ee4fc6a146e888e993a4412a,814771200
5a16b30f4d580352710e92f1,880168448
424bb491c71e913e900db76f,851576896
100bdfc998bbde3d00548bdb,1136203392
d793efed9a723e77ca8272f8,791495808
725c029b7c5807a4b0ba2bc9,1122816256
b6d3345346f43dba053ceccc,1024219456
888bc3c4ceaa108e048ad28d,1058960448
267e000c89d3416e551462c2,1200025728
0ab4a4b8adda35f634812221,816267328
823ed628bddea9b56792d108,1004564544
a189bd7e4eecdd18ebc7d353,1078763776
da16828139a19aa11bd94ffe,1017574784
874102a58234cc7888902d42,778024704
789e5d19fa507823cc4c5296,746417984
174bcb77be3b7e408e61d7e1,724355904
31a1492e589f317a58a79df7,853085824
0825f2ca4baf5b34231ecfd2,1072872768
ebc96ea800887a647422b8fe,879803520
969b956eb7769b6f509d3ee6,1026127616
6ef9135481d8fc882a1a735f,590713728
5f501c4532ade3f412359a1c,1276599296
c6d075772255b1efa52317ac,724400960
535bdffc5b79d62aa6179c48,1225529728
e95653d504208e8da19fdd03,1017574784
e4e529e778dbc89f854252f1,696737152
ec5866fcdb9afffad2d7f5c6,1034422464
814694a725a50c306d774342,902840256
1cd6531d8539468cd5f4b315,841034240
0c3e734afaa6b7c370754082,880168448
f80eace37237614562f942aa,701919680
3aee70815bcf6effcf0e5fdf,1122816256
ea21ddfa37d60737492509cf,719835072
67c78ce1b8a64f36ddf90cf6,742104640
fd2efcb61008dc9d11756381,955191552
f51658b9fea670bd943d6db7,1015789440
b83b0a53ead29faf9dffc0fe,1300369920
c1329245f57c5d9019105382,1039580032
98665b825fb3a06b914d39cf,1092977920
24e90a7d9a2bd0c30a4f661e,1337183104
6e64677f8d730e1f9ca240d2,1020916352
a742819d8e4cf8fdfda6e094,1354162816
ed75d1c40109eeb51fd636f1,1022981888
cfc2ab56604b4e3734d7cbbe,938852608
ed5622c308bfd10602e939ca,831452672
5f537d233678443192d22642,1044370112
aaa79ce67339dc53b4f41dd2,1201920896
5f467c6c80023b0174823d85,1171559296
46fcc0d53b263beae95b8eb9,1177673984
2bd47c19e5d29a3157fb8465,1260823040
9c9c2f05352c92c02d080e96,1368501632
cf8fb8db6f74c236cad0cfcd,1017381376
f42a53a05dc90e617e0e4c38,409781856
bd612d494e2f21051556ebe7,1040961344
ed1c8ac25a3db5120c92525f,652251968
2c30c2736472590fe45277c3,802886528
bbe2c06e6f90c4234a7781ab,1068991296
b527813993b7bf4a10c05683,1024631744
2f610d2242d583654337d468,1461242240
dc25c9240c67effcf655b02d,640602560
c35f5ef73168d03cba1b1f4f,664145536
e88009be52bf5803ba3665d3,455923136
12a63d4fcb56c1d690e1bbb1,733435392
1d58ad85a82f7731e0f198dc,1139922304
a2fdc7da13d098cfeba13b76,504572352
1969ba34b72e61337246cb5b,464226272
8be43cd8653accbb8fe8a270,853056128
10092cf2f8afb3658ae475ac,611200256
0fd313e5a0f02df07eb6b104,448889728
9b5f013e795f5fa610d03238,475862336
b1ec4b8badc955f9f4fe2131,980781184
e491adef93281c097ab08dea,599463360
9a65fe451b30c59beb3d62ef,673607744
0d3245463127143a8a52014b,1320466688
a0e3198470f97f6a169044b3,1406077056
33e4901b6e72593513a02207,867430336
f45234a3f0aceb12341be024,786429440
a71d53ec4fd0d64f8c06da2c,1009651200
f1b30c4ea99f19a81d12f73b,1415158144
a52e2c893f85b49e2499cbab,865932160
b2fd7ee866066f3ae0dfb3c0,1000837696
5acc9d767e3117bed0fd8464,880804416
0449a82dd1667c8c564904f8,1051476480
a0a8d63b5f43b87c0c7e1fb1,909638080
03de77e22e987fc3fed4eb78,922954688
3fed1dd17fcfbd2b86e73143,407816000
04fe204d03bd1c9876242ccd,895836672
32bdf33933c29b1cbf89539c,853085824
3f6c05c97778fbdc86304bf4,1497916928
478e13e8c1cb5bc80f1080e0,755599488
3128a4896665d38feb72b456,880804416
fba6203abad5f4b3b721f29e,801814656
b25f461b3d48d833a73316a9,1201920896
1282e129e1a355b161621dd8,837178816
293320b55fad21ea3f4a5899,547948224
de2f5db1cd1024a9734871c3,480440864
200897b1f8bcd7c116a85306,343521056
7023f5a68e1ce9cfd23fd021,601307136
13faa4142e9d60412abb4184,661793536
d74d0241fe5222f5c5b67222,585575936
0e51111c47813a0b0dd51b64,635917888
25e3793214088669aaaa4ca5,884814528
43d7b77a99e86e8bd21a19ff,1673832960
38b87cf007043b76670207d8,1066757312
8fedbf13ebb7cd3475fa3074,1040208128
4be510fa977b93e34a789f26,496699936
8f165174bc07c28f9fddeee3,1039771072
7ff6f389e364e67c4238df8a,478779712
2c91099736f3158f7f09778f,673383744
7bb1bc81e6eb3b4390440165,727621056
74e43ea3081841278c76cda6,478892576
9b948f070b94c18e00a857a7,723110208
99340b6cf8f818392d501e9e,1216725760
b27088c3ccd93e7d8d5571c2,774632640
4b45cba0d601f29c2b7db97a,917078912
362212de783981c9ddb767bb,787475136
5aa78a2bc8ec5e2be315fbcc,1071907136
92fecc04105a999a622ba3cd,748142528
5098115b26f2473c812b70ed,728564992
e9860f6b4c3e6699e62f6c31,605481088
71273ae563da6bbc66aa87af,432677920
6c6e7af42a6ddf62b04c35fe,452790848
484922bbe02cb218ced0e779,509740320
76745c2648b66151008f6399,519106784
2100201e0851e80488371b67,371521056
5885faa4aac834118c5e4351,432941280
f340405bd7f2c4bf524c50d9,538351104
1951c1c8855fed5db8031e5c,977933312
7dd96ddad0fa88f5c5978e39,1088547968
db7535339826028d0fb3355a,720971776
4317746d5b88142780e6897c,852957888
5796e37eb1a995db5cc06eea,751995648
817915cc3582112fb5541a49,637788928
ba524c4e2f13109ce814ea38,712073536
c2439ab65fe194d1d60eaa07,966955840
92e4dcc5911b42e7f70311d7,629061824
6bf86a580c8b510b7447071a,765207872
975482a692bb98df98b2f243,701218816
336888717766096b24215b26,1100393728
ad79f4fa23a28cc84487517a,803076608
d925c1d4dcb68990c7204b33,804121984
f4658aee77fa0e35a71da7f1,727083200
210d58091ea74bb902915250,817750784
186d4731b3af01bbe4d08b23,741522112
b760fde2d4df27a168ce0e80,1195003136
2e653d2567a47067df169d97,1566662784
8b63358f3cdf8df0eb1f43e2,1018537344
c09d691e4c7d7b8c8f6a8370,1053780864
4502e2809bb5bd47b2781212,825060928
d03101c7f823dd7d17e49a83,699272128
f5dbd7dcf63b08f711561e58,1205460352
9855712ed7be7e865656de13,1194272768
5a6397b85f45fba27dd9311f,1043773248
4d1b0315b5aaf21bac150d96,956305472
32c7a2d032ee21f8bbc6eccf,440373760
beae197df95b84881128790d,606907456
0cf7a6d43221664a060ef681,657798976
c431fd6dbad57351a497fae8,575380096
b1f8fdc8e3e25517ab80c065,392289216
7b346d5a5f5ec7165d1f8644,363074240
947ba86487536d611f548142,1180779904
8398ba3b03595704b5897704,548920192
3f895518a7fccca44e534578,599463360
232e859fc353dbff75c97cf8,786429440
b234ef225690d57e7c2af4c0,1406077056
393e2e7ea1f20eb6b4148d60,757831232
668db5244c4d5b5c76b0b395,738635584
646de9441934226c2ffeff77,880804416
de53880a3299626eb6c2cdf9,1415158144
07f10df13b244dc33b464582,1105066240
e4aa393309860fd5e30f49d9,1461242240
8c714badfcdef8ccc73df9cb,1266484352
0f8ded86be8d3543a5069b6f,756518080
3e9d73530ff24d3f4a543091,908445952
076ceb408227ab2563a663d0,569108160
e0ae474a5307ef4057da4994,581491904
d41fc79d800458b1691bbb87,960095552
dc8262e1493ed593103acfa6,613085696
bd6c24498bf413b6c5adf81a,692738816
885c77c839d705ca7d04d383,678373248
b8896656cf6f5dd7c33ae46c,910808128
34a9e3ca94ac06347d879942,945392128
ca3b5cd3505049f1471c47e8,767051264
8c05c66be6008af7f6dcc10b,1126723200
565fb93190cd34ac8b01f01b,1126723200
6c8119e00b901efd2dd40f0b,820060224
34c92caf68dd0cec9fc383ef,1499747968
68939c438c34e79a317a4f3b,832082176
dfaba547699e319462abfd6d,628688960
dd1d2e305d37d9dde55393b0,808678208
c32df77def9978a84f8ba7f1,865932160
62103a85a8ddcfbf5e40e284,1320466688
93bcdd2a8ee1d5b61d00d58a,738635584
9700892d7133ff2c0d1763e7,1280296832
fca6d7455056792cd61e2ddf,404085024
4e84c5953b493be7ca96103a,787711488
42fc4101da60fdb41f41f0a4,967492032
12d40725335f83e2fb9b937a,1030301632
2b9681901b216f2174af0089,971534016
9ab74e81283becc00a779172,497851712
8f378dc1215f9213f187c02c,562011584
4a3a6698b5490216e8f8e6f5,1126886272
0dd795526c080e8efdf8eb0e,647821568
3e7217f628a1d0fc9bc47071,841034240
157195fb2358bf2d5051c439,599760960
37063e689732880621e4e733,968237952
3bc68bc2d6a2b81f9e3b9a50,711343552
ce21f368495d385fbd98de73,488379712
1a6af7fd6a5b0602052c4c27,525905216
e38259adbfd953bf085a69b6,892512000
0cb6801c9b57e874102ca349,817210112
79f1a5bc0be914956d632658,806161280
f571f85be35a72b2ac358d27,449644288
163bec92a997aa8263f5a909,880708864
9ce3000cd80aeec2c5188e8e,556726208
6a6178c4cae2e92a08b0dd0d,455923136
d52cd6eee468311666218625,992667712
8eccd2a6352c33d8c7abcea7,855014400
53d3e32b1dc782308e352a33,962348608
be26f0523e5cb13846539384,935796352
ad7739088e8febc68abb42e5,791766592
add4f9dd26fa34829aa25eaf,1096332800
17005d6ec889a947397ab980,340783104
3fb3a581a9a74146dcf9b71f,438270848
51c4a8b438bb0d97f712af31,714954432
0aa1332c56bf357f492da2c0,671752704
6cc06c89c226a062fc46795a,725367680
682b38de3539b2a584446922,480921408
1cfe9cba4c2015e7b58f05a0,747153728
17d34f9cb105ca5010191142,1051960768
1fc0faf46f3b533f2cae2c06,1210311424
12f9e1f78c630defe302f781,821665024
87bd6ee6f17d2bd5b61b0ddf,1384603904
fd4ce3ddaf79d1b97043ce0b,1376191616
97aacb0847561f45a5540f21,791228864
a6dac56445613d70e49647e5,912716928
8b1acd29eb268fd684036180,862281280
656c13ca7a1974df58e1b826,1017381376
56f72c2d672b7bc3c264f7fd,458229568
3771c66b9ecd6db0b201d4c4,543109312
45e2395bee937c187e3486e2,877420736
7c6880b05c212c66b8961b71,597402752
e0ae8d2a51c771aef5f245e9,910089792
3573093e56e95a982a41879c,1221459072
0920b2df9df4f0e509a7efb5,635651200
43600371d44fbbc81f6b6fa3,439625472
2684f67bcc89c8a5b95e5592,629694784
ca463fbe3e5cacc152aa70a6,543109312
0935e87627068206f6d9c0c4,749497344
10afe23f1f58f96422c97934,651267776
f3c8cf1fbbd6cced1fba0930,505523136
abfda926d174a8da1d946e27,472775840
fc9fb2f209a4b5e66f89712b,757831232
15d10635d71919d0c9663fde,485413248
79733fdf8881b0d25412abcd,1027316992
7254c91fc9b51e76c6fd2a99,1244103296
b732021729ecf88d6297b48c,799742208
edf4e11d1f1aa6f8080c3156,862669504
0706ce398b2bd64913e68d39,1017984576
ea4a797b3d73d1b2cba9d651,800558336
6c598362e322971968739673,616611008
130a119701171ed3c439c527,747864384
849c918d78991c57f32f2031,635878592
036fc9e01b2b1e3ef4574372,1040935808
e4ee1a81aa121aa5f55e20f3,916465344
de926223fe4296d96466c685,1022927168
340ae520163a220061bd7f28,861567808
11e36a3effeb0119b8bded5b,853085824
2492a7a74edb57f784f6361c,1008029568
1900e7808046a5fe89d8e440,894537600
fba35c04cfb7b6db50cbb57b,956988992
daff79365fd94d1d3a2bbbd3,817404800
51230c899cea0054bb74cc44,617803008
5e04875f99a5e4476c0b4186,479655488
542db19bc6b9a1366715dd7e,908809024
a117f625c794b7d52ec67cd4,1346786048
4c59acda820b7b75823fa277,804123136
f040a167241599987e7b0967,808309696
4a016eba4744dd01954f137f,358649376
0d995f0ad226dd21bc96ff6b,736635264
3d44c742b1aa4c022a968ea2,360744736
e47aa2541fb576b9915fd625,757356224
61fe9ea90c8a777971db8384,798109376
4a611bd82c9216a3771ca7b6,811794560
0cc5caa9b48a835c92da7653,1129331200
9a7f24ba55c92696d377bcb8,1080072704
32366fe92222b329e3d03b29,813159104
aa26461420614755c2a52db2,762704064
53a447ad5e011909080c0ecb,1461242240
9d790c8c474c9de2afeb00a2,345260320
dbf200ef5f1e15211e2fc6d3,891942784
b96c9e2591a4cdf9c4e0c09d,974688064
78eb6f51d94a61a967da24f4,907693760
fb338e93dda9159476b8382c,558952640
72536bfda19f78d370d95f26,943620736
7c581e2b9daf20131803eed3,721859264
50cb0ad562ab5ef4e06f84ed,685076928
a24901956dac4ee0e4b0c91f,891806336
c1b386f478152f9be1f546ea,538486464
1f34129d15f992a3b62d4b21,514806912
299117d35bcdd48afa4c2eb0,747669952
4ff6c53c0bcfd1d24bac7ad5,762704064
2e52008bd11000eb776bd80a,1618450432
56b78bb57b2d1f064c47891f,543383616
ef64a8989a6444cc529dd1cb,689330368
078f7c6532204fe046b13d14,1168691200
28c0649dd8b294574a876e95,867259328
6b9b9d28723c7ad176a9306e,972004288
a640228932682c0c04538ac3,1263177472
b19efe9cbc26d61daff5ae90,573017984
dc69d70e4d2713fcdfd93dd9,1248049920
358e85ba765ddde3ac31be33,448889728
5e6b2661bb7ba0ce4776d483,581491904
0b6dcb5c1952dcea931e2c20,548076608
cde84d2435eb1d0d4ffe2a43,757831232
bac550d41b2cbdc6a110ec7c,356259648
78fbb49efe7dc0d8e144ad83,1125468416
606affed5c707249158c4b49,741015232
d44778d36fc789f8b8c745b4,791563136
27ee3504d1df34ee8ae5dbb2,856397376
60bae7a45a084f117eda823d,777472000
98aee6a36f208227a992f9b6,1360657536
388a6dbda422f886e503e685,1461242240
2869a2d2689af65497775b1a,1406842880
19993833220392781bc15279,1177843072
f0efda3f7fb18af1b44d6aa5,1320466688
cb915d1ef92dff803c5cceae,1052086464
4bf02d040efe5358d4a5940a,1202273792
1382140d8fb634851d4d210e,1327367424
b8ea07763f2e1a3d635eb23c,443176320
8ec00d454698c119085cbee7,451358688
30d5185ca2ac2fcda2bcb79c,633068864
d0ea7bcd8cef8588ca50c778,348018816
fe6c19c6f54606a611d412c8,421293152
f22ae3d17c92427f5227cbf7,464979520
92b3b7d8dac6b2f6d5fcfd9a,408750688
8c44d216517f5c59e2611aac,338691712
b85fa4bc59149a7a25447537,388492896
99f10097f39b32a478877340,658445248
44f8d5ab70828e06198579f3,1126723200
1f674965c913f9fe282d07cd,793252416
60e768892afb284b0e5042bb,931893504
8a6d013451e46411d35c2b6a,759896128
6f953b9964d60f6a74c81226,812920896
05076b448cfbf9dede72904a,1132790528
47051c25acf866250b5d3ec4,981652672
0952c73b02dd5432aebdf2c1,391665888
cc3ef2f4fd5568aea96c257e,603542848
834fe4a1e9e4efeefb5aba08,430762720
104cd052884247b14d697673,474913664
8bf61f106e60d6be03799de7,1148584960
c13e387f56342f88c993f0a2,830348992
ae664789baac0c47d13c3c19,954735040
ecd1e3003c5d74a3c7cbdb11,677781568
561cf254aba002fdef8258ff,673585984
98799228c26c9e4899bed65e,1330159104
03025756be203027ab75aaae,910810944
8997555e7bea06f7b90ce821,721934528
e91a3f962129068a3a76d209,841028416
4bd0a354d75759510ab6bb46,814105600
f6c1705a83c039f7a7d46255,690521984
0c4afcff5f5a90cb79807682,681405248
d3222a7545e302bf10894658,962077632
03463535ae93b8b123eaba8b,660185280
360e5cc9ee1282e5a6ea17dc,781526272
07f24808e42c9e11a7c20232,608189568
b80d0456fba49a40fd774e5d,944993856
f865411c20924c43a080794a,777874048
c578eb2dffe903475aecbffa,750198592
d639498fabe1db1236656593,782849024
e6e3bcae6ba114caf108049f,395053984
7dd9760286606c45e6a15926,737747584
2c5f07a9402cc93f4c683759,731714752
e3295e732bcf306a2d338387,535952896
240ccc45a242f80f817b04d9,843725568
a7ff59863f8719590146e71c,766732736
e6477c2014ad081d22f12b9d,707611008
807687fdb46614d9aa139b20,838045504
317d8f9d18599b346639a4d1,701276160
b85acd44e18ab485d3ac543e,652527104
e61476e47d7e7be706d23fee,552133696
270a97e07eec2be02cd89a86,791617792
4c9dc4494a3428435457f575,457809632
26e58d0b13e7f7f5a54585d2,838360640
166e1e60acca831bfad07736,784656704
aa25d9f8737f142b8cfa970b,1026233152
44cdcca08e1e66a1496fac6a,537029312
d75b7730e8c291ed41d7caf1,1014751936
6d1534800bf0ce97197efb6f,804213312
8b13054b3318289aac1f13db,614997504
c6cb6ccd3f5876c9b9e29685,683962752
0356797c1683d002bcd94899,1247724160
558cb38bcb8de04588bdfa30,608486720
0685f2225b939147c8482e6f,514806912
cf1ba56710023ede80a8381e,1164644224
2d4bd56e71f90e6fb387a2b4,1279831552
b96b8e1d636f0c10c63e5c6e,640810496
534be635a841fe21c7a702f2,666150336
dd5b4eb5d20b8b9c813ba52b,255323776
46941e09b153ec19f86c0c2a,1418531712
9f06ad3793ede2ba7f39de43,661962688
b3df8c66475021fc04f107a6,702970944
468df200fa490e667bfaa31d,1001167552
8130ab67c5e0d96a9a67fb12,734723840
f7ea437311c0d217b0d572b2,507463776
ca0b59b35225b44447967ef8,359408800
90961073d9887bc1023315a0,411762304
a1421c30fb33a249bcd54394,362535232
c87d9677bed80b0fe06308b7,388783392
d331a4d58875a393080fdc48,437456960
2f3281ef06475d2114fbf9a7,459436608
487ede1f7f155194b69c531a,408984480
04308f869d7c992ed3ea646a,790954624
912471caea3c71e3f9f70877,908636800
1baabd705f72393167dba5c8,684927936
aa4c66791884ea2a8357924a,531627296
1ce08c19161bd0545eef8a16,536598112
01eb0a2c1033c30830161321,539076032
b2759de47d28e8cc05c94e36,715296640
bcdea05b890394a10d24601c,443366112
db9f66f68aa772fe29e37edc,506304960
bd094081331ab259b1076261,911100864
81e7c8c1894e0c3a9315ff27,593632640
7cc9cdd32c209a62908a18ad,669099648
1e18024ab7d931bc7ab5873f,991767296
baa146a6537e8630180fdd35,671718464
8b788f742021f2438ffbf528,330717760
66d41314804d77ea0f440695,951552256
72dec1e6e65f6117e10a2473,659474368
4066da904062a0041a809b02,603503040
b7570bfc5ddc7caaf610908d,669099648
f6c6eb3fac9658c4951c4222,669099648
5fe25ab9cf4ea071cd6287dd,503651488
0ef36d33e6c378c946b8a65e,669099648
991a94dd1e99de493672da14,669099648
798d87a368f073efafead25b,669099648
9e8cbeb53820394a460f0879,603503040
7b5582907bf47bb9e873a513,807309376
0f21ea53a480e4363b8d7aa9,1067584832
ee667413d1cc49427ad448f9,939444352
12bb70a95996dc6e286086ed,816991808
9e9e3655ffa5921889cd8ae1,1062658432
f2bfe55b6188070fc5c3f59e,1296025600
1f00fb18ad48b32c666fd319,703673600
86f15ce6ea8e97837e6b9383,814457600
7002d00c9acf8b8a4a5865b6,1303129088
3e85deb0237521f1a7a8fa84,1337183104
1bf77cd1c4037f4d2ed28036,875242176
ce8e1e2e4a79fa55a8547457,1354020480
73a8efbc036911954c07b91c,938852608
9a2051367d6dcbd90a4d60e0,1043404416
3804d5b313b742228ef0f1d8,1300369920
fd7b741b96080ca5b964cac4,991268352
c4cf9ab3776289a412684892,839088256
1c51566c7dedd4a46503131d,1326934272
62259b400be228a30a655a59,832403392
e5092b4a94f1c231a0c47680,1260823040
6f435cb10e5728ef45be9f29,1421227008
04a071d777e60627223e28d4,525504096
1117078fa37ed101e9120923,827407424
d56fda10944b088d9cbe1162,394614688
e01c49250329331a442615d6,475202176
30ab0bbf876dfa515b266c9f,624292224
6aaefcb58913bb3f49954b2d,843297536
629a6122db92e378f0eab96e,1036854976
a8549fa4bb56a2bcc0e15b11,454903456
34291b30d129222905ffdaba,677376832
cd5658fc146ae4b5d78fb565,649414464
ce14bec246191176c16c4e27,614348352
46529f0455fd35b2f4a489d0,373120672
52b3823c59546a6ff3de4d09,448737120
959b7ea50d93bf1c36e35005,944977984
5c6edbdf110bca5a66a51585,454903456
d4f6cc3cc6e923cd37d0fbb7,408155520
2865962bdff8929888a51341,986752704
105bcd15e02d39f70ec2ecb7,685273728
b2357bf117ecb5b9082871ca,448737120
273cb73a7bdec0d291e845f1,387628768
1f4cd62152d4940990ac6a9d,626223232
a13ff325f90eb49363f59052,983985856
40871d7ade3e592560d0b3e3,496699936
ad2081cd75928b8f5e506944,1280406016
1508ebe40f90f90a68f6dd69,358160800
d3cda82d1fa53a7ca1b46a33,798205952
dc20d46be2470d85ad9e7e45,486014560
0a7fb26822c2ca556f62a257,649414464
40a1cefb3cbb7e2972e30d97,416488128
4c3a2b3e3d5999f747ae0d53,1147365888
a8870552db951bc4e76e7f9a,553163008
cc48e66185c23195cf958612,741606080
09d4b5b5c2f97ff88215708d,906746816
a59320023948e2d915c07306,575575104
a74214a0d4d40b898ee2be88,586070656
dd9f28d722d43112651786e6,695720128
275360e29bf3309e09ec41d9,375593152
1e21ee2ab4ef88194cc85166,772152576
268c1e17bc17dd646d1885cb,288977696
33e22ea4154e8f71062dba8b,525723040
5b5db88fa09ecd8f4b9cef6a,726820096
c41dfc0b917edb6e6ef7b1c8,800205440
3ba6b07e752fa580f630eb8f,1011208512
fa6db64bd7cd8b0f1c0e2453,886362496
2422ffac7337b402339dc550,966182848
dd6d47e2626e2bf24f842f21,888710784
bb433dc1bd769d684d8b3352,947237696
812ad0d57e4291da184bfae5,593632640
51a0a1a680770b625579e25b,1461242240
a91fd5b9b1a791a6af59b70d,673762560
094da6ca19427f1a943105f6,1140384512
7af0a604d1901925aa179436,603924160
890df90091e14d1c3a1b30e8,385588192
aac17b54a68bd216e2bd1d45,410586944
fce26c7fbf0bc93937ea5198,795643968
b4245f075bc41aa29b55d324,983919104
bb70d80b0c6ad3022160c8af,401856096
ac85c8f7605ceff58dcb55cb,773552256
520415ebcdd1a4059d18e2fc,813278144
81547b223494084af3e15bf3,640058304
a0f1496a0b4a7cd8b850f010,1022624896
436fd4dce2ff0f71232f4b6c,342692416
3923f0e655615aa6b52721b8,904391296
afe03b938be9cf14e98d4a0b,421946848
0f1c472b94feffc41f1caa44,445129152
5b76ae185e6b41243777cb4a,669064896
d70b133f81d6f1c9d93e2ed5,388795648
865459f5342a0102d255fa07,670673408
fea5eb95dfad452d6786b042,441397760
415622d0f7adb1a9f7009a63,616195904
543edc342ad39b149501aaeb,408370432
89e1d01cb5bfdf567faca443,756353024
e86b99e5dac8ed0d8296e950,439757824
2c85b19f02bb3768c10d14fc,553383168
c17a3139c360750a6de5950a,685531456
cf76e6077d47a14abaf0cfb3,675742080
82ad4b3d5a215f17e745d77e,907649344
dbb4260c89524c78de7433be,466237600
5b312ebdf71ab7971f9fd2d6,749350016
b3413352f0280412f53562e0,448972032
28fc5f188c5e11717cdb4a98,609795904
c4d7a906b747428aabd368cf,874245824
a4dec2ce375ab5e4bffa5966,696473792
546d570784c7ab8746bba80e,736635264
cca9a08bc4a91f317b851f11,1212459008
bf43226ba66a3e2033d32fe0,1228021888
c2717194de73e1a1d8dce40f,641743936
acfc06021a7a81313d85f62b,698543552
2d531a26f8b1a8afa511e3dd,692509504
4a8acae29064919c68fc8600,747864384
691b030abfe1190802349715,424742976
a302ef23e1d0d6a273274cd0,490980320
a742f415d6c57e8493762c57,684144576
4672d1c9c3b04fcc87a0ae9b,975027520
371a0ee537001f7a9d58465a,782716992
ca5eecb01282d4a84017bd50,820663296
40eefaf8c26b8b4736308bf7,849141888
a7ff08f7e09b19c1546453fa,785937408
07a6da2c9c4833ee4cbe8625,711675456
b2d32589626abfc81e44cf70,710646912
aeb68eb7eecc4aecd5529717,957552576
3c0b438c7a4fcbfaff9f678e,811641728
c37b357d57918c3a651a5760,599328192
b65c0544e9deed76615a3138,938444032
3a8b7b9048c82797fb01a8a1,956474176
7549cbd5c8003204c85ce1a5,910810944
21b4c1ad11bb1feac4d02308,991078144
b972611aaf1b68340de16545,473803712
eb3356f3856526dc140be7f4,778490048
93ba409ab36d3e10eaae18c1,1070764800
5717732a654405ba208c0f5f,1066934656
aebb556fa6c9275a9b5c543c,1436796672
fc72e535900c592d6053b806,1143184512
04d77c8ade9a55fddd28b00c,820690688
028adaf559a05c8882893767,729607104
95781f187bd3fffa3d1b19f5,825197056
cc2c78d41e3fe29de0b4ec4c,1258928768
f78886545677e19e472fd0c4,765260288
3dcdbb92628e6a200adf48e8,1180874624
4993d1487d78cd9ae2c23619,1013695104
a8a2c61f2b994411af5d9bde,1295790080
57fd11f829e31e198326ac98,1378672896
59b9a5730cc8a41bb7a1d16a,933499776
85b8a65f1b00f78e67622bfb,673058816
971c610e55f133a1d1e6c2b2,918015808
0f9867abe3ea0b9c5363982c,932992320
086521dbe18727963538aa7b,899839040
bda3c74ea6f73407a3c0a17e,738911104
257c765ac81bcf773473039b,638587136
80d2415c0460088d69574285,922377024
1554f8aa4c8fbe17e9e82d0e,859499008
00f6a62599f25ac506113149,1033524672
ae26e4726c16cb2f6a6d3f2e,691352256
8018df1613094a9e4606c875,1062531968
eae4a1cce7c039c644f01c6a,1033216384
b07cd6c30350efc5de211a8e,911518400
5a2624a08494481388f6daff,1151706624
b8eb177e22c63e84738e7788,1073147712
ca02c904cf5eb96ad20705ca,550992512
8e6dfdcc28f830f2696de9cf,1028691456
99fdac6a2ddb1136f7117f0a,473333120
22e9f1b4b5e887cb5f0dbfd1,387412192
d89f812c7edfeb3121bf639a,856025600
19957244dabc3f727733527d,491440032
ad1322132f3b533b4aced580,678686400
40c2ea5f89f5b77cc09d1455,607286272
140c4de69883df9f3fb3a538,407528000
5529091bcc05ba5cb2156b15,769046976
55c5e58ec636586755df3dee,581881216
6049fb02c166ec9b4471a7c6,569266752
758b4df32244a51b2271a891,583537600
2ed1ae5e6fa77e447af230fb,550710784
527a1c27e038e45d2d1fcd9f,676420672
1d0c3ba50087cf01637de6c0,435469600
d0804da971548399183ecb85,1126723200
46a7d0f520dd1e78c0cbce0f,1126723200
57e5120d0b71ec6a67746a59,724532608
b5292c1e1683d40be46bc2de,992826240
01e9c7531cf3c63c04b9189f,963247424
06e91b526821a6ad1372fc44,413143008
34bca71dc9c74a2072f11e9f,995580992
22385ae2b3e7640e8c40411b,642069504
6e4adafdd872a2837921276f,428431808
8cd3031963c612efd0049f8d,671771392
43b2fb09efd1593a94b61b4c,635131008
74448f56811e9562536eff6d,1110186240
44f0e088fee626993778e7fb,532505760
6e6f7fa167c0f617f50c86cb,718067264
83da5fb4c15e3daf727a3cc6,888440576
b45c8a6224ae2656b4189526,812107328
0d926a0b5ef567c627a7eb0a,1077525120
c73a1177d787a5ed72b8a9a7,259126768
75c1083db5c940e626c02f53,617723840
b925c9218f5132c6c81f3a18,569340352
9a091c59b3cb4c730372b34b,683254720
bcc704b2e178dd20497e073e,448889728
6f65de020f663622146b89aa,689126272
9f3680d00c86707fba024dac,807620800
18d5cc463455fdb4d443a6f2,579461056
f1d76d78f9266d9552bb86f2,730839744
74dbd25d407e51337f883659,908707392
88ff73eb829a6ec5bfcc0222,1224614400
ed5559fbfaba86299e87ed89,930236416
5d97aad3e83e26b551c3399a,720207360
2258ec00dec6a2b85f439135,720207360
6c94fd185169e708a08d3535,498721824
ddaa88a11432ca21d3eca774,599299648
2749b5cfd2728ebdf124a0a3,494275616
a7546a6c6194506dffd65360,661962688
6de7bfc5e8149ebc40ec0e4b,466951616
6f83f14861e13af92a2b8cf9,715244352
d71d0c8357f09fe2f77bedde,750092736
90b28f5125a0b8a0e3b10580,1068991296
940e08f8fc66ac29f6d76687,824276736
41d2864e1f73e29f222c61e0,1235041024
f7399e57df358ae7adc9e08f,932886336
1679719f26e7c650f24eee6d,1024631744
0803ef3270948a30b3fee2f0,668593152
4a3defc2b7d2cd751c9c970e,1199029760
8bd2490f83568ba653cb74f6,1220694016
b4ffd0a2cdcadfb962578199,1117277952
7e5064603267b61520d8f83b,451609696
88964e1202647db0519a8a00,750046720
f3d94d0616744b87ff139533,455283296
60704a08df293592e4cb5719,790663552
347d5081f7bd36c8edc1f352,1384081920
41d3afc1118758b5314db48e,613965696
80a1dc97797c41b61f46ec6a,964350272
c0ff8812c1e8eeab07c698a1,640589056
a9a4a765b1daec2f3ed59a80,859155264
33258f995a375ca192ca4d3c,929556480
80b6c823bad5b4c0fff46657,1052448768
719055eed27f361071cb9eca,1043924480
9a354d8c526efc5bcce59dca,1271671168
9850d970fe9fd9bae89f09ad,887689920
f2c87b07466aad7328b7e0b0,811587264
27ca0c2320c520342717355d,770557312
e958bd2b19db118c31f893cd,770557312
46dcddfc78444011abd29870,693179264
061d3fd39da1b4b1397054c1,674579840
3d1a8884a9687e53e5fb0bb7,828442176
1c0236d4bc291372483a9151,541761856
c1420f278d45b85c56f415fa,679869440
ce6fc507df0105c68c29214c,406895008
e4f26a73bad4e41c375dd897,1205300224
719190aff81379902beb6497,712246400
da627dae6941b59d1eb98e35,720270720
2189d3297ea703e50ec34d96,917609856
c7205874bee601a7b01a0cd3,856832576
a22bc19d0d83b13a53630b7b,443889568
8acebaa9fd7e917d7e3b391b,490753984
4e104916ab915cf3c0bef846,860489664
b0df95e9fc94d9aeebc960df,895032512
ab419cd48b81038c5a30c721,557293056
5b9bae6f556700e099fedf08,603931968
989360149d9cc6088391db4d,863004352
bad7560aac04600e1ec1a9ce,765260288
08d9f04bc4ebdc74e9d80b16,802547136
f4311c45516bafcfe8864c70,812116480
c84e1db639ee43ad83f930c3,543383616
f778fa43c92344cfbd700432,729862144
2019bd32dbd09fa285a388f7,694853632
4db834146c4e73b515d510ce,503448384
9f9f2548425519863e2cd6b6,656309824
6c3bb7e1696df587990161b1,641915648
82f08aadf1eeaf2058b50592,804538176
753e74e4dbefeccf3e6b27fb,511823296
a26149f589edb9a903782a3f,695645568
bd264728a0464376e22b6bee,716084992
2d5564a502635dce2d46ef8e,869346432
05bcc7d7db8d352216a4af59,920563648
4794d9994512f01a4bbb6c48,684548032
64a4528640fe492865ebc0dd,1003092992
f655ec98cd42b0bf2d7cfbfe,816744704
b09de5f1e028d4fafeb8a22b,1004564544
4c79f17573007a39bb2b4b7b,585096064
824894236c20b081af2c9868,693080448
107e76f0c913e19217662faf,1065477504
d5e2bbb69ba3876b93af2d3c,1274172672
a2905faba4c1177603e6cd5b,1492058880
d13e3d432783206eecb0e192,1069364288
6fecee4b1e5f50c0b27dbba4,1367676032
57891292fbd530872cbe68b2,1301522944
d0d6a1b5c60ad420ebf2ab8f,861718592
711736da4f0e8282fc8c9e69,1244893952
f32a3b542efba398907ec912,492878176
299a94a02e887c6ab1de59c7,286919648
ad844bdb1150508a4c6d57b8,1117580160
78c17e6ceb87f7587364c873,634874368
22e8713e2051c88cdafe2364,763356160
79c5085c14068e492e402a26,1159408256
205e9d987013859f391b27b5,929122240
36aa7d0cbfe40adf3c86a134,860609280
d54d787189cc8f014ae58aaa,816544960
fe2f1459eb0a380dc31e3a4e,993149888
ad663952ff2ba1953efdc460,1038027456
b7320c35e90f33fbb1c28813,727768832
8f90134b8e68948cb18fced1,630178880
2dfeb06300828182d4109c43,800742976
3f5a0cbba1433e9b6588dd73,599766912
f952c40e24c9df4ab2d62017,799994560
462c7546b358b00e617ce012,720641280
e0df3391aeb8d3f4b00f418b,612793088
1e48878318d35476c3e87520,592960640
e3903705d5a48c6d9f828ab9,658765056
9e590ad7d22105456bebc767,940703104
d0fe3d393eee5c0cea5bb6e2,829055808
57b3791f2c5acffb0097f7c4,684912256
e11f9a5cf9d6ab0ffddd6096,955935552
9a3920f803b087c29b487cec,580775616
6cc0fe8ddc318f1bbad360c5,1040961344
3e0c656b64d39ab38201a112,468153216
cd55abdb54bd56d54b11fad2,1040961344
7cd39eb8de56700519d8f287,688244032
d762007a4ea5de370738e875,747153728
f4fc67d9b9c6078003f9af35,839814400
dc0a4632d7378c25be351760,1105066240
530a3bae5a13291c69bb8474,440205792
32b678be83da2a07b37f3012,666184832
349768047d470d2fa6ff1930,738635584
e017c3311e2fdeb50a686547,1144022016
bd0329ddd50f2dc4dafebd26,1288297600
f6252e878aef5f8a641c3d6e,637208640
45ae8ffacfd00fb4a4f53d0f,1000216448
d186e369ed884150e71906da,1159121536
7b9e6b7eb3a5db0443193fbd,775436288
1ddeeae13139b7c9ada353a3,496374912
a1ae6f9f5d02548c89b23904,888710784
dc298d37c5235e15b4cd68a3,699200576
f640753edfd8fb1a995f1de1,501770912
69a1f439de0f06e1143a0006,799990272
98f253233bfcd16533e2a448,1144022016
ece6f8c652d4227370ef0fcf,826762432
599506739a6544839bd97b81,839088256
a12f49f4ac3c5bb0dc7d8d20,572559488
9da00f8ff8e19d26c1342274,1271261312
cf5213877dfb4df98f0dc10f,568630336
84c7006b5a63add890a224e8,737397376
88aed38ca59c09e1a6202672,672564416
e6bda9370c80a5f7e5cb6b07,908423232
3b54ab53b6e3453e333a0939,376693952
e72ff7414cceec6b162df345,644343680
f2d4c1faeb7694370bc65ec2,744841216
e1ffd027cce28c44c0d2f80c,965210560
5c5039602efa36222e64108a,959328256
b50f2c871166ee1009416be6,797812416
5e7e36116dbc08932f5fcbf0,895131008
325ce336d3df17a078db5166,827392576
a26e967b288a1eb6d8e71d46,374422624
139331d23d9e3c40cf083a7d,814506944
1704b2d5f4a33401fb153608,381626880
ee70354146295365bf241d9c,757356224
fbb0a76f05908c118f7a3df6,354927264
2aeb794adc9892354aff7240,267003472
b0a32581cbb586f9710dc3e2,1169390976
ad7f3aae29fa1e7ec900b563,1040961344
1695225258263bd2f463b21e,603234560
f72fb486fae49fc1de1fdcfd,1173609472
6b8f7074aed7ae7e6cfbb090,1081602560
619dab52b321ab297a604185,1259472640
b5bb9af24f9de68e91a1df76,1461242240
ac3d21f51637207d3e031c2d,1004564544
2aac28d03c2110d871b5f274,523789760
9ef498b11563827597c82947,649933440
4f2ca698ff03df0c6386e48f,908636800
606df4826416ea0f146ddf99,657905792
9ff08a6ca1c63480c563442c,1079662464
ec27554aa1c62314f4d46fc8,504202880
762374e94f17a8783a66d598,716084992
83ca3a41ca4b5337107c197e,667881216
c166a9293fa27e910e1fa9c1,717042368
57f8a1e37c4ffb1b8cbd342a,653638912
393d99ca47315ae98fe9e7c8,1303299328
9bef4aacc63605f2b2b62292,467459648
a266efa4e41df357ac4edda4,1377798400
adfdb0eda9aa97f0d3005c4d,912542144
f05aee3e433cb036653b4375,1037138304
2dfd1808bb95170a088deac6,748336768
dadf0a00434e8ceefb3e26af,930229888
4336ff9b2dc1d97ac8f9694a,392477824
eb14a5813f860bb74740da2b,646996224
3d580d0df1bf9dd124c282c9,861567808
49bb5311607e4c7600caa03b,589092288
78a39ae05ac53535ba0fad2c,768218816
936e18fcf06ca3c46eda7c8c,601401856
23f12add67accdc9ed40f59f,614430720
eb1b9e15dcb88964f79e6a4a,454218144
e2b7f984616fff25e3dd6a3f,945392128
b8e2b98548a234a245d7935c,1139318400
79382c56606e701e44d55033,1280296832
983874e637a1a5782f31089f,685531456
3da9de8f610e5c40401a5b78,684354688
cd69a049dd8a3822e228ebaf,956474176
604f1b5149f770a8f370fc75,377707936
0d24fc1c5deb78eb1a0caa51,716635264
583af1118e60e46c347ec593,1093543168
13b181b46359620191e6e4c1,470575008
50d8333064f0560cbe549f89,711416640
d9000c1afed253d05de7819b,601729792
792ac070d1a314f585f09987,726902656
3e874c25176a3abb336b31ac,823724736
419ce7158ed62eb6897cf09e,520477024
b6b87c05c4238be76d94da2b,391749696
980d809e549333b475477bf9,597926016
a7df3d344010d5bb7dc70bf0,401885024
3d474c6a88ceb86e00f68b3a,525598176
be4bdb73add69f12f7aa6d06,405529856
fa5234ddf23dd0d9cbd3cac2,750834496
91a08f81b621333ac58c3845,671611008
702aaf395bc78986a008d70a,941705216
86b0c9c1277e9143ee765b43,654467712
9c2c22e70cffe6836f554f24,525691488
31f56b841b122b35615bae2c,547713600
41227dc9c9948a5f0688e426,675153088
781989d4b732f961f91bc3e4,801369472
cfed0221146f4d83d641e1aa,808303040
8ec491780efb2c27df8dc08b,878582400
8a5866428508658b4a2a4cb4,736087360
156dc81d6e14a71716aebcab,569109760
c24be8293c8f4080562ec0fa,452491744
7fa11c05ed1c123c1a457b1f,830982720
a63c36f6e7e7ce7c7e7fe457,860395968
f9bca38d3e08176649504e74,1141785472
3d389130627ca7bade643f47,704842432
70314b0bd995a4b03c771ae7,550331648
a3c3c9fc04cf2e2a051a12e6,452491744
4cbe75a162b076c4c454dfe9,548838720
0c62d4d501a426cc8fde0c36,711546752
533363375cf2cbc50d86773c,677341888
21d0f28d5f30a64352e60ac4,548598976
471b5135fced50f7cb4197e2,814375104
1c7586fd8a1a38bbda9c92cb,488034144
a0f28aaedd12f3d0eee8c6ea,696578688
8923182b6dcc9f2d8be1ab53,679422080
67f694b29bfa494bd9d9cf44,964018752
b721a5846527d5338322c9d6,820711232
ed09fe201c9ab02a91779dcd,741421056
f49045b312d12268eefedcba,672156352
22ae194316f34d482bdf404b,452491744
4f450ba5de4766e5ecb8a4a5,506985344
235a2209cde8f8b0276c845a,813174976
f563f0899884de7f9bdab405,1222323200
5b462279f602c5b67ada82ee,611307520
fa4af69aa064a4306cb110d0,836883392
a70d32ccaa78ae9417aa7e4f,506304960
77c9e5e3a6d965ede708cda6,617616256
5637f3d3278ea049333afff4,517898016
1b1c220eb91c9448b520b76a,740241280
f4a6ec71ad7790df9578324f,428470720
217e1715fdd5db76ce93cfe2,536941440
2cfa1397c901b4e940d9f673,545997952
44672de0d6d9d0cb3b4ae938,608088320
1c50477e5b3a67f3d8fec62c,676987904
0a2a67e8b310471b115c60bf,692197312
06220a42e68510eccb4d790d,639867264
611a3e1d63c6ce5ff8779243,632086656
1284d7ed08122731aa7c0461,630496512
d44eebc871d1fa6981c32ccb,1003522944
43272151f217feab78190393,782549824
6bff92260afd556a98d3e3a5,744587008
00586a92b53f4a8f9f6b3022,884110912
745e7f6a83b55196f231466f,756512384
9c558e10e5bbf230f16968f6,1110843392
1b425a31cbb73b713f291e19,754247680
076ccba20dac8bfcf184b8a8,741724352
c8fd8b729f4ac6270aff9c9d,1001435008
52f026e670e9851b08c70542,836520192
00304df33a3c9a7e396ddd3a,807436224
ee27eba49457286b5ab76172,816020288
97b57932e5e20416bad6919e,1313568768
e570c5f58a20fda42bfb535b,610452032
79acb227b5ea365414982957,729486144
d24258de8d2ca10186660a1c,840043328
8a8c202c069c20696c2de85a,706880640
40f301afabee5be092ba20ad,1092009600
afa842858299a6ebee166e31,741724352
7641dcf512a05ca754930bed,1056028288
8c9b472c55d4b99e44041de5,755248896
88b98c026b7650192034535f,941056320
9bdb1bc52a9ddfe92e6a948b,701989056
4abef5720fd889512ecff70a,813604288
58b139bc16fa2731e4b76f28,790614144
9ad9ac8728cfc2387285c24f,689512704
75fd5603c4de9678627f81d9,1121802112
9f4a25a5550f016ef2370229,863082496
d4f4d0ed36ac9affd71f302f,819771200
51bf7bc1c19fcd42e71f2463,835621184
49ce19caa1325233d0de331e,1313648640
5aa1667bc8db26bac1c72f5f,821443712
b43b36ea4f81bbfd4dc4d781,1032666560
2a623b33f3cc1f54620b5233,860994816
8745eefb9e2761ff7eef558f,898892800
0e49eaa5cde9375b1f026820,809012864
f5acbf43add5776430d8d4a9,944962496
ca50f7143937a99accef865f,1417228416
0e1bc8ba1953ec8c28e53b9e,568828928
980bafcd065c8e3d6cece127,1222132224
c81133d5a58d7e8eebb10c8c,1045485184
09656004f0a7f544580958fb,1004099008
edd342f84fc90478e344ea1f,622881152
76974826c758eec5c255c5da,534054976
63b09e45c1b7dca181491030,757872448
89952b237fda041b09f0efa1,1026127616
219164e1d9b14cabb9bbb8ab,687056640
ac8aa244c21a9b86de4ed599,1140499712
92ba222e2dd63a4453a30637,1106249472
bfaf8b7796c8c57bb5997be7,1056462464
dd5a565f854eaef90976c5fc,826958720
f8ccd21343b112d8f9e7123c,732443456
a90991f865ac81cdb3de201f,788404864
fc57fa9bbc16d1b8106c2c70,1120413184
9ee3218bc61636cf0d7f8107,763091840
c00592c7c0c3a863a1bab9c3,711426880
f0aa18bf86a36daeb59946e8,1160704768
e186499af986f1959f729b9b,774645568
18420ed4661539a2d72ff400,893342592
957731b9940c9131d92a22fa,1069783552
9172caeeaf6498737fa0c6dd,829279808
c798ea36d2e4a8119723eae7,975107712
eb963f082209fc077aa72bc9,1126054912
07b7ba964a8e30dc16d66443,1007975424
7fe364ae771a7689d2fa5584,1266020608
c59e06a2ed37fd750cf39976,1113852544
ce03d8ae43a426e074ed35f5,1176411136
b76c45ccae25a06dd5fc432e,872144320
f855725acc115bbbf03bacec,1370104576
b0b0db3bbe07839bc2b600fe,1279676032
cfc8dcf337e020b875ef1572,970842880
390107256faa08574d7231d2,1307751168
fb10f3b45e865b4626f65ddf,924243328
75f167e2273fbecb2c81ac0e,973566656
a7b15424d7c025d885636a72,1051476480
f9c11e980254045d7478f273,1031789888
e0b13f6dc213d05133252d15,1069364288
c12f362b9060344ad044cfb7,1023584192
f872f224d2af413cd104f24d,1110565376
092045750c36a8945c526a12,906219904
5ef33cf17d4b45277edf35a1,679581376
fc64387d7c3c91a6e6e876ab,838197952
c1168159d4e2fffdd5662757,460978176
cb604e3a56cc847189462004,1470568576
9e95710c61a4706e21cf70b3,1133965184
ab37f67a3afa274e719ecbd8,441102464
970cb360eb64128037be7e23,817788928
e42fc32db529e088f15cec8b,1011208512
8925028d6e7a6cfce9967779,642123584
759e76e38d84a4188dff5446,795605824
83a376df2024c4c9fbf2a0ca,471078784
a8bb80d99280e332084b3950,709024384
c16ab4a11cf67a39fec6f049,926139264
9cd1127b1bc10db6b8ce5d4b,1052086464
ddfa979b1d7cdea1d7dd0a86,327264928
d78f7a1592c0779093150ddc,941864576
97ce3e0ef38ad12f7fa8c4d0,569340352
5c789f2834a1a69aede6316c,837100864
c29ec380fc7295a9a770a74b,448889728
5987f6171a2bcb37062ccc94,786429440
1e91de6194769980800b4de8,1174528640
0a0f206f04bfb10c137388d3,1257165568
34dd15023216e187daaf5a07,1105066240
33d2d1db291a13affdc209bf,689288640
6fa5e5160d7c2bed824bc0d0,1046344128
8c04aa7506b8c80c1bac23f5,1089708672
e5d445e39104d9ee6b244822,1075170048
2ca6b3016a89139ec7590f9a,978100096
e567e9e5862b13f0085505d4,521614848
edd1c4fdbef4e6beafbd39b8,644266240
039a9029c4341b1528ca6b46,308712928
fa1533051ea4145f7f710ed9,537103552
9c99a85c5dd878568582dd9f,772186432
9ec426691c80918203394ee1,475514016
66f58d9d1e1eb7e81cab24a2,1166272384
0d0f8ce05ebe99dd3bb7b23b,880497280
6a65986cecddc5c47fbddb9e,699983232
a82fc744f537ddc6fbd16883,778772864
d4c40178c19d6cb2fcc88e48,649710656
4034cb3cb77e9cb39cc98fc5,722942528
41ae9d3d280d4eebe510606a,638203712
4aaf6763c105ddf2a6eddbfe,596439872
633a7038a23ffaf4b3f7896d,1122816256
2a531aa9576c5f91891cc8a9,683407552
85d58cf85a179e167428ffa5,1127234304
42f05e5d4862d653efda75c0,810778112
256a46a6d45d168169f63aab,792474048
4b0fba692104472b36c38c3d,664238208
253c85b226a15d0ec2fbbff4,570435648
b0bb2299d5f456f800993a11,477648576
47fe78f6299f757b231be10e,895843648
4d09ece928ffac7e7d270bd8,357398912
fc762d2d172737cabbdfcc75,914620928
2809252a96f47776d12021af,992031488
29eb473852b36dcfbda0c702,992031488
231c050bebe12f568ef92afc,630200064
acaf9e18bbc7295633d92e01,677338304
860435300909449c0443c10e,872253952
f967ad5e086f485c27f09990,1224614400
678927546243e932b48d6058,1085400064
c537ea2620b8c3a3f013c0b9,1141758336
10037227b2a24d9a72ced322,756551296
1b4b3662ca18e731acc18928,1291409792
e6717956eeaadb3e95840256,1069004288
ccc4457f68fcc1a416e3acf3,721276352
94d91969cc4b9aa1e856d801,622112000
2cc821cd7b5fa82b27308f87,416831680
f05b3779581ac0015f29571f,910351872
dfe09a5f848e8e819c361ac9,599463360
ba87ed2a657b0b042a05460e,825199488
f967aa89a4440cc1c44bdc54,472552064
81fc8d666c8735e1095d0d4a,1288725760
fd8b9540f1e9da778d566d25,583143424
70baafa9789d2fcf1bc212bb,713473024
4911f8879e5bc9c27ac13bb1,390372864
ce53f3477814fdea2889cd2c,597834304
62f022e19ce6608919eab5f9,714909888
55657bb933aa2ea3083e0b90,594160256
808dd470aed6064f02aa5103,506293952
39bc028f3b42d9ea48808ad0,559556416
c0c01ecbb9189d77098659b8,438761312
57c68d470f6248d00b6719e4,1024631744
26c66cf2f43bea00e6387326,1128264960
b5f0dfbd34392f6855bb4b52,699244352
25202264e18928158b89278b,967147136
e93abbb49b24717d3a0767e8,960197824
906e1f2e1bc5cd51a55b0266,1068991296
eef1d35ffd08dd161a36a2d1,1366412288
35e0cac576415a4e61acec80,929122240
53ebe061b85f046ed12ee9c5,1235009280
059d77736dc72013de7767f1,670169344
17d7986a62e0b066e4e5530e,566022592
8236c798dbffb3db51d5d744,382594784
587e67078115103d184970be,384405440
7569fb4aaa9a52d6a525e3b0,442861920
db122cadb7a9c33f420fe246,446634080
e852246b7661d30dd2e1f0ab,412829696
f04eb16931448e87aec205fd,811878656
90e858d3740d4aec0fa21c12,723634688
65647ca6e47eb2b9ba20058d,845994560
d0792d22549d1b3f63baf3ad,413737152
76c4045b5dad9a8226e9244a,490116896
fac4f0bee67523194fd4312f,716291008
ba89ed56d156579ce288dbcc,633938368
adce397b6d1473b9b6d02865,791766592
f1a924badef699637ea8fcc2,874136128
3bdce823d3b96e8f0170d96d,765738624
439004dc23f97a878ebf371a,827171264
192e05cd731950f91fef1d83,1610540032
5110c49047db23ac3aa4ace4,915433920
f4f7bd9d03eecf35e9f37619,738532928
141dfd80a005f7b32bf70375,985513664
08513fe1cddb2cad74874a59,435159072
6b23aa3ca5edd20134811cea,630200064
0fcab263453a9f196468e552,593744448
127e08fa99afcaa339eff684,804336512
d2c46ef63db73ba3cb7e32a1,675717696
7c50c93bc9e8846345892c12,1026127616
63698398738ebc7ccebac817,676626944
417e974a3f0d97e502e49800,1215865216
6483f2fcdfbd26c621a527fb,1159205888
3b739666f401ca6b2135652c,1128178176
1b750e6e2e92e8222482cb46,877791552
dd34882ac55c57480663f7ec,1024631744
026c6384ceba017c5f2cd66e,483591104
3f4272a3a4b14ce152fc3abb,612752640
5cccf025fcc0a7d9ea01b170,470360736
c8d179013c5bb6379693ef03,801787648
8c258d10ce32150f5fe5b712,998126720
eeb6fa8f820ec63aa0aaa303,1068991296
ec8b305ddc2bc211a8a05d0c,443433792
5a84e6d2ab8db0fc60775d03,791729728
015d17895f32e2a8b616ca1b,638136448
6fa35f1af6d51d341a3165ae,784241152
17821a9cb766b0f3ecf24e83,614681600
23141c17df584746755dc508,474218144
00076c8f390d5dcccc133309,744266944
25488b1c8fedde6250b413ba,553560640
5ba6b4953759b45cb83512c7,1329686528
8ea02baab0c59eac6584f62d,1163429120
b5c34f90096fc88b8ca758f2,929122240
35bc25d0f9de2ed4f714fc8c,1162117248
8b0e1911b8ab8028409dc9fe,1188387072
2ba1672e49c023258d262d1d,687321344
2d778563921376962d126cbb,1084729216
bfe7c873b2fbad871327994a,839509312
72d0f19409c85dbe32cf6ec4,1222211200
d406baf5cc9b4473ae9b8426,419131648
070912b7e5fb205918c1f4a3,393803200
659abd72d12756ba0670f466,659474368
7a464b948b65544159cd0db0,912413952
e89774d061d50c83b409a071,620361088
fd6b2efe5da2c35058333bbf,652076160
4577c1623c8407e95e893e63,675981184
21adc839dec9e8efb128abf1,757356224
aa843a050ebe8e4b3a04e9ef,1192735104
0252fcaf7bcde09274d34be5,738635584
46d77c92811f0c87d2d4907d,1278842368
a8c662f906075eedb098ae5d,696660480
b8b46931b93b7750e0d1ada3,588963584
efde559422ec1dcc55abc686,956665984
339bc881458ca34bdcb771da,971145024
d7ad6527cae719481f849927,1079053696
df3abaff81c430b4ba85d4a3,811920128
bfd2f20a7bfb0d865d7f7193,1461242240
fa3ee96e6b6ffdfd00aa335e,1338577920
163228979751798ded8c3fcb,440272160
3578144f12e13e98e8cb2480,274392192
7136cad475a0480044707984,859077312
93f5694b4854068f42ffe55b,751151936
51608bf64739db05c47a3bc8,746061760
6a01b6d09d516d67f4a2fb43,657311488
5f26f33bd89fa7563ac6873f,457789984
aba54b001154ad881dfeea6c,392809120
b2eb63e5da917ce649a72142,463624544
1427aec89ee9564b95e93cd4,437490240
a0087db5e9e2cdd6073021a7,728337536
4396f94f7f3c403c43d3ede9,626185984
aa703cc78a1ce659901e711b,652892608
0dd1bb83f0f18af30da139f4,843609024
37efd3e2a5b6567957c62081,608145216
ea47ad6335e74dea06228b16,549094144
8a975117ab302b77ac057823,678134848
ca5949c4bcf0b63e5d1be784,649910592
e9f3f41366d5d784c2928937,731301888
7a9c505db21b777203d34bf6,647597632
238cf9f99c4b01777a97f82d,696041856
385fcde12021f4bbae6ac2fa,677660544
d9eaec557a7a6674565db1ac,987770560
30b0c440c0bc8c6005855ff8,707243456
09feba43c0b8f3560fe09be8,1024219456
2547bcc87b618d3d7e22dc21,689528448
1240a616080d6ba5459335a5,1243814016
7cbc8fca4f84908ed4e7192a,1017574784
151a16e94d538a7a6d658ee0,595462464
a8ecaa9120c6da21229cf145,952967872
3ca34fa833e6ba10cb4b1944,751611904
dca2e851b82c512f01611ade,1076752384
3747996611a842c452865a9c,879404800
3528df61a44a9895248336c9,779589824
398a67970cee5dc873d71bbc,1162523264
1ba2c2eedb352ef9bb59c638,811217920
f6f4a467f40bace72ecff598,1425752448
b2af9047dbf58867ed0c42af,954898560
012b8d616667a6dcece0dfaf,803169088
0b117f10e699f10f97a7e7c6,938852608
8d5192b6208902ddf4804839,1146470016
b86cad78da7bf06b5ac39f99,962845696
4cc8c95dee29e43463a8dfd9,586231360
76846ed8b7ab36821b848f2f,904139200
5428bf7f37a94ce9fb2dd435,843926912
b22c39c3df7d8e32cec2ba43,369591936
44f5380847c175a42becfcdb,1083827840
fae53fba5d405b2e6a3abf01,382746016
3b52bd5eee5ef8e3871dcb3d,1183354624
21eef7da02b0f2a2fd987135,1042207424
1dd6b0ade195edae38a4a20a,702563648
f359afc7bb50cf6a61ac63d6,480302784
b0de107a8cfad95f09876eb2,1067638208
2e8c76f4ed59cd3924f7136d,1076801408
06a2efde5244f7d653ddfb8e,735470464
f72e2f6cfbd32d97bbff3ac5,724592576
9705748d2bb061678a80826c,1229796864
9620068cef0622c404e15960,594444224
cf2e8824527989d3cd29c058,737010432
6e606a7c8bc632ba0ba37184,688669952
63fa384ea296390350f23d7f,925405376
4d3f5e7ecf4d361d7eb55f5e,617824320
e31a209077a3e47712588730,803788416
5f18524e839c2987594a11a9,952665856
def06f49a0b8230ab613db94,649389952
faa72370e4c7718964930805,649389952
983503bb75d84c410d1c5d3e,1188786432
30f381306494ebaa760b990c,559600960
5e72dbafa642e4f416e6f01a,831777024
3d5ece38670c1c96df4cfff8,559600960
1bd6861d451d128c8bdb72e4,673005376
072a6f084d31a5a4be4060dc,1138868608
4d8deb43d663fb079262708f,1501545472
f00b8eac1812a500d7a732ff,933015232
77a62d5e2c89da24f66a2118,781509696
961886897eda4b0ce54d1d82,1160795904
6f6c83ff891e43b7c84728e0,990122816
ca8c85e8100f64416146368e,1091834880
24297f4a3e14c24c941e7720,1142727936
98d7f0935f021acf313630a5,867257792
a362533eea6c235049bf3359,666211392
2ddda0ae748b38a6258f660c,1117380224
b18107a422b9eb6da9fb692f,929882560
11cd643195dbe5dd4567b62a,1079854848
c9ee7f0666429c0c15c37499,862703360
c386d1ac4fa8dcec4cbf9788,1050033536
21e0bc9789139640ea33ed09,1168688896
cacb91ac1b835d62422b8a8e,951796288
bc41e69def6bc7490800c4a4,528046944
7a13669d2d7ed2e50b80b4d8,925438144
08dbbd8d672fd09463c061a5,473480096
cb93b0d5e9a26628b0462b14,734154368
d6a43f209f810455fa41dfd6,959883712
ed5dfe95f82f4c087af07045,640306048
02060d2f56e979a61427f806,758511104
88ffa9f0bc3f6c9f2e589a75,1564117888
b48093abeaa178d1f7fbd83b,823036352
b42734770dacb7e580a6d742,910810944
d3aa845e96d22f31a3656aa1,385263072
becc3ae7a71d597bcb16d261,849141888
8dcfc24742ba669335a2d65f,782716992
45e2411d38589a2d85774c5f,599328192
9761b0f43949eb5307472ba2,1143184512
e07035cb49625760c7da85d1,639603712
f88bb9c5a471504c13d3616c,445129152
4bb5265c6e63449e5fbaa270,1062531968
ac73b8700744cb7835f328cd,473803712
a632ececd6a023aae8a7b730,742993088
858288683063dea9d5c57420,678209856
d04f549fdf8f34bab19a171c,421946848
6ed5fa8f114431d158d35f43,675742080
f849dfccaa8163d24ed935e2,1033524672
bfde6e7200fc27e6e6f1497e,1258928768
59c11d3de7153d2605cc2273,938444032
33ddf4e1ed8c864e9db16887,765260288
00f5ba660a4fcf6ddb96220a,696473792
a13004b87c6d7e7bf6b75730,825197056
eebc02ff14b6d270746ca055,820663296
65ba6e178f3565a84c6ff973,957552576
a57f40f00f80abc7450aaf9b,956474176
df37b916acdce817865197ae,811641728
b5c074ee2e2538aeca099fc4,691352256
004c9da9ef1b3b5e309e475a,557540416
c5b47ac5c4b7476d50bd56ec,711675456
778ec765417db9ee48d697de,874245824
b287339babba162e290d0fb0,685531456
4d35e00e86a9d508d82ea90a,670673408
0dc2a023fb6c5e0b92d86ae2,596067584
5787d7c671378e596edfb58c,710646912
8595b5517cb3f1ff8094d67c,907649344
f4d53276bdb5899c6f059c67,729607104
9562ef63320854bc6f94b5a4,571700032
c04e72fb6244d9a9b28322b8,896655936
3d141576443a97b0202c9672,1248737280
7caa4bad394586a46dfad854,1023431168
8420bb74fadc0c8853cda025,659801984
b274adb68a37458cc5181fe2,1084300928
8561bc940a91f029147430f1,786429440
258a968e403e747af5693a3a,1083644288
0de34892fee879f449facb19,607587712
9634cfebe7e6b095f0065ee7,1050698688
1f3544c9f47bc00fcdf59d74,378426400
e3077f6e47d130106e7165c9,852691840
f0ce47907c3c30b6b5e990b1,881115072
1432cf7de2beb14fc7603ae7,841842880
60f0df18cb4324ce5f4bf650,814457600
7c1dc421f5a689aea5babe4c,833349632
020dfae44183c65b708727c7,475971552
92a9c07259efc617e7d58f9c,515237440
18531c57f6dca78763d360bf,676464896
dacd62440872b6e94ea56fab,381947776
b607bd072e8293d6594f3829,714779456
eb86c1da60250e5559fc3cfe,481461696
fae649fc7256b9a3ec036583,553989376
b7fa81aa571906a93e9b6cba,810839936
0823be832fff81b3f1291859,576594304
fca3a0fe5db369235960d285,497747264
496fd5c93b2a578d970ed55f,377810336
9c63c6c27c74c03f071385e2,841508544
6ebe90f7140b738b3696f086,462722144
7110d6374f3fc282e4f4bdb0,537103552
d33994c75d98941acffeeb90,1078256128
b8e8d84450f5e0bc8a721c94,1027073152
cba57e3b393b3e392c7431fb,1326598144
fc2ceba651bc629e7f690849,848616512
857761b5fc5c7d101cb765b6,466956032
55f67dd7302b68477e803399,784109376
19f538269846412f3e150a4a,1437426176
75e0fa8e5c83c49d3a0dea48,1379058688
fcdbfb9e15352cf210cce7cd,930047232
c2b91ce4b1bc8c576a0ce1c8,886820864
73eaff92528288fdbcd61e2a,1002170304
f6544a1c169aafe6c8142907,1215526400
cba9aead5bad82b31da51e6e,1310982144
b239bdcbfae846bf74791728,915357440
3b823e81c5378ee3c977e863,581677312
1b4db5fcd1f92d3aadd5c28f,591602368
b50a6b85399ea2c6b5c33405,539076032
1e6176a558f301d81bb050f8,818623040
8bcc1b035ea93a5192256b37,739427968
71a3f0980cdfea0ebb869935,543341696
8cd0345dfac13ab380240b0d,581677312
e66b2c71519ef8756db69b97,567796352
c843044c1fb30819300448d9,650670912
4ae10e7fec364242c88e511b,646112896
c9e92b994e48df83dcf9976b,1101738368
27f41f09ccf8d182c79cd48a,1054472128
d8a7c0b01bb545c414e12a23,1403024128
f3e2fddf1dbb400788a5517d,877726720
89a066b7d6a31dd066fa0d32,816744704
c245bfa6587eeb55227c8a4d,729471104
500d7c5346ca11ba934e7ca5,740096512
536fa59adc007df763949045,812459840
223813dc0188fc229b63e8f3,1034352832
7c972ecb7b90537b1da0deba,441835776
98d8411005ac05d77cb12516,1003092992
d12c08cf48be75014a149873,1208762880
955544a0bc2eff312e965c2e,1338633088
20488db7a62f765ac8da0a2c,845252032
3f370094239ab6fc817e9ec0,1301522944
ff54bb34225682d25c551178,1208762880
d0c7294b2184d0b4d0e2fa07,1301522944
104e960974eee31e7e0eac6b,1052374720
0d477acd9c95e9ec63839a53,595713472
6d255e0026d70dd44229a2f7,1190300928
926cdc0242544bbc850520ff,415618336
e75a05dc0018f29517948ea1,576945472
dc40c56571cbee9c2b7770f0,646456768
2f76a2b53e091df35a125b13,720971776
a4a49182c79c72854732594a,605445248
50287f73d47b4cc4c2e1840f,801972992
5efca36c25884a2822bb7a81,662760960
4347bf26ecd61ebc7a16b4a3,628658432
7c979648ab3729b2c0cd2106,854713920
f40acdcf5cb9925c09c9df7a,558816512
6ff3eaf8b5a2f16efddde1cc,887569280
d35596846155e74d1a637d7c,908607296
a389a1ca097a820fd9af9d15,888710784
ef450748c440c4958e5db54d,800624640
02779b92b2f9bafde0c75c11,789047936
77e5e0b64140fa00b0227a3b,702312384
eb55b0778607da932c3b311f,800624640
9fa391febd5d0a8e4c6ecb8f,387177248
6270356f1cc3dff186d0ff4e,455910496
ea7d5c601c3f8c86ca8f15e1,644072640
072efeafd082025bbc5a25e5,842535488
d8bb6151d30573c7595ee7c0,536605440
f26c43f2304c8c694c818a9b,684927936
14ea4a7c57d830eba13638b1,637675200
c1ac42dad98d2f23dcbf140d,880083200
aa6af44635b5d51da4b02059,628658432
291a4ea1a695347e1901bd4b,882175872
024d2e34a561efaf4811c17a,816267328
e5a40a555d11d4429b9675c3,840374912
3a10398b72905bd710ffe9e1,1068991296
340d1313fc2dc8e5b6918262,1024631744
699bf5460c63a4d0e4542ade,1274910848
e98bb3a89bcec8650e33e730,536016000
5de86bddd492f76596b17a0d,1130943360
95dae083200a9e43a5aaf210,1126560896
23fe512fcb21a0b84781a318,606231936
a9dd62f527cb0dbfa51aeb7f,627011136
8964dbb5b0cbfe509613a63f,586381632
f75009356c700f7da7106cc7,659836032
6f502f363fb55811478e3b88,683278848
a48f29071cf207b27ddb03da,915404416
b46bbf66cc82a4345c5da177,685276224
a460aea3370926825b0dbc13,900859968
7a21a8d99a85171334695004,778685056
279f6f594d3f8ca8e8a5e2d5,1415158144
bc3c509022e3f6104cba5203,988012928
654d2a3a0e02065560ba2484,850831552
02a2ebb6eca5772e3526d78b,688025088
d4646b7f4dbebf9785963cfc,450038368
68fabddb27fc928b57efcfea,606156992
53688de79b052b3185fa9435,876148288
bb962a9e3861b06ae1daf833,677118400
d80c5f0b8ba55e7cf105d282,760027264
ed88c773fa9ae8bb29645fbf,760577088
0c3af9e0e9c80a68acebd041,1008408256
0faec12daf0493a512b2fa0c,1356106624
1807debb0a0b590b9ba4ebcc,871105984
20a2a0dfc963fb8a355e704b,825197056
a2c033f497e62ea10ff8ba3d,763781632
985e40843a30150e6892e4f9,811641728
2ba0807f8cbdac389424ae04,814782784
9a565e7220cbc3d5d340e8d7,920335104
33598222854631e92fb72baa,923813440
03fb5bfbc1895115a04e8116,808999104
5045ba9a65b4bce4fd305f82,673514112
277f6440854cb0c98728e685,849141888
12c7037cfa63de49e984a789,711675456
ed9976e922a774cafb601f5e,421946848
ccc70d1d8e4411331730bd7d,775212096
30d38a7bab2eaaef1ff6be0d,820663296
31a6c440ca9eb29acc0f1086,980168320
7a82ce4b2dcd2b43485f5047,670042048
a74be48ad396ae4aa33ffed6,862547840
4ea46b833575642ecb2ed1cf,569340352
b780a0ec18c61b0760df9433,628330112
b83a5c303a2b079585b9b94f,599015232
a3c45875c0834b144f834798,546185024
c3ae3f44bbae215f7f2fad9b,696510080
5d54a0a596d49d9f85f1b5e8,569671552
355d1fb69bcb4e8e8ed9ba1a,1068991296
cd791a46ed616911ae7d4fbd,1024631744
d2d2f335839ed35571b19bb1,1176279424
0823b0dc92805ab05d3f8650,1171838336
f92f4d135119fa88994929ec,1328894848
401f0de98764e9fdd4055406,698751168
68a7d01e50462f7506f8c8d7,502843584
e4434407771070783b97c014,1120501120
7e1153d411af129357ae5c10,578244096
f409c701e200046f574f4e06,485927488
30a8b9c197bc42f088d0b873,530086624
d5abd56b5a8ab8c2f61a07f3,865800640
805a27aeafb3ca91cac56d14,646494080
1ee04111d277e8758f740139,867433536
b9de7d7b9a8ef7c64e5f6bdf,835665088
5a12a15af3c0585d81ba8f5a,463380416
abb63383766a9853c1091c5a,808466368
1f95c205d5094c674f6e45a5,1420139648
4911a6285f548dd30c8061e3,829525568
0b9730cff49bcaeb4d703c06,1015077312
f033750cb9db15e886b156ce,1475802880
fc7e93bffb7fbbdebebfaa2c,1312087040
4f500afb7f7bb42189820a18,801210752
3921d7b508fa1591d40802d4,711329792
caddb9dce27a7e8012478da5,658221696
4eeafa126ac5f301cf60f9ff,685273728
59afb00a84b4f2a9ffbf71c6,809317504
7baa3608aad1fbf357d789a6,788972736
a5b8869e9cd3d0cc32a0b298,859595776
d084dce4ab9c4008ffa3bbc4,1224614400
e3ff13537ffb7172336ab5c0,1185589120
1bc2ae31ed1970ba52b1ff60,1374102784
eac7136b26bccb3c5d2b6202,929556480
073fccba71b28afd815be434,646274496
9b1c23d616e9407fff6553d6,645361344
4122eca7b73c1347a7814a70,925405376
cece8267e60c2461d6c409a2,1276111488
ba4e89128058d5564987dfc5,645361344
69843aedb25a928097a22a89,648877120
a45863121bdec787e119b14c,624805248
02e8811bff38125bcf8e1a6d,657311488
d709a76487a49bf257489c0b,360387040
46c42803286c800351fe633b,501814272
2ae3ae7f794d558ec119287d,951552256
76991a35e9c1b69e1616659d,501020704
3de5d35f742cb4eb68d5f314,812150720
a53c748935206f61751dec1f,670706368
ddaf8a1e5e6922cc3dee5caa,692537472
841fed959f036a03697868e8,463237056
ebe1b5c9471f3441a388f7ac,638423104
f0f9bedbcb57383511805d17,774981760
f9402b785deedebd3ddbce6e,823743616
d1f92e6b18faf07ab70ca1ae,1034188672
6e794276348acc39751eaf47,1249365888
4b04e0296820d04421db5219,671522432
ea0ca17e989ec57a480aa464,1335297280
cc6fcb8ea6556f676c13a76e,923113472
2778de5e56ad7ece898249e9,752300032
9f0bdae4f8609ec93588de3c,717964928
90dcc3f9428a4e7cc396a15b,921171968
2d7bf0032580e6b6dd1ce36b,1068991296
c45d86d17d1d0519b455b7d4,975293056
4c7e7cfb286d82aa96356fb5,955191552
edc204c3e18368e0a9eab593,1388836736
e789e801fb5d4501b5d64e2d,938852608
3997c10ceccd2f8c8e43cda0,1354020480
580d8eee8dc4b7d43cb193c7,1337183104
c823e3fcfbf0c43bf2d82586,1124319232
30677852542c78698083d4f3,951164992
8fc78c514a2f1cdbc5ae6e1b,1260823040
73c618d704a2e1ac2bc41954,1166327936
4ba85374c1d1f1d3f4632ca1,540339648
9a471715e4c4865b822a6b77,514623424
4e9f1e21c855f1166428fbdd,706853632
f11137d27a5d7fa57f94e97f,1254177536
5fe5f3c5919c0ebd57ec8e36,768075648
e40742774df7d2b614f32de6,650536512
24b28522c72f7fc359f2a718,684145728
26ff1e1f4a6f6bda702fdabe,686918016
9e617d1fd8a4f33d7b66098a,1087497984
3b4e889562e4078f8f369172,441988032
3a50d40f15b1cf5bfb338092,447809792
cb2188cb8e534973ea3411a5,861567808
fa57f96bc6affd285d10c4f9,379330848
c0ea6c76eb977d83c163fd7a,613345600
367cd12d7f4aa93124047eb9,454218144
54952b5f463c64c605576601,647598464
57eaaaf24cf82d885f0f1dff,589092288
f2ba4a7a0765c3ce737b5c81,700729408
5282c3c48495dc31359e70c6,691121280
552b01d72edb192663998c4b,750750912
5f3a1ab21669ad9234d4dc63,1055094528
68f431548c330f84c46174f6,1017574784
048051ce9bf8f6a48e9451fd,980811072
fa4028ad48fb2082d167989d,866298816
5b1902dd7768f5144ae7704c,945392128
be0a8f4be774eeaa42fe460d,880804416
16263617308958055850aef9,1320466688
729f5fab1578f8cae4fca8f9,798189120
bddb9388922dd56737d8847b,852707328
9847a4ab995b7b1c30196704,1306745088
d19937a773269962c7f9e8a3,1280296832
b3c8714dcaf5322475ce2c60,1346903936
875126e5776dabde40e29b09,1413126528
3a36f59d7c0e6c4eb85ca0cd,959205376
630f00e15cbd7826475d1509,1009651200
434782c3d1dc2b9ce7bcbbd9,1105066240
a470bd174fc7587dc1449c89,1415158144
99c6f87ac92cc323c8caa005,832403392
ac9ae945fe25a46184057606,1332568448
15d910dd93e0aec22ccc2083,1052086464
6e1a9c8457d3ac6a57598052,670263872
14e179618d1a44c5c55e23e6,408879008
2b8b979cf1952fcedc63ca9e,401856096
7cfc3061c0b2f3bd48375ab9,665019776
7200e3ba2013876cdbbde972,553634304
9ddc1924043ee8361201b39d,1218971520
f22d6cc8c9611a7c23fa8969,965711744
b7c0a0a4f5c5b986a70ff249,811985856
adf176b63ea23e08d252b5ea,916152832
77069fb9fac6b61aa6a89ae3,643848320
7f0f27f6d30c743acb3e867f,927954880
7e299fd8c2d53ff1cf95aee3,1131555328
f309733881a4f89d9c8a8958,799742208
0f937643c067371018c8deee,1184516352
8e35609c1265ddf59e1c015c,697362432
c1ba606f32ce0337cbccc2b1,775039424
15f02dd18da12f4d7b0ac2ab,655476928
bcbe8ed608f233d5ed7362c1,975458112
14611fccccfa2a6499b2acef,488034144
b10b428245022d55db248b72,386412320
13e6c5cde1004803fed93cfc,459147328
ba31c38eada33f680d44627a,750377984
3786daeec4a4fb40ef07d8e5,724400960
7736ac030d8b587f44f7898b,593284864
98f89d21e5dbe53f8704e745,763955904
981fcb79db3881259eb303bb,513175904
08bb88dabf0070f72a801a4b,937840832
32d56542ab5486bdaf4466fc,791306304
c0f911fe7ee2113ec59cb5f8,745453376
3adadd50e603746e5e4fc082,936562368
d117e9672b3ea0435e7a894d,513175904
020473766363019ee40d6685,1179927424
b04d16faf40ee02eda59a9af,519342080
bd6f3819a1c0e551598fb9c7,576241152
5520cf373444931ed8630635,521424480
40355fef059659469e16e3ec,513008416
deb844a2812586991b3022f4,727282624
ac0b895f523b53b4abd013dd,715540800
ac208e250f5ae3e5e1008351,750697088
0064cd1c55914cc8370a096f,890465728
165fab7a9f8dd404cf4e9d9a,497341248
df3eca0f59974a812b4ea9b4,883670528
1b7c062b606d0560e850a2e6,400175552
87ddb3a17b601cf7c61e8c07,610867008
837cb6389640f3919bc73e9b,1142402560
77bab76414ecb20888cef7a1,1100232192
a9268ef5b7133cf6ed1a376a,794156352
cf7cbedea50333cd2dfb0e30,637675200
b0cfed2d25a5d78c96d39d20,1021440320
ec0c283eeb8db461c20af1d6,709765184
27c3b7ba2991e7bc0c9fc322,768218816
0332c7ec0d3e547ec6d61664,1026966016
e58b92216ee6438a921ee0d4,895434560
f7959842378c94c9f620f561,837442304
cd0236af88ded6bc15b49eb2,593284864
d40e0c2222c0debe89735e88,837442304
2bc9bbe0f0216ed9d865a85a,780340608
e9bbc31499ca187c6a492175,631234176
f2409d037bc8b3e63ca69fd7,954105344
5ad71b7cfd356a75021174ab,471839136
67dec8c47ad4de9605d56db7,595536064
c6d679cc07ce4373197748a8,1297634688
a36ff3637b7d2b1c52999ea8,1203244544
3a384d68b7ddab45e01b6e99,993223488
42d34ca2252acaf6e777d23b,1387088128
c4b2a42a8908cc35e649fb16,943743168
18c38418824075acaad8f960,705952704
85bb6775065df76bda33f738,696737152
14cee0bdd9dd5537b96d0786,813101504
ab332133aca64315672a7192,1070126080
d53b60b0f2c65918153ca2e5,598134016
ed1f81648083d4d2726710ac,545563840
b6692a933facd74b4b11569e,387034592
90e00fc58569167c00fae7d0,584502400
8a514fffdec277cd46c7cc71,604841472
7f0b4b5851c77d78805320c5,434991904
fed1a608e3c0f2b79cd02ebb,318211968
075a5474294e25da55373a09,631883200
8826b9e008064cea38855d35,434991904
660eb3b40b2bcd07df8f5c3f,443176320
d55cdfba22aae78b6fab5491,342692416
ea6e83dbade169818975e5b3,606097856
dcac44d3f8024c6ea1632432,530345408
2772adb268cffadfb2917c2f,720679744
3192bb7190b9130c4e67be4e,769413120
9d892f73b02f001c2f715607,540780352
c27d72aa1fc5d37f4cc105eb,762101312
6c0ac32bc8a66844197c5fb4,699983232
52338f4f7c8af6c649106a96,720971776
356815b8ffc300fe03073b7a,730525056
22c780d56cb97fc34f29e9cb,551884736
806907598158861a6958388c,798264640
449cddc4dc3ef1e93b7f7c26,358209216
b225270821758e45cdead76d,684354880
e07bc486c6f5541e4788f83b,992667712
970c0d4928a9292748c0fd00,816774272
f73f720abdfe4b5adfa2bcda,471549760
48d3b0ef6e5f999bb90fbfc1,707201792
b3ec2f8af6e9adce047536b8,1104562944
0e1c66f843e06f14d7264864,795675200
91c4f018fc7939d150593935,909489920
102434eee07ed18268857a9d,1113541760
a4c70eae507d630c2f285eb5,1009726528
45abee1de734dc32936d0b1d,646383040
82bdf442e186baa829e06da1,635131008
019cd320e02a64ba3ba9a37d,1038103424
ba1b3c8ac8afafef56233c84,653033472
3c3a0f57e030472879f454d8,885912576
d520e90e7d0c44a6b8852e5b,684956992
38328747d2e1e0e568c05523,716403904
659e9ad0f593b644071cd850,635845056
3e6645f2cd377ba17ae2e46e,639672256
307eb683db84db535106c445,869662528
26c8961848e3a77d98049638,888250880
52373e15e9dc1ad371a0c090,574824128
e5b2a446c12222efc187e02e,657086080
156f706d1d30de19f7e369ea,640892096
aa94d2ad36bc0e91bf561be5,1000294656
8ab41842b8e41b89d8670ecb,469527392
b19ab02a8e22f3e88a26031b,628658432
a6b1ca7a4e91c4c0f4366984,832175552
a277d5e8216fdc3d7c93eb2b,756341760
f939b7271c4d399a5e647f8f,917856704
941392f9a135909273422dec,593201792
e07d8e9e38e309958288a516,986556864
258f10f742fcc835d53063cf,811877696
fb672b4cb1b66f2022f36a40,862164608
ce9dbb6d009cbdbe654edcfc,1115339520
22e524f1fab17d5b8616d741,928303680
7f0d874df9235245f47b04c3,903200768
27a8a052b815998c771a1f55,928303680
b80593fba07e21f8bdbc352e,1301819520
d18d990404e7fd07424f5a77,726833984
033599f7e7ecd8d9c8cfba46,839509312
51cf2fa527c3db62914169b7,455283296
2b2fa2ed0055a19859e78446,994368704
a8e1adbf076dd737c079129c,967625408
adf948af7b24f9b6f29610cd,556502848
23473bcde48f634641769e22,477753888
c90486bba327ede32dec60a6,616431040
d254d88ea0989a609b71fb72,599463360
2373c595d24a7b862b518ec5,1016739968
ec401de1c0ab2dbc149da048,764720768
17c0a8fd3a2c8b5b18d61e4b,602702208
1a1016e7a96da2237b391be5,579416320
c5b40b510bf7f121c93a2332,895361280
aca37e216a27b4dd5337df99,999794944
96f59167d17d1c99f31be997,808408320
062b36cb4a87cec372f9f91d,1092009600
0466a7e06b152c1860d44334,728128256
f44726680d0c594a2d430bbb,778452800
8aac8946e7ae5725971c5557,778452800
e1aa6c46135f4d1aa1b7a1f4,763561856
fdbe5801070756d1744211cc,524440864
6ec4c88b8d3a16148e2e7348,943973440
57c87ce038e4e523b4ec189b,838982848
9bd500fb24eebd53d8262b62,943973440
85a86e01443aba593f95dae4,603450944
13e2ec0a12c8a48a753b85ef,407609696
b93dc01af5f49e6dcfb7a547,540191808
71a42155184509caba01a1dc,598024640
25fb1c0c4aace859265de172,646383040
6f63e4f866bda86d5c993c8d,696578688
72bc42a5c73e7b1f9d54c835,981652672
c06f36b42021a1512cb6e3bb,437340800
f1a7fa5dc1996591ff97a34e,813174976
6128a8deb1f0bfbbf0d67769,862827008
b5254c6c29b4f6984d328216,507507392
6cb19c3e491a60bb2c166669,536605440
dda4ee9f3811c29e2b261a5c,684956992
7a564ce9a4ed3d2b8fbb1103,646383040
63b982fab95cd17211a4a58d,911518656
5272c50f1d8fded01f7fb0e0,569634560
02b47e60ab77588aff6cb433,525691488
ddcc7f7a087aa5f4797a8a5d,462722144
77a887ca508d924ad5203194,840501632
b57ab7afef2b8aee016ce6a0,972133248
640a801d503d85835eb65a42,816267328
767ff947b16b2271f516c28d,382164992
1dbb46a250f504e9c8673bed,635121600
fd6e9c9ed7679485dfd0b022,904547904
7dc4f9de14c2924b229ca0a3,1222132224
3064379f468404110d594c87,755248896
6005ebd6442c62f8becdd2f5,959833472
b62e960eebdf95c2eaaaf9f3,1223457408
7b0258f1aaee97661c34de64,1044141632
91e2f9f7d4ed776d38a3274f,918861248
d505277049a254f960e114ef,706903040
32040dd7b8edfbe331773288,873584128
70e427235490d7d9c9239676,802611072
1a2aa38b8e18fd7ed5be77ff,1035710016
4883f7ce7086ba9c8ddd4315,671046912
4116cde03803e63a3e87e847,1140499712
d6de5d741702387dc3f4481f,930060224
2346533f4712f3bbd036d85b,1078256128
f6a12c0f02fcff1be042ed0e,848616512
eba3cb8156e0115bd7dfb525,1035374080
ff27ae490bf03513b6bb386f,1069364288
e87779bf2f8af86fc4ae9583,388783392
4a809b3987cff0290c1df8fc,364483296
8f4241a17d1211687bf232c4,422249504
bd8c1ff6f9919ec6f1dccda9,575114880
081e008e772c6a79b809a87b,863496512
0eff08cf4bc42dd442a70231,1198642560
b4e084d14962cc58d4089955,1040961344
d02c3b5ac6fa0ed6db06e490,1406077056
e8abf103cbe9fecbdd758516,1040961344
05308c4f3d0e0887e4a68a92,751402560
256a6ba3ff423a899229f154,598236096
097314d920292b46eab5dbc1,567315264
4ce0fcf14266d144c82f8d4b,663267072
548791b5faf236b1c03b7523,1094958080
40ef1682158d0c3cd07f484b,1265216896
7b473504c85e9cb576f951e2,780263680
730c7382d76a07904f559b28,498721824
e05598d3c49f409b937ff2a1,849044544
844dc89fe6588acccf0c7536,388795648
ad1492590bf61d2cc83b493c,900348352
88fce3ad9b8a965dc11336cf,660234880
b76d853ea415967415ace0d7,766588352
c12c81b3eb12bb329466e88a,1051394368
4e27458d179a469435d02ff4,820739456
8d15b4bb1447eba7a680ef47,424104288
482c7150c7555cb35558398c,894160960
e5d6be06fd53d317c8e5c7c0,607229440
f798e7105aa8aa66750a2c85,902840256
eb24e0a0ebfbe16eba466280,846157952
618dede0dbd48df4fe610af1,1302730752
6fd936b82bcfd3cd2451bdfa,823705600
adbb5c4ba7be2903799a51b2,1192183296
3a99197868ce338c738a3b20,689528448
d4c45f35f214fc226ec85b36,939379520
c3140ab2134de662162af508,415526592
0fe23ccd8e42605f4d9f78a7,287577120
8816e8101ddc4e704053e23c,951552256
64ecb100d7882ddec6bafbcb,519377504
9151a8c65e1f01ce591c595d,718785856
c8a40314be3014c2a218f5bd,742038144
29bd4cbe11f44759e07487fd,558633280
72ddab9ba5f24941e4dbed6b,1048605440
1f18df9ee1b19359816ed13c,599328192
fb82175fad61a81e9b665fd3,1156266496
dee2e190c4e2539124ac3ee1,530147488
0cc2f3a49dd703e7554ba638,973437888
ece0394e38b152e6c1571324,832403392
e14328c988a27176e9fc63af,1050986688
a91664b9f15f9d6f262e7b2e,898743232
d54270fd6b09b38a978cd7b9,811661248
40c74dec061500aaa78f78b7,521948992
cbf6faf7b47b43b2a77b3654,1125404032
52fa1eb3cc7cc2f77ff98764,605224832
bae512bdd3b04405c519bf4a,774151424
e7fbff0a25cde72a38e7c7bb,1301859712
d3f297fadece964afe5f1cc4,1128264960
2679ba671751ff16e76f1807,681422208
8059e45ca26bfefbb18d8e40,1608667648
9e7ee8e17b1e76965e96ef95,1029634240
9039bc918a76e486041842d0,468796000
1d7912750a5e345f7edcdcbf,520943648
4fe0482ad622080f55a0460f,529108768
953fd7541735fa8d9a342642,954267136
0b3021c156324d1e7974ce3b,919409536
b0a8e4b4ef6678e6b43865e2,907170304
bb47fda808b52f30364a4d6f,626185984
d846dbe691d0ee3ac5c3bec6,1123307136
21932b5a5fa65d237ddb6293,626185984
07481a101afc1d5db45245df,980692608
d99c00c516cf57b6fd9e877b,365617952
6dbb494acdc64c03742fa730,986686720
35f69c7a9870ac62735d7639,743272768
2721f5495ef5dde16fd29cf4,881163456
0c068dbfdafa3429c71189af,573940928
f3293c4064d71f9322ca97b2,859197888
5eb268b95d7b6006b064f9af,755599488
e13a1c06ccbf814945dbc768,1310548352
935a1e8c7e62ca9d3bff398e,1122816256
f0c7ecd3b2261873d3664748,923900160
d2f20425e236285124eaebad,576713088
05926b977b5df59857194ec1,581406272
f548ef815603ec44f4629a60,1199844096
6cd147720319f60ed2599361,701989056
6302477fe8172d08f3b4815f,475432064
b0af9b1e84a1886489d46b91,638203712
5f3a2a31f6d1838e0a9531fd,1045629696
96786aff35713dc21f6bfe5f,1026127616
68de232e27aa83405b4a19b9,1343964416
8d252e9b0912f09703110b81,575664192
f4e646df504728ee1e6ad0d8,391452480
e89cf4cc82c5283f3db6f5f6,572416512
1bc2c099466f9a989266be0d,444907040
bef2008b362c4af1fc3be566,381896192
7988f76ba063d25a4f467730,465649568
391a98a344e894c6397d62f3,447809792
5ab0b8b0d6d93c4654b5cc14,926444096
305d6abea2f3e496e3b6fcf4,881550976
f512fde4fa3f1f7fe885de83,785937408
c7b6e7a287602275f7854ef0,897149696
3d11a16b008c26fe43deca03,814782784
ac7f21d22d013874c362d440,883535616
c933750eeb53302db0245782,765260288
766a8ff17723a5c34324576b,956474176
802fe3175a2059f12d7edb99,932829952
508bfd077c80b6cdfc5a10e1,1055128704
ddf8733adb641e15837bd728,824866112
17914fbe0c3634dae8ce9d71,712073536
09e4397bf9794fe24d87d07c,864502848
302918a3460b98acb64fafdd,684583488
a7e57a8be8fc8d8a844cf9f0,802965568
7b50b071f4d795c9b5ad7531,803615104
91a7bcd95c0c960e4cc22d91,780340608
5d4a23137173c0e2288ec418,713932864
751ba0c00d4fae1078c02fb9,804880960
e6bc998ad1d87c5be3559ab1,772317568
53aa9cd32e2a6aa346d3d789,772317568
06f22f7a8e4e78f45ae81638,672075264
2105c17a4e2f97183e24aa4b,609148416
ec13a869c212c39b6ba21b57,680797312
0b49dedfb53ec812962e31e7,766290880
69e6fbd4d3816c4cc37b265a,1224614400
ad46f8bd482500f3bb935737,1082999424
368f7a70a62962bf31ec9583,995382464
07412230b931192771072334,870919104
e63d334d9ae8b672dc7b7d5c,995382464
3e1c2c5b0831edf78f7b7082,870919104
226277c02e8532922a1c769d,1072429312
7902ada9116a1cf7458933cc,872430528
b21f6e217d6733230a8eb7b7,896734848
09ac622c303bce9ad5514442,628788736
ea63bca8e3a77fe88d88fafc,415613216
a3c7c54fa12d5b57dd997210,593754304
cdadb2607807935a0a5597e1,801217408
8d041784b65d33c76e5245a4,927572224
e6807209b634455bad257998,792464960
b1e3f1efb232cb0976506cc2,903082368
dea95d98e8bff87b905f9172,1207126400
44b6382d9195ceb3f12d4939,962937152
41f33deb9990562def18c917,1265990528
0a61250b2c208d42a3077bde,1166327936
c714b30713eb7877ed3cd92a,408984480
bf120b883bfaf7641eda65a9,905793024
90b34ed38e0f18988f11d77c,1141987968
feade1f4b3b06fdc12ec213f,848616512
00bff9be2d524083e3b3149d,751402560
f1e38e53ddb8a9d5b641d934,1363489024
49dbaf0bcca86f32f86e641e,981180928
18539b6cb6884f753e0ac18f,1253355648
7586a79a0151387a1c0cd85a,993684032
d533a334c2ad9d510865fe54,897465536
95f7bbdcfb59b4cdb41b0394,618604544
4a2ae08359e1ecd39b43afbc,768950272
e8cf39cada5b7755f60306d1,829525568
0489a476b376f7f6efbc193b,613140288
7b31b5e53015f8116fedb0c6,1332696320
4c0892a39011cc6a37fc1145,639344704
92d7d4fa9fd09075bec14a3c,1259605632
5e5ea93675900efebecaa19a,595766976
084de1226de9a6f4a6075c2d,627958784
54f16cb9563346e15b019102,488460640
512a6de80962ab797ed2bf72,992084032
871befe27fa79fc1e1813b19,1158440704
4e0b1df5e05ac505c701f519,610609216
37227e66adec69299f853e51,777376512
0a0e3ee960f60d04ffd6bc0a,1062412352
82b15a5da307865c7045dd56,777945664
44d596fa36e3992208292ade,787607872
3569024b3ae4865240973e6d,641404480
31d3215c8345d48ce9734c65,644047104
147e7f5381d3c951fc446376,829131584
77deea164a3a622df41249f5,718305920
3cdee5304896e4cb9604ebe3,829824704
f5418917530b72c9fea14f66,765260288
ffcbce226963f10da8c53fd7,781230592
2fffe55a1584619bd7c489f6,956474176
3920eb3f72b96fcb58ef778a,359408800
d10bdbfbd411ae625dc80611,624124032
d61ac80c0d4737c3529f4a2e,706182912
f8948886cb4cb018eca25d19,458213376
da5bf7f1c7b2f4ad670e2382,690929856
f406c9c3c92e9b31310a50ec,1006980608
171b560236ce760573a990fb,1197020544
4d852bd93332172bfb081aff,1197020544
2e1f7569d134a931098a2ede,846196160
6d8d2ba62c52445d78f687ed,932836672
65ae1a893abdc2eaa63d9271,1196554880
c9c51c39725d7df94822fb20,586718976
56ddb54e50deaf650a25e82c,501681632
aeb330dede55fb66654901fa,1337183104
4f4e3350c429c6afc0bb0094,778024704
39377d0d271da03ad85c7bd1,589092288
bda2fcbba2b412981e708054,938852608
eb89d0b7914010148e6bb597,853085824
513d0ddf1ce44ca671675fe1,1335297280
14cd5f188cf6d2433240b5cd,454218144
dbbe0b6f5eb07a5f9ec873a2,908636800
f9acdd3fa50068bc0180d008,497457824
4a85c36fb854e922936b57fa,420807136
937876bdc44c3b8fe063a9aa,586718976
001399d3861c5792ccb8b515,1354020480
f28514aa4d6ffa36104411c7,478178336
3b185e3e31f7f5e6a1b3193c,893708160
f4c7cc4a249ae7037aa0b35e,491921472
b74a02ef5cc838952bb9afd4,872905856
75f5aff9fa70208ddd843779,569104640
b7273cac93fb7a0034039600,1144645376
b73bcc0cbfa173c9fa404369,908707392
3c4c18326318a7207b589dbd,373687936
29a230f7dde5753e65b661dd,1238981376
c083a5c64c4d6952accd7bdc,717748160
1cf29f882ee8b458b8f27091,939419200
94c15574aacdc5c3cf5a406b,733868480
661f7eaf134a5b142843368c,711214400
14a5bf235097782f468fbf23,556708032
d2d46c70dc048c92c8e4f09e,824276736
f6faf74c3f4e02a6b333b7af,859698624
6dfa362ff7a0d55693793db3,728362304
b070e3747bcf22ed67509efc,836041536
7333f19416625d6f4244fe02,785299008
3c86651d9bbfbb335f15b544,565449600
9d8affa93ce4dc7c1a21b3a3,900859968
eb8cc67810d95d1b102410b7,1320466688
047f94605add5f6f84fc3f90,983919104
56ba332c82c36f07ba6bd271,955483264
5814a1dd61362ded4f1d8d8d,1266484352
141ac7bbe9637f9e5142135c,1052086464
08db0ce5cd15db2404ff3d28,811878656
c38677ed0876b7996f596336,597960960
daa4d7da8d7df8efc1adc9d1,690395584
f15c6403c6d4e3676a607780,242232640
4d0cf77f8cfcada2265ac585,667682496
4caab3951bd6cb6dc71ac8a0,568789888
7cb64b94877a9361f20027cd,700054464
3f438d6202cfd4527bd8f983,633938368
b7763beef728bc2021ebb841,464836288
4cea8ea969dcc433fcb59d96,787966464
24fadbd1dec637edb728baa3,789877376
63cf422266e7c39a6c895b3e,844580224
dbaa5d47ff63125584bf7ac0,898588096
da12ac932dd8a2fabade4bdd,931647168
f35538e95b4a567f9b834034,1057634816
6ee1e976768b68cbc8008950,1255846528
a910019b3d18da92b4c6862f,690988672
a09413ca0b723170c26652a3,805760256
2b451da55be3683c33e4de31,1404885248
561840990333852ace562b82,755089408
b6695af1ce28eb50d7a2c25d,912631808
9327563b40f2a0f888c68f28,1158419200
3438e5d77044f21743e56edc,729039488
63cde4fad1be942dc5ee695d,473462176
8e712705b7de6e791c8735de,475862336
85de01c0aa787152c77c6180,659262592
c9b0673becdedeede0209697,393222336
15ee6357e02b76367682d6bd,1406077056
5f284a75ec8e9c72abc76695,769780224
37e696957da15625da71146e,617092736
96a478c359fea0014fde607d,876417728
1a61721fb7306d55dd77b6ba,876417728
a7577260fa10bf408f1997d8,869656576
b3f8ffa761119a5441a44ad4,1016378432
a5c85b445f503a56e0e2a924,1062082624
5aac1a1d5da10b76ba4b690c,1088843136
1420543e2eb5f38e4d38ba81,1461242240
a530e3ff6d7bc1abe333245d,823705600
aa9988248c7dedb016d8b6ae,1083916288
fe8ab5495cae81b5478026a4,1044141632
b463c62e3c21e339e7acb52f,853085824
00a5133e7373eae3f0be8f2e,506985344
38b424cb0e54f0f7f2745781,853085824
c43530f324a3ac90f53a8849,939379520
abf93b2418fcdac14293c9a7,813174976
9b1be976725ddd512cd222a8,945392128
9b7f17ddae12105d47fad7eb,918328448
3caab5e89722761d5ab2498a,488034144
a2f40c8227b466249d6cb659,894537600
e6a5007ffb7c1321d4fc21a8,643799872
0d50b435188b7830a6949026,433865568
d4bee60a74c2e2235f507ec0,1116788864
b474103c4b637ca25b5d89e8,679087296
ce6ddb82d2ece3b8d58fcc63,748343040
28403f16831effcb75471738,371305728
03f518e2e5861002772345fd,601729792
011a6d0f12ba108ef15076b4,342236064
93ac0b004ca60ea56cc2bb9f,641589184
1b70fbd3e46da8c47c3eed61,414958656
cb40d6ea6a1eab77a60c1ba3,600192384
87c73db5d50e8ec3a22e6ccc,775988352
9aea45bade274e4ed91ec301,911100864
43c22bfa9a14df7b0126c12e,731310528
6d848e54ee68e6d8f23b3b1a,513540128
e5cd7a2aed48057b0dc8d970,443366112
bc4b94c892fea57ebae3eeb6,559556416
e7bb12e99318573a6e6ce1cf,791768704
4b52ebb0f0a8878def4170c9,791766592
3e85b447edd3b23b5a0d3b79,500216000
15005fe7eb24aa25b9e3cee7,767051264
22e00f8057294350ddf4d42a,904574720
ddf2583bd65f02abf7ce3280,1106153344
704e5657734af93d19a0e5fa,948512896
cc1a11362066152d21d4cc60,815552960
12062de068acd322b610fcf1,932836672
e9804af0513b2f68daf182b3,701070720
f13d8f4b2e3114d71e5ed941,752127936
11bccaef3431fc17953eb81c,1138868608
ef2b9c11f884cc5f31c26f60,828966912
25986c851e13c92ede6c6d6b,1303362560
37e28ed39a51956880d211af,1002170304
9530217ea0b5d2395adfcc9d,929122240
d8607e3261ef1546eb0c30f0,856765760
22a025ad47ba22ea9fd1a094,806567168
1c88ddc21f3e8e4ca633621d,346344928
e45ba581daff88707ad842a9,660793664
d7e97cc158c6c54b02fe635c,623634496
04bb7cdebb8b66e783058248,669099648
d60cf6dcb7b4b40077536604,1078256128
85ceb648cee9f6f3d221254c,783567232
f58528d3ddce3bc6c71bfce9,1032847744
c269765ece36cd93058efab9,559414144
919bdfeb16dd0bf67787d53e,462722144
ed8eacb8746dbcc3c2ef3aa9,619146816
15ec532ec6fb73074b9b12c9,564120896
58a724e8a0e05140b07539b6,848616512
2b7a5be93795a65d29970b02,1020916352
6dde9af12b6597425160a47a,1291863936
f0ec99c13c61e89310ca9b8a,603801472
65c83da72c07b8e74bf581f5,871601600
3ecdb7a7d178b48361340ea9,708038464
af22669e3ed10470623fd8eb,647277248
748c981380925e1247b9e64e,862669504
78ab6cb1f62a7e781d4c4d0a,647190144
e80ba06329760362c7685ca5,614173120
3cecc0cc43ef46670a8e69bd,658424448
527e4b1b06637b5362c8f17d,541806592
cf9eb2cd0f20b13cc8816bbc,549222912
4b3a6baf8196a59bac8c08c0,445641760
9bb9864a6bcff25b17477717,614958528
4f7d630c921cff500705ee5a,608092800
7b7c0544ece4aa383fd5b4ce,785903552
191094739043620c72aad2a0,1018194048
a20435d582c7646db231e7d2,684145728
1555743ec7e2f38904852860,602702208
1c7452cfc46652a60b7a4f05,595494528
97439d5a82f970e7f50d51b9,1112556544
7667cd57d0bec809417c9b11,867385728
103f6eaf04b44c4013acf097,1001030976
e6ef433629e193042bd30f4d,988553792
2ee7f959d069c9ca223115cc,1061612288
b46625b69fba1afc154471e0,1035724672
5cc0700421954934cd8dc445,897959744
066f1b68f7c053a196662fe0,1183698560
645e1c7b799a489887086a1d,923900160
f426c41d6d8bc99f359f480c,688155904
d1be4eae680cb16d0c842606,1199844096
57a5f4f83a474ae156f207ee,755599488
53eab0ecc3ff098d55666699,1353256448
54022fa49ecd9cf290aefc89,1465764224
545db4962e6294cc5ed07727,945392128
8e17bc9f09099ba3138c232a,1325751936
3b4b303bbeece313f92cb85e,993258112
d0119d7bb15452c473ed28ba,771182400
1a36f98c62f5126c8064314c,750750912
96a77e8e42d676b0da3fa572,791228864
d7d6f668e3e40d957163276f,683362560
5b908b8abd8dd0862440c172,898737984
81716dd4aedf72a6a14392e4,433104768
47d252717c4bcae3e1ff19e4,1126723200
4f0b2f7e4d787a108a4d2537,1144909184
90a43053efa1d292af692a87,662442240
c3df4b9fdaa4dcb13723b5f1,770553216
4b905620f76873355d317dc1,716200640
ea16314310144a10c81da9c7,545050176
0e5db1a36a521a5d2912b238,579038080
c53c58dd7b26902f67c3becd,1204979968
6c17875f20f58b1fb211c18f,1223588992
200020552855ed39d1af999a,955040896
b44b862cbd855d46954eca5c,715904960
ce47299ee877638c4729f60a,675599040
3a28bf9841e6a9d3f1bc293a,1281184768
3a488b9e24d9b8fc7c222e20,649130560
5469c33200ffa87952b356d0,596081280
b57174dd86ed451448dc501b,639054784
ebe09efa32acf6d680341840,825397248
33f7d5aa494288cc90d60456,868883264
de9a32ec454c2696cf75eb0d,947273600
df4400c44a166c851ff46eab,490375680
5dcc8f6a6854a864dcd27a87,769877376
bc08ce9f24533cd644ef08b8,463509216
2935cc0e053bf558a8b73054,769877376
f08001f2590d7b734467c58b,682258560
5a9892659590355b91442979,922161920
ea34dfefac91681864c2bfe1,1024525888
ee3b5d47d05a80c07751f7a1,1078763776
448ad01af4c5cfba3feeab26,1078763776
bcf43ae0b4b15ae168abca97,1026127616
8ccd326e4f515bf7e817a14a,1004515264
94535dcf38c9c6461a73db02,454829792
9b3557302e940d4da341cdab,690517632
edf8c961862a4ff8e1e44f1a,917839680
6e508fb72f189a4fa91bde58,624638976
7d0a4771afb00cf9a38ccb81,1461242240
8c32b6b31d1a1d5736c4df61,1367597312
da782fc0c8a79e3e250f0f67,523429664
c86e643b7f7b57b4482020ef,500717536
4632f1e8fc93e268ddeba07b,522317664
2cd372392fda500e6526695b,616636160
a05ef49ad8b2d6c466ac7412,939320512
9f50ed2b7e40847ffd877f4b,604179264
c00083aa30ba7d953361674f,390966752
50857161c59b991304f5c55c,927805248
3676f63aa0ab23ca7cd344b7,860712704
3710ec95af4702c45f165279,767051264
16db516a238934a730ced1e8,746878592
d450dd622183c7cc43a20d70,437401248
ba84fbef80c8a82895ec599d,1013137472
ee85a12b8f764bc15164dc7a,549670464
0038a3b703f4ec779bbcfe6b,811670656
aa643acab634ee591a2a43ce,757831232
d6438814f4ff3853bf6cdb13,1024631744
a37522af63bbed2f4d10900e,1461242240
0b715ccd3b3e01444b855857,959105344
fbdb9caee4455e99259cf921,563338816
b3c02569b8fb721934f51c52,495843584
c07e2ef0bed4be12e41c783e,592885376
1b4e4016cb766bfadea42f73,519767392
ecf4e968c925cf8322f8a0bd,627451008
6cc0e6bfd30ed93fca2bb217,607459328
3e7f514983daa92e49a7c87a,684513280
97a22807207cdfb341d5c50c,695197120
3f9e95762d2f2056e9716039,580622912
255c5b92d71a00c3a73b9aa8,419380160
58d24ab99d74ae4c449c90ba,741724352
51d1df6e1f28c40dc9074b74,1434343936
16261339c3a99635717fcda8,1463695232
1475cdbbac4aa486266e439f,744889792
2a9974fe07b1e4427e386e06,536598112
cf76689ebaa20c70d9db4d51,1335297280
f9379319f992cbadc43b9189,852701696
62313cfe4272d263173e1ea9,710710080
b2c62bb0cf8d210dc4635653,1300369920
5d2fd288d33283826210cb90,929122240
3454ab4ad567d2d22d990fec,914175552
58be66aeab226c35330d57d5,436462144
315ea6fbd6b3261cae7fb900,800511360
6930d8e260fafaa5c317dc82,691288832
0fa99fd0e8cebb71a3bb0871,523701824
fba946e4ceea37176170835b,726973568
b53d4d8d0bd4a0ae84fbc22e,418581024
8bb1a2ecc997779d1addf12c,609364544
6dd97377cbc262b07ea2eb99,790560448
5c50853824c890a5a7f0cd70,569229568
4c3865a97f5877090e7a9649,949927616
a3cb2a035f98276076f2d848,569061504
40d04ff9c405cccfc82ed5a5,416623712
22caf82aae904c79057fcb3b,495214752
eaf87358d89af17c3e004c21,753081088
9ab5ef2c5650c4bd05248990,519767392
d96e3063ce77ab1235e2ba26,802724416
665d62a8019b27bf5ce6e6b4,429443584
56234f11aae98489ae00a8d3,693133696
76a5158e1a5c1f9fae8ee882,531889120
d974970034de145d469d09c5,695867584
7b5db1e4f4f47b4bf7c827ee,539746176
73ff6ce99ba5dd8cfab0faed,716084992
e1cecc8f17883ba6e2723826,559950144
857870b1412b84f0f19ed751,463624544
d89dff35fa1944191aa9ed98,809860608
86b89233e0176e034ae3cb7b,748265920
dd3d529f3745159d9e7746b2,861321600
af10ec1529a63d0bc10b056d,1185965952
a2645174e4e15c49331f576a,1172860160
311dcf366691c44243b7b89c,1129854976
4cbc74a93e33f7b4812e1a7c,768471744
6e0140e1d667cecd155c6e23,791311296
dba6308e2358f30b7ec33f59,874729152
761ba98d35074faee3594dbc,674335744
b961220d34be930fada80887,795195968
c9c3973bb37b5c688a7c0157,948373184
79a0bffec81b17d606a606f5,1172860160
135f6f92c4ec95847e8840eb,638791360
05858b1e4445f56f22e1f4bb,780680256
623b7d96c0fa09e50148aa7b,752127936
e61e5d3288f02b904d3b1e38,1208762880
0d173e7afc8f8babbef6ae97,1089739648
7635a792e5002ab99ceef583,727543744
4da93e7126354a474d435a4a,1122132864
a4c71322f79dbbbedab3191a,1178452992
57ef53ecf8b709ddc05aceec,1004564544
65c3e09ee6f1ef0500ca4316,1155471232
74d0b6e87c2045f95fd493c4,859114880
4a3d0390e005fa5b4c9403f4,1244117248
a3aac701ae444b6d91b7bb0f,956383744
4afa3a1b63c076123e7a5279,1167416064
c97adfa6f5ad3e3db6b80edd,1026926528
58cdc29143b85386c76bedbd,1410793344
1f81176d8a0c61a7177c6c2b,1224803456
1c2e69465c75fb3af2d57351,1365945088
7a10ffd970cc822108ce7cf0,1067672768
3bfccc757ef82ff2774f2db9,1458022784
3c753ecb3a4f8ce43077a6c1,1159597952
100e9e2623cb0fc52fb08813,1082096512
90a269d52e47c1705f9b6cf0,1260823040
34f4df9fce2ec05633d0cbd1,529108224
1e4fd826fc8693b17f6efc3b,1083109632
efd9d848677015f13688453b,521934464
07cd866c871333283ecb2d23,657708160
76a307d6b36b8a51115e91b2,913571520
080969c751cb94822aeeb755,497372640
1e37fb708b70b6b5e8fb5cd2,679983232
4e47d2c8ccf9929ad9c84544,299302272
3c877a0fbe08cda958ff8f46,808466368
ae59a0d6441697841d86cfcb,644380224
2fdb80ee4f9a35663e92b3b2,675375616
3a513410a390c75fc14b0b3b,743935680
0616401503f2ebc05af7ce4f,354415840
98b973c8597d5805f87dd074,521873888
7063abb555d919d5300af3aa,1068675136
88c4b21ecffe12cb6c408a6c,918861248
75a4421cced1111492d00298,861567808
0482cd89d767b3b7de976c3a,538889792
bda9e5d8048acbbe5a9d49ea,361996896
2152ed6b2b2eaf16ec272cb6,586499584
9bf2e0c1bc82010e92da2540,741015232
110af3c21ecdf156898c7c0d,1406077056
2790ead3eba9370f00024472,757831232
9b06c7cebd33cd26cd6cc089,1461242240
fbb89795386c14f5088fccdc,738635584
e8a3d9d6134ae8d631791e52,1327367424
5c535b7d92e34c0fe4b66891,763052864
d88544e4e85add30aa795ce6,632989120
01b78983d268b52137e5ac1b,401603424
25414034e50ca33fcdcda4cf,693216640
2212e0125cb7f75390020951,746939520
a4d5ea1b907e98be72b5c49b,752498176
2df90c0a3e2b9138fe276a75,883442688
c520b7e8de3796450ce49a30,581491904
35114fa32397272437e67a54,475862336
bb5726ac16b4ade709151159,569108352
b4dc6733589bb35444b74c55,1186026624
3b0b0bb06d95c5ea1aed2d95,861227264
fb7bd85c05cd74d945d22de0,633002432
6396667677a878ff61e1b536,771107200
47b5804ba1a998c3e7544092,742958144
ad4d91ed26c1fd5702b94064,813159104
2b802261b8bd839aa0b04b16,738635584
0bf9fe130da23aea7142bb7a,945391232
90511f2411d4a37a7224b995,742104640
1355fdce5b97bb36da15734e,1367048192
775a6affce535c5a19ea5f30,701919680
e36d70d72c2758d7fef242df,646427712
2fde05df6a3aa9f57385e6a7,517788800
5e0100ae728e347eedce5b14,1199844096
a636ffa140f80412f003734d,807549056
74746d24b9bd86e23338bcd9,755599488
99c539fecb3bc233288ff905,791766592
44760087930212643641eeb4,1376191616
2c5d940b5ef2276f1fac1ca5,923900160
b26f22f1fd5a991ecd1e07f8,770262080
1ffafa78622c45ea4127ce82,791495808
32a555016892e7a74d231545,791228864
8d06037db08d0754bb67da4f,1183698560
80255211d99c72e343b32798,1291409792
070062cd1c769f3be9255af1,1376191616
0451f65828e628c2220df77f,993258112
d96f6225db81dbf3d1a0e9bd,546542272
b1527eec2e6709dc51e03f9e,1017574784
5464fe43eded098294d634ba,742104640
ea37ad89fbe4159940586718,634999424
4057a676e7012fd37af9c3b1,415618336
51273a81121232e7f30cfd1e,619415488
3cfd9ba5c6993718c0c532ff,388899488
8567e677b30c410df80004c9,665982848
7a34bcd9f86f5036b526c3f4,632740608
3dda25226646e1e91f4c948d,632740608
a2529027db6b525e365e7be0,508119168
c6115d5e908e04e67915a581,648331328
8d0ae601094562744c8dba4f,736863552
55209683056fe2f9faef7fc8,515208992
e840095310907e82a159d683,632740608
278fcdbf16e3064ba42c6785,900569792
74af10afa02e7724eeeef108,451035776
b763f71e8a5bdeecf0f3f0e5,372096032
5472d536d1b6b731537bb67e,487964192
995ba6d1fd63d5160fb18e71,1129517568
f424ca724e7df1c37ed78aa9,782657280
c2aa451b62293042b7244fff,586381632
d4ca9506161d3f4bb3ca57fa,325554272
799862427c1f335eadedf4e8,157987456
1f3b3bd08063993c23586c93,681951360
817422f4c278ff27a22b05d7,570221824
db9798a3f9ac287754f3ae01,881572480
7ead45d1f505649429904307,739051520
ac7ab254166442188c6c5c25,752691776
67250a8950aebdbc67f7fbfa,1159399552
641f4319c315cbb74872b8ac,350291264
710b0541a025b1b6a5a80c41,736359168
a10f459124248ef30f290cad,532330336
1aac53220223d0d823e70d0f,573047168
9d0ae0c4dc11d8c6d94e545e,649907840
be685d2954b8c7337ec94942,1134330112
e43151473292e4e98f121f63,702002304
e04fab3d74d14be3b8dd2c8c,464827520
c77509a6eb6665bb8eb07d95,904627392
9753470e033b35407a2eca2d,838354752
825f57ad0527d4abf41cffc9,1159759232
0d8074979d302868c2534262,1131900032
15a3e60c7a5d55243057d7df,640880192
6de06f867a28393a9e95c7d4,317445376
4d418d0079828e244dbaff5a,815130560
2de93fc191360ae22b0402dd,481681536
86792949f2e6a347208cbffd,638741888
6d8a0768adedcc1070d28390,1013199232
459963742bbaadbd9db97723,983919104
235b10cad7233d579a966948,450094016
4443407341bec8b7b0af40b4,738635584
d7047492f4c53a0cdbde60e5,1144022016
5541cbe23acd6ffd4aa0d939,1078752768
1d0853f825cc0aec6f5544cb,865932160
f016623361c6ccc5163e79d5,1288297600
d280fed64d1c23ac9d79ce20,990276864
7e86f11cd63ff6c8a3c12fe2,775411392
9d7f161ee660b1bcb54574b1,1052086464
a0722c5527c6d3cd5cac9477,1404517888
278a2cd98528eb1341a6b685,551675840
b755f88ff3907bbe2a417e07,1222468096
2bb55b0a92d62454867bb158,841540480
960c9349b6ef9b747ebe5829,1466915584
2c8352c418097f82a50d9bbf,930064320
47d7ba800f164f397fcafa9d,676616960
610061a0e67aea7d222f08cf,1103833728
a33de2559b5f56d1b3cfce08,769228736
f020fef57e9069e4dea2d71f,1275688192
883f095dd3f7e972d7dd3c2b,618966848
b0b784bfe2d3c1b3b1320613,777000192
1ea66dd4a72d93f5967be730,637672128
90b04117887941ac898a67a8,441441216
022357a3d48ea87d58ffb46e,426864544
292224fa68b0303a90063801,709568512
6cf924390dd3ed4454403887,635499072
555a293dbc104e00f182fe34,514076800
e13ef02a57d35f71a4fe6121,423919904
c82929467d22589ec62c0475,568529600
18a74c9a49ad381aee5e02de,496738624
da40d46cb91d9e59fe12e6ba,927229952
6320f26d77fcd56675db6b97,765359296
3307731f3bc518012912f1b3,1058756672
ba94572d1e050bb92522f112,694828288
6e0d6bcb01e99fc4959d3f7f,646521856
dc3cbbb2fa00043d02958219,869197056
495aa774f4db66db6df30e93,414700704
6ba298925ffad32daae55385,536605440
8df5099d856c7f9de43990ab,823884288
93c5c5d9d1e99824178be9ff,628707072
ffbce3ccf241890ec95104e4,466267264
2c03c38782e365e68b32d6bf,836531712
7734421098413f27fae86fef,703112064
2b50969f1faab80655bb9104,454043136
025a98586386211b1519f9be,518953568
6013b8c04f7b9fbc74ef1ec4,516396608
11075db1cf9899c8640e1b90,471579360
61ba09084039a467410aeadb,775881600
eb2880c2433c4b2500fd40ef,770646592
f7f8607535159c82dbfc6c14,665981312
35c7a7c0ace36f4b95423c4c,632197824
c71123c31d02408cdaa74daa,564120896
dd8aa138623604829d56ac2c,646521856
cb94eee5ecfc75d0fd5ba6e5,569229568
ae6bfb4eb4770f2266e3b961,719363712
573ea1962372999346590c0f,1132762368
9f7204b4bb3ffb8591e3164d,1437426176
a4410bebf9843297fe32d63c,517084096
2afd9dd680803e3c12d5242b,914192512
a7618c242fd918ed894304b5,634922560
5ebc5cc2c1488f681cd119f2,799273216
cd53a991573ecb5c53f47986,934999360
75ecbc0c0e8e76bb8d734f60,801556160
47c2934aaa5934c68dcb9e51,1143445760
386ad1ba1cada9649f3415c0,1018751104
9ca0839c9c294674e86eb691,1465764224
bdbaafd11259af6300321a89,602283840
2e41ceccc918145dbe7de0be,514381856
11df35a3fbcef34e47747e38,839224640
b0bcb64f2f2ba69cc712e0ae,1021440320
bce0a4447db2d54d36661011,784171904
ef7ba10407cd74590ea3fff3,609317504
a743dc3903eaf3576046ef3d,786595328
b3d072ebd7908688d908d350,1283198976
a48abdedbe3d132276dbe403,816267328
c6b7e739125907c86a8997d3,1056635776
813d9415d9abca46ad4d92f0,1205248000
c631f8920a2fd1160f6b15cc,690026176
16194707d4e85fe332411bd4,637675200
31e241881acaceb02ef915d2,634721344
a3f1214ea44063ad10956fca,885789632
ab086fddcb949e3dc0ed9b5d,818007936
ec4df02b32d90c019125d108,1136400768
09eb808ca3859318d6328db8,882161024
f520fd12dd3ed32ba78d357b,724497024
0a2f7379cd1bed7d2d2d5a01,1310228864
30652905d3eacda34ff61a9e,930598336
0509650d34981639b9c64a22,817809088
77cd6b199ee485314bc74626,644476096
10c836c2e566dfe9edcf3d8e,1474464896
e109ccb29c02c9b35b789c90,932586816
2d60a221b478264cab9816f7,1215526400
d34c48ffe935cec3358b2247,1048247040
9cbed1ed72b444c22d8c1614,799413376
735c3aff4c151dbc32f9a76b,946630848
a4b6ceedaf89cff74a292ab5,779101952
052957f95b6e7b41bc625009,1186948480
33a61cda27fadacce0d1aa7b,941212736
6c3bc8c58ce67b8bb9f5894f,905132160
1988513503246248b80c7f17,1254331520
57c29184563b31f5f752c5c1,1111227008
bc6a7d4ceee8bbff9ac5eda8,1375502976
f1b7ae24195b4414e6d6a001,1089227520
e7b3ec90b47c9e6009ca8a75,932586816
39b62c6fca161b80bc6726c4,1227170816
55163359d7cd910861059389,969445120
df35908d6ae2847dfc73cf9f,1197648512
ac822dd448e04e9f8dd1721d,1168427008
7e86148f53beefced6e0f3e4,612765888
6eff15cd6372aeaab2e665d8,578643456
0a1af9bb571b90233856289a,719169728
b3cc5930a3cb26e35a45e09a,740087424
0c12f73305bc7d72bdbd9789,1093449600
ac048209de77cae737d60545,375336640
9239fafbffc066dff0811302,862703360
8e0ba427ea909cb7943929b0,563179072
b3c99f30b16fa80cdb4f213c,540871424
d1dc16c82942902c668a5c9b,719470016
5cfc9e48ab90da0f4e98a7ae,959072896
9abad9f79352ed42d1a9f099,575842560
dedeafb60b4a39950e7a984d,575842560
74cca5cd08c4bbf5d0404d74,891739520
b6aa1cb0187c4a1715517fca,575842560
e22bad460ec1bc991f14bfbc,518463680
594d46a91315527995cbd807,922954688
2c0b4c8269cbe25a4e85e049,625502592
1014d3a98e886e1a7358e29f,702643008
73d6bb3d6ae08921a6117f5d,396869888
de3b619a7c80549db6ab16af,439661312
da34d6cd832009e428d2b467,565848320
104722434c2deed04a901aa0,595951232
cee66eef685e4764b9553a02,716084992
58b40969f1b73182cb6d30db,716084992
964e9c3f87176e761484543e,638051072
19487167081a9b0dd09d7975,1040531520
7d8e345c9b16d0fd69f848ea,1086957568
7d4ba999100c8e694fd820cf,1305327104
c6b157e7a6ca08d04ec4de4f,712251008
84ec2d5245cfa146dab05065,948978048
c844a386941b86a3d4c0312a,822448256
0648aae13097ac649fe714b9,828341632
34f220a8ee1f24bcc5790364,370838688
d12eda0ba04f846d73cd7acf,1055849152
c12904320223ddd043f39c63,860712704
8bce0097d22b34a804b502bb,463542496
ec1171cac1eee089be6f427d,466100224
5d85d77a06d0f0324d15d162,1406077056
0349908483ce628a0a5fc164,1125468416
d74da3bb780515b1273d741c,738635584
64cb8fc8412c9247a5c243ce,1327367424
3a53919313bd750f2b1af906,1015245824
91d265ffaa6b407e9747b15b,856397376
1db1d1b76e09197dd915a8f1,1697821696
6645a3080e5d10779672d139,798480256
3ff6e77706eae698f86eec29,761024448
4670d21fa84e40184f03d5de,601398336
ee8bad3fdc93f7fb79c9cbd8,1010277568
b624f0438025478c9f66fec2,1092669568
37dba4927e327d3a4a0c1d36,562583360
8d16b1bdea35630a3b09b192,629661952
d54a4c353cebf18d452be515,724319360
c402811ade75f5e3dee73ac3,1023622912
dd926903e87d691a0f15dba3,1158200064
cb01687abe09df6838e1b224,486586368
6ad3e1a47d1055b55d14e091,864680192
b8d50a94e8166e471fd8282b,707223872
a77d82703468f2f9e8f2ea0e,985844608
5d2be469f69f31090769efe3,978680832
c4e8559ee733a551649a5dcf,673388864
5996fc90f923d6e8527097ae,633266560
32d5772adbcc785ecbc2c55f,611230528
5f088237d263c37e78264bba,539951808
799afa0396b9f268f239db51,603177088
bd23b1463f0936d2ced5fc67,508789056
8f35a5d800d98481d7a8b6a4,607776000
371b5ecf08973fc6e6849d14,597402752
fa70a55dd0e2053a1b566de1,385262752
584364cece0bc4d17f0e7fac,466749376
cd968f8973a267790a38f2f2,354971872
c46b122728ef4c9ae8be444f,663250496
4056182cbd8c12cd87ad9e84,644980544
6ac747618b6ca674e86cd275,433176032
afb02897c700dbac941ba8b1,750092736
198cd3f4e9be65b83f01ceea,768158208
c92bdf97d7f0a9a12c024406,452507168
e00e5934d1941490834c3145,981156672
5b139fdb19ff722a846d71f0,738635584
8b554961129384797391d1ae,1131356672
854e27be18fb8f24fd433eb7,813159104
241d9f8599ce6cadac1d6609,843576960
b85b37ae83ef95baa03752f9,1122023040
5b3ba9e56e24e08e1f81e220,363839456
58c6518f9d2d0526d31e7566,658672064
38a1e2050dcab9b4c70c5e83,832081728
da94e4a5fdebe3ae7bb1adcc,832165888
49fb2771ea6c1e8950cc9a57,541365376
f2b67c40a560af8729bc6072,634180416
13fc2dd1cd32d9cfa457a5b1,999792448
b6ebc3b8408793f5058cbb90,1230460288
75ce506dcb994b10497e6816,769639680
6dbfb281abaa9a6956c080d7,481613632
af67a68803a18663e4b03eb1,528685888
a9c212f77a048ddc33ecebba,650311552
df89fa06e32e90b0b6c2014e,598929536
f20a7f264a8285a75dacdc1d,1043642432
61a363a73f3c93aa1775c4ff,954953472
d8c1f7303b205fbaba2890b9,453601216
70962daad7cd15ee8af564fa,980757056
087caf4bce7b0a3fe3c47dc6,687321344
5d2200b04fde91f830478aa4,286919648
821eabfeef3dcc622fbcbfc4,374666560
3d722d960b860b4bee79ae2f,778089408
4d3d887d2236c2f897f3bbd4,879381568
7fcbcd9e274b75a157cf5d5e,808992576
88ea2d2d7cb6d641df3ad76d,1460519296
c06088db17767866b7f4ba7d,1406077056
e4a9626b1107b9397d0067aa,682507008
82abb1fb693f34877bf1327e,1324823552
3279efb86571efde18eeebef,455213536
afca7b219d52b22522abd00c,627011136
7712f963ee37e91abb7342e7,461996192
2a2f455525c8e0bd709db91a,802119616
833ded72a8cc9c0d606a7a74,824004480
f3bf0be37be6292ba0a8736b,1092183040
c06c8b6425e3a7c2d7481e42,425380608
27d4f17375f76219b446c092,449075200
9b7de95ec90da0dc8cff7011,571263168
8fdc9f203c3de5d486de7ba0,519767392
ebf2d540aff82f1aadf95f9b,670912576
51c48d17e774d6cd84f4c355,911100864
5c1d1ee26cbde5b766cb4ca1,932836672
2d26b8360f1da9a677670fcd,536598112
ce1b06502cb0c5d9846cff9a,646155264
3186cd0a3125adf3b25587aa,795195968
f839de5370a225ff993f5b2e,542589248
2900dcf3f944a7fcb33aff36,519341600
3f54091296f773f5a1bb240b,1159222656
499f6f4997474415f0bd596f,1170369792
110539d2ac34e5180e3fd95b,777418240
dccbc668caff517f649cadbb,1060610176
823c9c7abf2d00140766a2bb,1213134976
94af5eccfe170cbe7d428184,797396032
dd21457e18f07d7a927c0104,387412192
5219cb469fff40cd9606bad9,577976576
5a83bd697db5076016c0671e,686125248
2a1edfd6cf74573521ed74a1,643799872
40aad45bb7a980c9c5e1884e,1004564544
a315b497dd8e80464bf0480b,713217408
7095d576a0b963eb340d8fdf,716084992
9d6288cfead77d622f5f5b95,1179341568
4caf356c110a50c6c94f3eab,1044596352
23101b0002252f3d4b3e1d5e,1055823168
8d1f7b0cfde7e496e7bfe972,885943168
28e572584fea1555e2a517ed,796631488
6666ab486afcbc162fb560c6,1039599488
b0978c973ec3291e950185c1,995873472
d6cfd3ddca2a59f0b6999d77,747669952
a77f5c03a98636d90f50e11a,1176899456
e6387696767d20cfa4918ca9,716121088
1dc0fe5bcea9d08874871326,607459328
ccdf0abddccb1a670f31c2f2,861805056
3ba769d65f02217656e0f5b5,741724352
628b3b56449724e7d945351b,926218752
b47713520859d58efa95bb06,1172860160
e6c6625db90e519f9dcf1b23,810476608
3e1a1b2a518d3ca2fe3950b4,536605440
24849579dc9ba7fef1b24396,589092288
6103571d9525ded3c09668c6,602633344
a678e89692df9b14da9f19b2,683930240
47bed52dee0d311ae0016b08,707034304
36c0d26b83e575a500a6c30c,648716544
34447730b60ad12f4775894d,1354020480
aec1778ae3b5e60cac280b79,816267328
d95f38f5d1293c74ac52e823,1354020480
5dedb7b64b6ad0b514de2bfb,851576896
60c71a98253b5550d773a529,716121088
099ee1a7c91105ef46b5e7e8,506824032
b56533bb19eefcb244e69470,1413928960
62f46b8989bee43db86ff589,539584064
4d485ae48974213b1594c905,938852608
c627c6287efaeb6fd9049312,463624544
976945e68af6a66f6fb0850d,454218144
93e443a5b3864d52765e6484,1020916352
6ef9ce7a53ba3bd892e21f1b,899285312
6f3041147f930cd6cd4fae05,534606144
3917b95a3d05a5e58c117f68,513276416
d61ccfd4239026feb484cc93,502173056
b443781523fa0b5be4ad7739,907649344
6f0fcd78c473e4e04fd411c8,619555968
7f134c92e20aa9c6f084edc1,887569280
75075631f0fd84fb0ff49417,750176320
eae4243c274735d616c6b9bb,1143184512
25d233d2779009affadf5e91,825197056
1990717d8c7aa8e732bb1165,916510656
71b99de83d83dd970b00f07f,1258928768
243ab5db6e47f3536d04d312,938444032
61cb98125f43429f7f93c898,738635584
6ed772640e5a311cbfd17c31,469343392
d9f0b4c92bdc9476f50638ed,475862336
796eb5ae3ca5b63c9fbb240a,956665984
e6f3eee9f5048005f24f0943,813159104
291ff191bb029742387a72a3,1073253952
829bde7f8716daf76f65ffab,824276736
110a2f124bad0f9381edce7d,931116096
76b719681617ff7f28d33df3,986138624
eaa6d58e226904e9993b3493,644749376
af3e3a83257eb507b96b2a1f,1093543168
43969367322e86c68b51c2fa,377707936
50fe589dea73e764b7735938,597891136
13c9960a03a1c446aa5515cd,684927936
e7834f52ebad3d3cd00d069b,814123392
fae37ecd6046e53ea121b1c6,724584064
8a0d2f8860a90322d6c3b61f,783119936
008c7a02d158f3b17ee8e015,589733760
3ea6e8da2cb0bf83872dfd8c,635225024
9b184e58842bcb14dd42103b,503460288
43eeb2567c61bfbb059fcd4e,655972480
ac7f6087e19c2d3502368fac,583210304
73494d52196ef9838b1be34a,1010277568
112d996c4c0662bd13af3ea0,1122816256
8c3a02c9ca043cf0f322ba84,839077312
a757ba01a02acbdee50462b6,1313568768
64e3401f22d18b573ff0504a,650716480
acd7394afcee30e084844c63,999348160
35255f80583ffbd504250554,768262656
370a0d0da794efd58cab251d,1230207104
cdb5f8327360c750469cee74,634721344
dbffe8f46b3d9da2e57c97fc,798480256
25b1ada57fd1e5c88d939c71,914035968
05f79195e285c126125d258c,760778560
62c017eac96743cfbb61e86b,792104512
3ca7f183cc0b303e5d455309,1303518208
a3dbd504524f980ac5325150,1353481088
5703df84eef7ca9bec5bde45,1092669568
513aa9c91c245ee4be31507c,950900864
d41d07d1aa700278cb81ff30,846651072
207e39d9cc4402edd48864d5,583712320
7134b03f54b10f282ac34fcd,971664512
6d860c215908949c4ba1c536,527464800
f35f884365b1bf6fb303d7b5,437107648
4f480aae78aa068901ee9468,428084288
39a12600317b58457f68b5b8,760219136
5f0c7a6b4f46203648a0bacc,361915936
d01f6c0b2b338289e9fe3768,626980672
613ad83abcebf6598f0079ab,428212288
effc32659ff9bf30faffb3db,537838016
73fbb3e6b22b957ba6b7557c,602197056
6c8c5e22025ca4f450a428c3,491228544
d6e333e793f75c2ab34fb127,801897664
b82e52830b51e823ac7187fe,694542208
35ed4187f732a1ea68dce712,661585152
0c5067ff99e15fcf99792cbf,661585152
0ad01fb039a198262ec59b72,883544448
906014f0ee3f3f4f0576d4da,565508864
13477d8ef90576ca84258984,694758912
3083a7ab1deb092f7aca6a54,593452096
a92ae34df90cbf8af7695ed0,762592448
82d22ca21e31222068e1ecba,890247616
11727589f7c66554e9114407,646267648
9982169d6f3e9ca61dacfed5,1125172480
2de0ad9bf15232d6056285fe,618604544
eb6e6060b78676d13d6bda48,630461824
6f37300b1fefaaf746f53907,1141098880
7698775967b96e3e7bf66e6c,913958976
863e5cf88a808b8ca96907ff,907439872
77b5c9a5f534a5b80cc16d09,915956864
ade0c9cf1f9106e342c69bd1,530147488
6fb45859693c703fd9c812c8,773873536
45badd183bb1a4c630174f3a,968618816
f66bad2cd4b09ac29f540f63,920062592
fa3017d74586eb4c3b5b7db9,906459840
f09bb33b65b5ebb8fffc3a21,1213084032
600dc823c42aa64f60fc3ab9,612816768
c1d9119fa7ae7d44362f18ce,911448896
a1305fd943ae63715529209e,1161711360
8d81b4681ad0055c274e7da4,410616896
cbb10e7618b1385cf922e815,1244923648
b09111ea69c4be8ae120ddc3,832619392
099f07f9ec4ff6d835337f86,899290816
c70f6bd5ca138bacfdf8b5cf,1278141184
a6c86ab7381f6c43fdd61a01,662205632
58c2b87098ad454b1fadb13a,817073408
6afff7782d129021eebee968,859065664
ad92f3ea52673dee0a56902a,1091933824
3e040e87b89a043564f0d0a2,1014980096
49d020d2056717c2108b0927,846601280
a4ca465294c114b1065bfead,856813632
ca9520c7b8432b0521b2e8dc,455449536
4d20f253940a4492b4f6a9f0,811346176
09b61cf8ff3ff09ac892d073,408571744
86e81141e429bd81d7f0e73d,682001408
b9826d7a6132b16df1bf58e1,352349312
a90c60e05e29b77963a11246,556726208
6e9984a3c3daf63fce5cd3d6,805513600
a9eafeeab4ba51d3644f4052,540067648
f74eed3a7dad1bd8d92854d0,616787136
5b377636fe30946fff973f3d,1043165760
5bf6c1862c0bc967da2cc484,1125468416
cd5111edd2fe80f56db29531,615070848
c76c4695ed005277a59451f4,676327232
7dab6cd1002a8521e5825bcc,746395392
5b57258272dfd1babb29e7fb,727049600
f68b7dfd0579838324895097,1174320640
812646c7de863919cae5edff,911093824
0da10eb6093728074b34fb75,1154187136
c64346c8b0ba32a55292e66a,1144022016
ad6317cbcbb8bc27b0774fca,1288297600
9f43c80d2fa31a09592b030b,1048247040
5b84f5de073000ad4d4b1a04,1327367424
d94d18cbc812d560c1e38ffb,1220462080
ab3110b5dc8ce81471f69c16,1419687680
138a1990291ba31024455eb3,1519114496
646bb3de5a1cfe4bfb7a7ea7,1548644864
d8fde541f142e6a7f0b28099,910621056
ef61986cca74fe8585b1b287,654503424
e1d8eacecd35515eb19f9135,1247641600
8346d64ed6211083fd420ede,690123584
4340fcb9c80733260565c24b,782789952
ff5a27ffe7de039e65170f9e,734723840
ce407c1e25333d7c7eba1b0a,811670656
f927027bc766ae6c111fb685,454059776
3f9a3edf25152433969f98e9,482926976
987476ca395533347581b2df,547920640
17d0e3208fdf10c77e95bdf4,656575936
b485036419de03f5bad01f35,613083008
d3f7847147c88352bd3b9707,855185536
aabaec5accad3f545f864a3d,781776064
400a103762ad652e81c8d3c6,1020218624
acf15357c1a919b6ee78f676,929122240
8d983b9ca65f19ff3d69985f,1141853184
b9a80a4d84eb918792324dcd,400686240
223b3c04803ae7b855f9fd10,700267904
e5c8f2d536c3f931eff2d70c,669533376
f976ec33e004b2d4d32c2eb2,360985952
cb00e44cea76a92e9c44e793,381090720
0e6dcbf136294f2a99410052,810866176
102de0a5ee4f19454b922b96,741243392
cb1c8ab11838d9f0a1197e25,1159836928
2e2f1072d8db7372b2c2419d,487823424
8c4cc779f5034e9c10b2e698,608382976
85734fd69714897264ce2214,971426560
5694c1f689779fb5ca95686f,784442240
f3bb60434cb36fcdfe218478,823050560
cf8bbd3528d3e7e2b8f50c29,895194560
7db1c8214f229d865da455cc,810252608
f3478cf008a7ad268a434ba3,564536704
5440ee15bccc4eaf827fefa8,846982656
78e85ca7c532a77700bfae6d,989255680
eb5e382e1372c4e94f467673,762438848
5a11cc89d3b01eb87535ff1b,943973440
d0f5cebc2059ca89aae30c76,531627296
883371e374936fdd74d09fe8,686006464
9ab4e5f8cf2b807603329cdd,763356288
c37c7859956931d77cd5c9a8,754052096
730804efcdd755786bf734ff,432026752
9d021f3fcbe5f82fa1c1fd94,788218304
975ea2f56001edae07f28fca,576594304
8fea95d0a70b1ea918803f58,775881600
4718488d664194a3c0c5b446,657518976
1b87ffa033dcbf4e2805dbb8,454043136
1a77ac51e03c77ad280be447,911100864
228d165257ef052ad50433c7,836531712
513a83ac5bfe27c5b813ce4d,429822656
73bde441e18a9548c034372d,776824320
26301269301b6f96862af599,908636800
7b30dbf2f6d835ea0c14b392,501681632
254de3f3fc52b8cb62141baa,703112064
f566603aacc78da47a283804,1058756672
990c8d65ca11a97a1d34c5e5,655972480
a9878134c12696d8199a1ff3,546098816
58185ef7646efa724e904f5b,657275904
37d5b8f329ed1ec29d4bc035,549564480
e6f948282e81570fd03e4df2,763365376
8b801b4cc1d254d0277fba5f,634922560
33a334a16c4547b9d7842c3d,602283840
1ad9e105d9da875001111075,981312320
08ad96681afa49c74721daad,756652928
beb73d27906bea7a7d880791,1132762368
bda5b2e5a87a4905a30f3b8a,690026176
5cf70a67ec25288657d6fff4,786595328
baeb4e9d612bffb63ae3564a,1205248000
1902f509aa05287ba42f546c,561424320
c0cf9517f20ae81c79ceb0ed,1072872768
2ca8b22013c529b412ad764b,1143445760
b38816ece917027a179663d4,1035710016
c89167e42af0d42c88e8573a,920159872
09254c66d93cbbf2675b775e,609317504
89f8ccb0c1e2136adf87a10e,998002112
cff851746578050bdfd46090,1375502976
d53ddfac67129aebbe054024,779101952
53b5ffa0cf0dd12e4eeb6a2a,946630848
62db5fd2a4eb831d281ba8ba,1474464896
59b5fe8d4f5ae272dbaa5ba0,1354020480
3c1b7a0a306e16e8c22d78c9,905132160
5219c3cae1c92b52551a8571,1131309568
de6aef9a5e47a614b75ee576,897755520
d168181ef0dcb853171cdbb4,1222945024
6c8e27967ec63e6dec4bd6ac,969445120
8544bc14286a51e60ffee7b0,1180779904
ed48916725be6970cd2f273a,713981568
9ff3268cd15cf039ab958413,238711888
16cc5c280124618cd5d00027,388800896
ac028c1580f6e4da4ccedf0c,449397600
673f2b913006ee8b33e75b5e,518917792
191f96722301456877893b22,625166784
a7d8e636db44cf5d3ceb67cd,373790976
1310e9cafc0b9fc21c212f73,540779648
1bbbe4e1eb264f5c69467e50,556292224
283c1142d027be336a7bfacd,448889728
4d09c2354c67243c968dbbcb,658778176
db3edc43e89840a65749cd94,635054848
0274166db611aabe4e946a83,504572352
8153b36347669087e363801f,470993472
e04473aa943812de1d662058,909338752
7742e8923a4b832e3d94f3c7,980781184
536b5a8aea016aaa90fe744a,866409152
d2c02052de9c97c531a4453f,681477440
48378a6148532f71abcc2f98,880804416
fb0dbfeedbab00cdc7eb93ee,944986880
699412bfdab1157487c81725,996162624
a63c26369cfbabfc9c2603b6,1320466688
34e5602cb58501859e32dc9f,1205476352
da83b03a6c9d405f55714b0c,1300369920
d938d682332fa9e5c4986024,1105066240
e9e39766e2c96bc783d580a9,1415158144
fce89a9ffaba32f9f7c5895d,1253847936
2d6aaefe0f50db8acde6fd1b,1266484352
1710873f951e7f695fca3568,463534784
0ce068461fb3bf34eee000bc,626217088
b5606ddf3a4e60e2a0e0d6a8,1040961344
2c2e56e3e5210c111c7de708,631833600
94118bd8c3da3f14f9c7836f,504572352
d20a5b3eb857e1f4b548066e,661779072
ad37e23456bd4d90010f7784,877177664
c5602c608080e2546dea5463,392572512
e3bd8bd5884a55fc1a151687,652076160
aa31e5995379bc38dd40b8f3,813338816
fe8a10fb4031669a9b21c919,1009651200
08eaca41f26eb387b67bf30d,1062082624
23ef4d57d130e4130205f30d,861954432
d6f1594affb8db7a865e3452,388800896
abd9cf3c36309d590e58c2a7,591974784
1c177af5bb41e26ac0135b4a,976628736
a05da8df13eb4b121d536912,533916544
5a5a581ad5540fc82cd3c2ed,631067200
b50ff8bfc0b4c4b165c5ccf7,684145728
2abbf26e80643dfc1b75edcb,1159759232
ec903c33a379d8d2cc04ab36,803351552
c062d873af3b7cb98ccbeec9,1185931392
927de0269795dbe0566a0326,888733696
ee703dca75c4dfd5d035c9a1,526785536
b8a42b02c50438c2ad7598a1,449836192
f7216fd19f41ca5ea66a9169,449836192
f487761a658a4247563faa38,672979712
caf878b42daeee3c7de336e9,999263424
29d0dd2d4b120dd54c34b13c,671650816
1cfc7d60ce613536d23b093d,927152064
c6c7409bbf52c86461aa1dd7,586879808
312ef52e0250429a5ecb3b27,1057023680
48299e52748ecff3b69f7a90,753071424
a02f6ef1f148659297d46b33,724316608
67f664c8f9250a22c10b4f67,980781184
4977af03eebca1aa266289e2,720409280
39af71aaea23b5c1e987de32,599463360
d69b019e6d54faa1cb044d39,738635584
024e94e72ae88464621539eb,1105066240
b980c778ecb2709696265c10,1415158144
8780134f8b40f0fec4d1b661,1009651200
107f29b67164ad6861cb7059,1052086464
c8958d280d0cf2d8a0b481f3,614057920
1f8f74ce8831d5532f330925,1055094528
7be46b6dd9891ab771fc4be4,704117824
4f4f7d2b14079ddf8754d6ad,742104640
5921ce922675f6517f8f0007,1376191616
49f0323d28ef0610248c87c0,907713088
3ef167ca6c4ac77f6968d17d,791228864
8d2f9968ec8aece8d1a20137,808243072
4bad47078442f3416b2c1ff4,492109472
5e1cc2905f7a701f895123d8,763561856
a8633d3336d097920bc8a9b3,945392128
72fe83366bf13a53937b7034,923900160
ce78e1dbbf0f7aee98e244df,750750912
11be39d287e5a8bdbecb5994,880804416
40a561bf79fa7a08155e1183,831780672
3dbafa8cd5225e261ec9b6ef,601729792
68cd88b657b59f5671f59e04,297871040
6a2ce95a8be0654f193592e5,459671232
4e613cde51f9760d3c051562,993258112
1b69d2c7fa8f802c4af1369b,791228864
f126c4b36c00d0ca11c21a2d,548057728
e6a7e6b41e6c6bbdc16e1e14,742104640
5a69ebde2e113923ddbcd18d,1029181440
72f0540aab38ebaaf9a389f6,1183698560
75b5bb7b5ff8ebcc863fbdcc,1055094528
096912698fd9a59d94935478,755599488
f0ad965090221d2349e90d5c,1017574784
1c224347a1445ae01184e0a2,1376191616
0ee7273686a0a92fbf48a383,1199844096
e2094d28cacad3e2a711c5ca,421293152
f50e0ea2c3831235704b8c72,424749920
1e64759f297a66524eb07b7e,670188160
7636a187e29abcbd8fad6244,720679744
9b858a70a031475e422e375f,966345408
56c2e8e14f9c6c9a9f046a08,626185984
1bd7b990be19afa5acc78bc0,622889664
8b36b7364e4a4c80a6e50bed,593201792
d348d38769937c8f350297bb,1115339520
f4350916cbddd5a544c6ae46,597173632
237bce11f35d32ff029498a3,559338688
faf92fbca9baf8cce4a00063,563370688
812c9b5407424f956d308b06,1035727552
9fd4adb5c63fba5a11661b23,713031616
168f81689afa1f055d8bf7c8,629167104
2a9bbffb1b98c49d79bae509,831539968
b95ecad591e5c69fdad8763d,788759168
dc51caa89a74da37ae644ff8,788759168
d97895a836e6ea22ff3265d8,658484352
de754bceba2d206a9cb4f116,670478336
036177aff84b1901e0f18759,531627296
8a6cb559a488d6ce1b641585,678283200
74c4f233c7f385be73168e0f,454218144
27a6f3e8f9649ccce7680f0a,844757376
711045fc099712aae3fe4d14,911100864
01e033f5bd502c4ad398ece7,589092288
a99261116e0158109b3e3bc3,440915104
2d8d64261ba659302da4a481,501681632
9adaadeeaf6a403e1c8754bf,741724352
2ab24b9c5349427998338d21,877100224
09ce36a03c52d6721bc5276b,570421632
80b37d5ebdb325edef39258f,701989056
78a080fc98669c0cd9153904,947360064
2d14ad8ab9573c406e203ed4,731728896
145f33a8350a080231306bd1,778024704
b0aaae3a435fde30c4c02fac,1337183104
b3f5af523b5d6d938693ebfe,938852608
25d62e6b1a1a52cd8080354f,1053411840
5a06a8b33611251b62d77e72,1205018368
e93a9b257ecd815c860d0b82,930982784
610f192d22864016cc2df1c9,1017890112
4e665d479b3bf2e25cd463a2,848871872
343be18b0f77260f32ec05d2,643035968
33dbec39ef8c0667e4c3f039,696795840
b24fb90a2aa5d9d0c7e1541b,1221353216
b56a3a017449fc4ce417009e,521955232
e0dd5e6879d824a95c3c1773,704325760
156a20e2bf9e48b9a360f9c4,458617280
d5583fa23ed97a3b9413e910,804126464
4e6f695bcd4d3c0d8497c1fd,1100143104
da7a511a5f470d99ab2bc4a6,702582208
22a6058ffe790c98a8922258,701056768
0c19c54de06d1c139df99ab0,611746688
48e687093fb26d29cda9ad6e,590355392
3ad3c519ced4b63ddbfdb0a1,645140736
0b221ebf810f632568c1e2c9,1020538688
7930f32456e796e40fbf78ed,1068991296
f084bfc530f4039f6631537b,1024631744
f9793063f561dc76c0b49a9d,1036712960
4d2ec23fff8eb502a9d93353,1301100800
a6f570e11883e74654898d75,919031936
cdf11b53a23fcf9b6032cc8d,1269187200
6f968f62a6fa4dc255397bf7,1075899648
d692ba46b098c6658799ea8f,683381120
774a4b48d34052a978b1180f,766479808
acea4c7aa1185baaf6d3b60f,915404416
07ce6f95a7719abc9a204b6d,1039412352
b371665aece480b8c1602773,1302905088
5edc37d9746cbef8352f0fa4,659670080
26617e1fb3b4f0e4a70e1b0e,680262976
b1a13541b37964b8b85f4669,437689440
94213637892f5fe643cbe8ca,437689440
742acc26686d04596ba60a34,562649344
acb1d16ce30aee0a39f01f09,807620800
e0d837e6d5d74fe91d39d23c,663005504
29028322a6d692edc5ca713f,887108864
03d54a6e80d48c96a7f6a1fa,551665408
8616b310e335f539ab1109dc,813159104
6c21f6a3513869f93b32e9ec,996741760
10084cfff54a17bcda6f19d3,904344128
169c742419c0d4335d09fb45,954293504
0f06896d7502890175cbc4a0,810441664
7d2e3464d5f2f79ac29e6c0c,716424256
de9053a55630670ee8e59c9d,1160634624
8d54b9bd24cd9da341cc942a,746534272
95570bee1792641c7c12e4ef,1078194816
6d0c5546a498fafba15f2e17,396156832
ed43b0ac46067bf886457c01,979823040
8890eca19a9e1cdc9e0f0541,1092667008
760a5dbccf4eb4ccc2622b77,746990912
20fe2d7fb3910ef786cff965,607341504
602abdc140c40112afc1dc98,539712704
b7f906741cae6861bd5fb922,519767392
4d45fbe5a5d39188b5eccbfe,775471936
08f74ad7f06f2c409903ddf9,826612224
7be186f4eeff5c0efd58e424,880787520
3d1a767dc286fe1cb86ed9f6,932836672
2ec9f5265334241fc594976f,1024631744
d737b8b7b39e99f7d877b7ed,816954240
8fc50169e6ec98a3f4229ffd,968340544
942133ad6b84f9d08e1d4e7d,1129854976
c965b03014d21473b27072f8,902840256
f1c8da86597a427e24dcd557,763365376
8ed5e7770d03c43ed19abf42,628609024
68ea36e3f441cb6da8d36198,1170365312
c97715bec6032974060480d6,1335297280
e6eb47d050702ed49ef5c49f,1326119936
5a82fa348f3b97e74cdd3a61,798136832
cd05166ab9bf3128c23fb8c7,759998144
cbe4318f63d73fea6238079b,1331992704
efcc8d268982e95fe2fdb311,1327367424
c45d7f326a2f279760d1a4ae,1081589632
7c5ce0e65cb26773edc9ddef,1303362560
357fda0abf79ec95f73e3584,486393920
a1e8f0c7cfbfecfd1549b0b5,520303072
3f208f32cc24d8ce1506ed90,688644416
87ca8a2b3251a38d45730f5c,639272000
728961e03bfa6e3242f06d8a,585080192
b9f9dd0d368df912e6e0ce70,1077131008
429b049255a7edf227a980a1,816144256
a6259664a05091ef92129c7c,824866112
674c915c52b27df2c06b8bd3,771468608
f8be64dc83c5923983fbb770,885635968
445fa7f5e8e9d7f12e8991d4,1111741952
0842816a5ef4f24435c8df22,972803008
40558b62d83e4362efe1fe26,363055712
bc474096496b98177e40f590,1050698688
2b55989b2253416428ece917,1050698688
7158e3a6d456211d4533e246,592382144
d4fac54e137f5d27ce5f457a,776563264
faee80ca0efce20e731823bb,951845248
8ec09555f5a47f96a8683699,1091184640
2d7a48a6b9fff20ded24f86d,785800768
514b09016ef85b9ddc4fafb2,1040255808
a1c975ab16effc6f97935e16,766981120
e803e3806630c6579f004610,659155584
26526235b34fa5b7349df00a,595671808
ba762cf12cc038e5c43bc6f5,642069504
45aa335dae223bccb31ff7cc,808416896
1dd3d7e197075859c1ff5b23,1079662464
2db9b3463f85dfa87347d6e3,1102165888
f72cc14d79ce15491a96ddfe,1158199040
4e25bad08182b79f5ba9639b,1305396864
e724a1db86d8d0c6334041b6,553525120
8fa53bd51f5d54be50b3fa29,625138240
fb7048ba61e9e6b1de829bdf,730220416
4bf70f19da0bddec9241d310,507588544
13c7f3592bd432c7cd0a42ab,749497920
cb64b363295d36b9b0fde3cc,980193920
bdc17ea3f30318b11df30508,868410048
cb7f62ac4c1afbb4256601f0,817029952
5d6c275d9d3326e738c875c8,858473088
9865836c04a9582688f50496,324081824
55a615b65a28b64d46ec63e4,594892032
dcc9e2c9c1151bd9f93f44b8,556172096
1a2c0e46bc18bf3224450064,722116928
3de8187003cbf6c4813bee45,669064896
d62663a447beaec69808f85a,447363904
1ae17f134221d5d9ee69ebd9,656112704
35e55d060b1c4239a85c0ebb,448972032
45917f1bac415feac7e41124,685531456
ed44705c17c414af8442b6ae,690220672
6f01f2c67343ebb8ec717a5b,463582784
8f2218126da9580268661c70,991078144
5b36bc6e78872d2ca6d3d1f9,607756352
c5c7631ddb5b485d0e992f7b,747143552
43c88f1874dc7f91c899df36,971032576
dc544c90e6ee38346a6002bd,638423488
02990998f3621fc5a3d0ee63,417273984
dbab5ea45ae910567c97fbb0,997487168
bbf80c409ab3a6784028eb6f,635668928
40e56beaf4a7f28f8108b132,635668928
e857db57a89e165eade00770,467622752
41fc4ca2b3f48508d840bbb1,601298048
08c1db1e620e975c4d476b2c,375479872
8a1d93bbc83f4728657317d1,552112256
6be0ddd4180b5eb92908da05,684125952
ff1498465e4db86f4f652e87,711638208
6410d336f6e61c4a81403c61,642917184
169cdb07bd175b4325fd28fb,656941888
546b56fbf616a6dfd1ad9d88,972862464
666af58bb684c2d8e7574e86,837075008
9fe75dbfd537f9ebc6653f18,727264320
ef961c130fa3b9015b103154,1263391232
035ea0f13f2ca01c902d5388,652794176
7800f742ee14c4b4142f8b58,941523840
0c621256c4d7ca81045fcde2,569181440
50db9d168354ea3d75a03a6f,767169472
7bcd1fe7a140b6eeb4df2aae,703266240
49a4cebdb22fc2d72bd1aa78,442208448
69ae1f2868fe714ad8e2f114,578755456
ca4f4a66d83f2043a7dca261,581491904
c0ef32a7a294e5891505bf35,581491904
5ad6f4091b77715b7f74587c,1013351808
331e915e2a66fb70380282d6,1039703296
3a00543fb00cbc044a5b3527,679803200
81df59c6d8be19568d16ea3e,527419072
88a4da0d72977b0c56b31061,681264768
3ff9e75c6de41de517d1c4a4,353048704
147f80fbae69dd577ff19950,962520000
78beee9b7fab8600d420fd27,588914432
c3733b88ebafc0a05f5bdc99,527398336
568509a7aba60f8fe2d0cd5a,851252288
f6d3f7e963c9aa1783b3adab,814240064
ffcf6794a400aba909383b41,858035008
fa0aa00078cc178de0cc7d96,624778112
eec51f949083f39691e37e15,799389568
26f3d5bc3adcd1396747a414,929122240
cb9e058f82b10cf80990beea,867621120
22a0f3315f7600e5120db131,475722912
bf6845aac15fde9b89a7208b,527792448
6e3cbbbd3f4d0578144cf021,947968512
98a0289e513d5ba036b24252,403520032
597d3f78e2f413acabf825c0,939859584
43a91a731e86b9a0784f717d,718068608
f34ff57e272cd08056e6a243,860341888
6f68b289516faa0b7ef36a34,537219584
8bd8a7e19b6d3b8bcabb84d9,654503424
74b64bd536ebbcd7c30ef8fd,1132317824
f968e756cbe6504fa0f32458,1122602880
e99d9dcb9880cbfd219b4297,896261888
4c9e6812520f4aea4ce435ae,963995200
78419be95416d2991ade8be1,428036192
d417ff438d2a418b1f9e50b6,534695232
3ac77ed776aa4630c7293240,684145728
95173735a8f6e554f083c065,1157382528
83da39bc1a2eeb75e2825c22,604303744
4bf89c9e50c5417ed669c481,876547264
f90fd39477c8da38e33ba0fb,952649216
b45bb2d0d137de6984d4e1ec,769781312
bb812343bd6cd66e9cf9a9ba,398268800
e299f614cd8ae525fc8fd0e6,1249550848
521e9326a2003c7b56fc4365,1193026688
dd59ac4f6706a1399360bd14,738635584
d6c6e7f923ce2cffba8ff9df,813159104
df07a34d0ee2f78f115c45cb,1459020288
db6061f876f890071f7ed957,1185589120
b31601cf48b268f3b4107564,888710784
3a9b2ef74c59e96a6b107357,390835136
d600310e19c926cda14ac923,1144022016
183f2cf1a1c7eb9700b6e72a,1327367424
42556b1bae874a5c09777873,1288297600
57c1ed738536d177d66fc52c,1461242240
26cdd114566b7cc63cd96fb8,1125468416
0f679cc583a47b30ea132bbb,757831232
32ea7e13e8d9391aa9b7ab9e,448889728
0a482968c7cdf212401d72b7,671046912
85e4ee2583c51592d68ef5d9,581491904
f4ce15aaa352d707b68cf773,553634304
7d383abbb6ac49c6599ffb0c,1159759232
6c67b1b0991a1d79251855c3,1024182656
9e52ce2cb6f6b7e2a152dd54,592174720
bdeed3a7395cdb9b175273a6,1320466688
423ddbfe2f575e6bcb22e7b8,676510464
3247399a31df838ec5fe58c5,775460032
bd57e5cd29d935cb26006835,1082999424
bf00f36c4dbb273d7ba4b7dd,398806176
48b9efef82faf72bcbdf66b2,1122816256
d2526a3e39ea01f87c99d073,1055094528
651d5cd65f80c4938deb7da4,525392384
0be7803a34b11d89133beaf4,1116063360
a54b0b282edbd217e9509287,973805248
550c5061428d09afa0c409f3,635033280
7538c609fdd115c9dac551f4,889047424
d7e3cdd3ac239a5c318f2e9b,1250983424
9bb193ea939c5308a738fcef,463066176
33425419e1a8e854418c5180,563999040
fedf2e30e390f5cf74b27e97,742539968
024c5c787d005adbe770b9bf,536671840
13f681a090b36edf38a4abd0,336521088
442c6bda79f63bae28674b1e,494261536
47e0c773f65485ab7c78d49f,788218304
9e30b310c820d0426f504d90,592382144
8cdfda9067e0934a8ebe0894,1011784064
0a8aaa78f68d43e3b1bf6c51,784016768
1101f533fd18cae5d32c1cbe,1018075456
9f6af9ac2404a8d55f24286b,685109184
75060f295e0aba8e1224f766,640982272
f0e68102ff84f49d90fe38f4,427151328
3c45bf3e3e31e7804ac91704,744148096
f908e1de4c4be0d77411a998,738375360
ca643c04044fabc6fc566d12,1089966592
8aa76df8fea21a42fb6229ff,707969600
c214d2383936dafbe0652c51,1122816256
993898470c6676ce46ede92d,975511040
18f6240cad6e92f9151099c5,817519552
1e63fac2629793fdcb793f1e,776563264
e0137390f0186c98f4e91263,1197421952
e35f95823a486c52b0f4c2b6,693416448
ede10672118071a215ae09fc,1026127616
fcf46edf6d612ff1f5ed6134,917078912
df4be33c0931aa86231b7a2e,1202074112
53fdb16ec08e794dba9a10ea,1092009600
74c24c5e142e5267456b24a7,1082999424
f1bc08407f40396c094e0499,1093423488
496ce19c015093e97144d375,663190400
a183a1c009abf7251fd725a1,941065856
6bdd97526b1a9cf10853df1b,991979328
f083a8f187e2227696695ee1,569671552
2621e068043a5019aeed6c8c,635864256
3b43e7acfab46651b099b1ed,1301100800
6565b3281cc2d632febbb6dc,961971840
09e47ad8508e7cfee83c6d68,1000216448
88b02e7b20ce6db956afcdd2,1311121024
bfc41facefe9428865e4c29f,1188668032
569bb17b961fbdadf7106d56,1100994432
2314e3ffc7242a429e00207c,968863424
4bc1e2cf5e5ffcbe1020df08,1090831232
949c4a5382aff4750b4dff83,1222945024
a63b4a22614d334b4a61ea16,876946816
734fbae84cebd50aaf71c48d,1083769600
f92935374a7ef86314223c5b,862470976
6cc8e22f11d382206273af23,964062272
701768887155444b77c4f446,419131648
13c86cdff4dd32a9f8b9adcf,964571456
8002e2cd1b70ddcae88ebc4b,1325524736
d0d77497c8a7d567f01d3afe,817605248
95a7b01cd60cd10e7364a600,523094304
d1e38d7cbd32567c874e194b,785726656
e674ba41f9657ac8f30d4f7c,1067483584
6bb760d54e5b0f54d9612a8a,1183698560
9e3bbcdba89c647e4ce53182,597859776
72927abf4bcd53d6907aeeda,993258112
aebaae467e5f01db3afe69ff,605026048
3ad457c8855ab8921a7974c7,923900160
1f3d3fbcb686ada1a96e01e4,437490240
0775d831f68b88ca59eb871d,1162523264
5fa3b0993cb43d3c72c30093,1122816256
bef19d0084cfc9f6fa37ddd0,727549760
85a856b4d0dfb1fae861f513,791228864
07fa1ad76017843232107517,1376191616
4049086139009c35dfebb3ab,649910592
655120f80a39c19221623311,734676352
71dca93007d6ba45fa40eaad,742104640
9f41ce015f02d67e193c41f5,770557312
9017bd24d173b2fcf564b32b,1199844096
e5ef29d41082025c42f7c921,843609024
5c60d7880850970facc54bb8,1140069376
f51fce25d8376d48fbe73a43,406529312
9dc7b0a394309d8b76d0bb7c,906292544
a12ac99bf63b547fd9180a79,795637184
378d846a7af35e0c3efe53a9,829375552
0872198056be7edd5eff220c,825090688
efddad1eec775ce61d3b7b64,864237888
70c19d59c6b9e194b6bc09fe,651802560
b0d3d98076883f346cee8d04,1312778496
c7694e92a97bb66794e62fbc,802207936
7b4fcc72822460a428c19282,856373504
a6baf4631223d9b24de8b590,624124032
a6f616d63d134f14ced205d1,1005967232
50c123baa5783185ddbe29c6,859221632
24756921525595f1684929ba,922838720
caf9c761d21329c993a0bdf3,997455808
193d70ead1ff1043845e7671,588005056
62ea31859e01c2f4d4e97baa,633820288
272b5b5c28e46c6f5ad95c22,792685248
552ab0964056c1d1d1b7398c,1295762816
23799891583435710f66303a,745614400
34896afec0b639648c527483,1182867968
eaf53eeb911ecbae638409e5,584671488
b1fdade0fbf0470060fc2708,561341952
8a20478528e97700dcc84abb,569061504
702525f05b47353c95b0905e,651590336
b84c837c5a1fd0f1ebc5f8a6,434908512
ee2d16316e6f4f2388494c7f,614268928
ea4af07bef4ed93e81ded95c,969874624
1a71d0d3503f9eff28acef6f,931026944
1fe392004a09aeeaa6e8bce7,767639936
46d4b0cdc81137aa56f516df,1380004992
4d666967b74ccdf5b04e9787,602877056
fcf79745f8cd716d3ff9d27b,754031104
aa8a19a2fd3e2cfeb3b7dbd9,708100032
f055602beb49dd6040641c9a,734550912
7b1377c8d81755bb9b501064,740258688
17d0418e4a439e9de8006f5f,830450816
48f1c6e343a4724ed865533b,961178176
353207faab3dcf10feaac8ee,671795008
ff188e88378c8e2abed8119e,877158528
424b41f5e01ea2e2ccd3ca48,468509088
608cf4f46a188cf84f853c72,660584128
f9e7582dd99d36bfada56249,1160704768
d52f04fb69bed41ffb10fce8,644720896
ea84b58f733c8e491db98a52,1000837696
68699eb9653684fdd3fc79b0,945392128
31f52502e89beb1b2e0dc3d3,865932160
fd41747287a480d5c4dcb56d,1280296832
b7afdbc1b57b52e6fb03accf,1198736128
48b270a493af4fa28dab9211,659829824
2a787b39e84958ca6b7001d0,824467968
e439c77c0d871996bf06bf88,1004564544
91b8b9db5372a2c3a5c30c58,751161984
038272b33c075765464761e8,950002560
fe8e45caf7605fb91d6bc5f7,652803264
d354a2581dcb183c0cd70540,632086656
9421ce9f204f373a50357fce,477773088
56bd3b61805077405af098a9,516617536
0a606d19ae362a58922b172e,847232000
ededebb1a544fb3246d3e131,631359936
6b6c365359d20be719ce815a,846924672
b8b22c1afac62b05ad389dc5,614668992
3e3717eda8ec9a68c9d83027,578524224
03be8ec62dae56680beb2cf3,693079744
fe6c8cd2e792d62a4c324da5,730880768
f9c133f7a12f2b8c1b2beedc,705486528
4ec47b8100d224499ec608e8,870027200
143ca16847cc47d4a4c01ac0,626185984
22127243f7ba3a68c3fc33bf,775326656
835eff7679889fcff6795d8a,876241536
4ed3eb724d4e57a7b35ddf5c,783324288
4d743a1250f7d91e2782708e,604219904
9f5cf735a842860e7ac753cf,1113563264
e54a8b735724b2af56c7a36e,176966992
3b39471f854357b7e5d2853f,788935168
91bd11b5a8e0c0124be78f46,392011008
6121943254877ee48716c4e1,503260640
3f4c2c98a5a6cb78d7d26327,609795584
2b6d63d6b072901effbc8e1e,1024631744
7e4b240c601e37977faffeb0,1024631744
ac29d71a80307cab65f29ff4,959610688
70c77552b1bb67a2a71c2ee1,929122240
54a09a85767156b072c808c8,974191424
244210fb4bcc0a04f2cdff95,1028455872
9a2b53c1c7151a8b26a71edc,400175552
918c48a512fd6ff22fdce5d3,900962432
effe4219e6cb56e5ab70ff6b,763955904
936e6d2192f28a2b40939a4d,1235003776
ad9a1b23979f0edd2ee19f38,1028486336
8a8e4996e24142eb413c0d12,961971840
31c69cf4d197f97ac594a896,717387840
143f07eb2a8f0a9e26fc4c56,1458575360
e5fd3cdc6a19653275c7f4a8,832779072
5c7efb015b8ff7f108c99723,797721664
394718d9d069a126e13be804,895434560
56f30ea777f5493139f22384,1387088128
37d5a902f1036cf3d80c275b,673307904
3f418a8bcc7adfa87e0f67dd,940738752
051416c05445860d5b4095e6,690294592
887761f34ce0996bb05ac48a,1089213696
e02fa06a8de8a603e417d5ad,871816000
6f5929e67fb8da068b91096c,1024219456
291479f573955e063f2d8bda,1225529728
e60850405ccec092b8fb5d02,720652992
464864b367e16547fe319229,853085824
4c14547b7e02e75204ca9f4a,623844608
6183257f16bce94113879745,783840000
46c34a4e5987c20eb1f5ff99,861567808
3f39b25dedb96409dc9d1947,1201920896
e7a85e64ee07971696f555f2,894537600
33043b254b9085fc82ee1f7f,478428128
bd2759d469829bb8926dbe09,885943168
affae17b6cc59bdaa30e29c2,921651328
e611d41aaf38a58acaa0bf23,735108160
0de426088a306321990cf60e,511148128
685982808b30597cc013e2c7,726854272
4cfd1be6a93641b110fcaf67,624584000
68fb3b3cc3e5b13440eb014b,1357860224
532bf5813d7e70958f71a480,1237601152
06ee1d8f3ea326a0e3a9791d,692700160
1862e0c4d8e89fd2302ab376,1375115904
f3dea3d678d959aaf6b2849f,1432562560
2478e48a3c6bedd57c13c72c,653216320
efa36c7738fc14a11cc352eb,367906016
2f6dfe9443645d6629eeccb9,863446336
bc7e867cad6f221dc44754b2,1065771840
e4f2fecf58a038d7b18f7160,1041252672
a7620d5599ec354541c8af13,1362985088
484cde8e47fbf62a339c8219,793669120
5fcd9836a3ea537fe86d457d,611926976
1b288024824312c8b1681bd9,842810432
44e4574527acc86977f5bc41,798584192
8b716bc4d6d833f9bff3e729,852143552
0ab85344c5fe6ccb0edb6313,1203631232
03ad99f1799f2a20c8cc0a50,981209408
6db318f828d464be421eb572,854539456
c3e648317c360c76b94bf541,689913792
19cb65620d2330624252d01c,544704832
dba9fa9642ebc97ccd765db6,659994688
1d2467e5f991b935d676e906,633617216
4091a115125eb4a67f494620,700028480
d197410ebc0e3b9937464923,609963648
722699e593085cdd72102baf,630875648
c059affd0c19f6d4d76f37c2,620416064
855dcebac302ec5760f67121,729630272
f433278518a80c3301f26cfa,637675200
66a45b0aaf5f696d35f5cebb,829296704
0152ffa8757aaaf417e9f997,1419328000
55b72f6c7163a9b0b3b0b262,857121088
c8346a875be8391145a2f9aa,409544000
11c86230e62bd2c9ba44131f,1566662784
c4b97a459e2c6d13710fa273,713031616
8bcebf3cdc54d4ec99ba0d88,459319424
ad159116d166e45b70329bd5,554344384
6f060a8ee8d6d15f46289759,629661952
ab5f089f9d2ac1bf52222ec5,372656992
f4fc2da675d6a2583054fc56,405803616
89eed91bf5148b5645408222,837329856
0761d0b7c6e319a75b06d420,572784960
ce84187750fa7aadd141b5fb,772123008
ad77298955813089bce818a2,1118262784
3abe8f334f0f20f8006ca5d6,803149952
36445c32822146606f75dfdb,1035186368
f9798cc6285c9fb3ed7cb668,816648832
59dd396f70b8458772307895,1006654656
83e91710343450cb0812a6e4,1229530752
1e7a931100be734988955242,1119429760
bedc5ab20edc896f814c3f06,1058262656
f884247fa6414f384480bf38,558554880
f34a38cdec7eb598e55fa41e,880497280
106ad411e13ea21ad68e5f59,1378672896
a87c585acf2a147e381005f5,447848000
ad755859e7b6afbc021fcf6d,1048688384
8015080cf97316a08453a9fb,811932800
f56d8f5cfaca0691c6ffbe00,673522944
8ad016d414e2d2be053d7612,872523328
8b91a957eca1985938860c28,792742976
20bce83e2b75fc535a148dc8,799906432
5724ecee1b12e888d538c1fe,875842496
1e90d068f3c86c6f691649ff,959678272
0fd954262ee740999c31d407,427174240
a6d7b144058ebc326b9803bb,521067200
a81abab882910584371c7b66,698681728
9e41c4b41cbdc2553d80e362,694129600
b6fcc49ad3656cbd3f4c2ea6,863974976
9a296eb9b63ffbdf2a07cd0d,891806336
3fbc0746bd620a0baabbd859,842873792
3043d0b025fac4ed90b448e6,684002304
219555efc5b4291791143252,385596192
a00863c7c53b2c059ce22dfb,628924544
28b838c94d10823ceed62e0e,847966976
7e64ab35f5e336d5bd2e1b51,630107008
52f24ab479fad35c8bb5a8f6,703384448
0d1ef14606c58310cae371f2,623577472
a465a567a4f60ac534505bdd,1190886016
8694b149f7c0deadf820f0e4,1112266880
16d6b756f5ebcacf221918b8,727556224
7d132190218425df1857b8b8,1141920640
7c7a3f51a58dfd1588d7c088,692741312
64d1c45a2968b0fbf0eeacaa,743540480
4fdc382b65441412fef509ad,959268480
04ece9352b3810031f3f9a90,1329926272
8b5b351e07a26c25cf51e176,453174112
f923bfcb8cdb543c23bafd52,592641728
a15a12446d2e5993a0a6c423,1081209216
ab3e1642655f7e705cb047a9,592641728
b62fc917b3e8ddd64bb81018,463837184
835842cdc8ea0a2206c2b46e,905501056
02ce5bc5d5d286a4cc0928f6,1080571776
d8e51f7b40bf1887ac007163,933249536
90f320e94aa429856e37bb35,649173504
967a7676754d6f9aa3e14473,492578784
9251f3dafa0e747b6e78f295,606683264
17b5e8357e17b516d947ebe3,581210560
f943cfd29effc9c048b8e106,824043904
41719542347401b04dfbaa59,694109248
bd6ad9a9ab28aaef9b4955c8,850252992
bbff88040e5b20e874cfad9a,670387648
3d6a9a4f2336a46eb62e6a47,1169257216
493367258be5d63dc8db97d1,1169257216
67cf2149b4c214da77694088,909638080
8d2e85825e95f6941445cace,972004288
01afa737bcfa6b1ab530eb09,1057514304
25813f7204a2e796170c4836,459700128
3cb1773d90dc240c4ffed5c4,888733696
6c81a0b90366db9f514362b4,888733696
44c8131b88accb3b46b79ba5,785800768
ff185be4fdbe3790c72d00cb,647614912
851f50292e30b0a464c0804d,400176864
6fc2a4f29e3b896bce631ee0,475862336
cabc4fd04b60a66bdbe2cf9a,1406077056
61e9c2375626a18bc9920c5d,501991136
396c8060d9767b4debf2a54c,682376192
92ba019bd942fa33ab742924,636979328
ff71037ec8e5a91aad6f0686,917411072
d162a90b37622c1dc6550690,607599232
e1490f0730f8fdc36993027c,757469056
5a066d6bb65d28c2094051f6,825742272
9c7bcf000cb37f48d9f15422,845202368
528a6345df87dd0db33bf822,560985792
579ee47bc31f5408314bca28,565449600
eb61a13df1c8d8d0efc4db3a,275936288
b649d315ff3c97c4e8e9db73,424052224
d8dd26eb78ff22272358e302,930075968
6ae2221c504027acfb7368e8,586840768
3ce908c9b70f349158f7d04a,1040961344
7cf74cbec871e465ec2f6a61,1040961344
02e9b077d6cece81387fda35,876258112
865ed399cc344e0638e45128,1240422144
d9ed55fb72efda67f5144330,1238757760
9fdbab0b428f19e7e8dc35b0,1074905600
c061b886b7136a1b00c8ea2d,842121600
fd0f6c0b5234ec1f6c7d1fd8,878365952
9df90c0644948ea5539939eb,1331304192
547661e79bf0c62cb8de63d1,774815552
68963f5f3657cb64276e3beb,939532480
cab0a460167bb64c037cf25d,779332992
31977cd5d4c09eff149e74ea,800091648
23264fdd1059460e079e5810,753714688
4769743185eaeb0e4158e0e0,489416416
780c809c52509bb4855a4efc,638787840
f64d4e029592761bee698958,426864544
be364e85b988ef8627ece74e,664984064
c73c38b652e9418f06f89b67,359408800
213032fd36fa1a6342570158,864001152
d519a8de5fdd1a84ca1baac3,823884288
df91a494d5d244f20dab0eb0,627451008
9be92b361ffd3ea2c69be23b,927229952
cad16b2ea432d926d961109a,426135200
56b22bd973f94a4bfaaf6b33,568529600
84114798ccd01ae3dc97cb27,386819360
fe2bf1f402addaf17a213030,765359296
e01c1b69abb6a4c1c69c77d7,932836672
24671f63cd061228ec0b5b9b,829217984
f54c16df774e70d49355cf4c,632197824
5537b994e85c2688fe555d5c,679503552
1e5919cbe4373aa261d672d7,519767392
cc125d0f70d6d0819d6d90ee,514076800
51f94ebbd6d2533862a1fdbf,737723456
fe409f9ea8d18c9d9ba4d02e,646521856
753b47e2a3b9fcdf9d7fd9fa,516396608
6bdb3153f267395eefbf588c,423919904
9bde9f216ecb90814670e87f,751667072
7f5280804c59f56fba3d6201,599463360
ceaf16e097500022498950ff,694828288
aef06b27b0a080b5ee539b6b,518953568
abc668bf93ec7d1951c65cf6,646521856
56822f406646f93fb39d9e60,665981312
2690ba8b22a95cb837cb87b6,417845984
180172e4eee8ba756207b3a8,443366112
c11cd2e00942ffe56db5ae88,536598112
75a287d87aaf6ffe7b6db546,574655296
08f35bfbfe1bd663c40d9e54,471579360
c2bbdb2e5d0191071e6db37b,980781184
b129a508d1d98a1b6dd2f61f,869197056
335626f385c28e8370c207cb,770646592
898ed7299f0c7b8a99e4877b,709568512
a98022fc80dd6ff27de693f9,414700704
a59f1631e721d231eab4d146,1335297280
98c9c866109bedd605ab7dbd,914192512
cc9743189c3671adbb1be49b,634721344
e22b8126863c9ca8fb04df9f,934999360
247715511199c5b680088b56,791228864
6e51ca1a9c2bba9fa0cbe5db,1179482240
ba8d6800443dcf95bf9c1037,784171904
5ec6e033b9dcb454c57050c3,799273216
156ecfd8ca6004281b191db7,1180450816
edc3879a1102740f2f96227a,1310228864
c02ce25a3334860d3bad53e8,882161024
d041129f83f1f13fd7b35e4b,1283198976
6946fb4c877f35e9215ef4be,921013632
ff2897a56a0fd08996d19424,1018751104
e1b64df8e809ba220c9722aa,713629248
c13263f9c8628bdef086106b,724497024
e2b8d1aba0c583984aab25bd,684145728
3786baf40b31a20f3bf3aa80,839224640
bcf12785c25f6e600eee8fc0,514381856
f85d09bb2ea40bd4b68465da,1000837696
1f40dff9a973064aa4737eea,1136400768
79beab95c6857412ebbbdedd,865932160
5ed8cd2cf2c6dd5b5241d6ac,945392128
ca8dacc29a57d39640e3e59c,1437426176
723655990d58df33d55009b5,1465764224
79a675215fed2e293b27f43d,1056635776
57999ba0ed9089739a1f4de1,801556160
00cea81b78d6007eb405d5b3,818007936
c00facb3e4cbb27c47a621db,1415158144
d1481d9d2bc9d1a3811f2faa,1186948480
26313750bd29b2c59a81b58e,932586816
2bbbe93b615c46483056bfe6,1111227008
0f8fa0a074b743c92f0fc56f,1254331520
b925f9ef733930be26417458,932586816
0183b38955437e8d0128a013,1215526400
1c9f65b631d2f2856bc97079,811910656
c11d82cd360eae99c04009b1,1280296832
4a80ffd8e908a3291a32fb6d,1089227520
1a0134583a5854d5aa9cdb9f,941212736
5f5346deedcb7cf5dcd1e9be,799413376
f17c8b14e56a76ea84a45fd6,1227170816
b8ff548543842246ad439703,1376191616
53462704cfc47d32492b4847,1168427008
25f925538316d3cdda8218c4,1058712192
ffe653c61bf13df43fa22190,857187136
228d98c82021e2325263c7d2,534629024
f32a7d08d176bf9177dbcab1,539910784
f2c86c1edac4eec6c01ec11d,804316096
06e350e3c733e5a0afb613cb,645513600
e2544529df4efb7e90afcd21,627104000
a639ec3b943cf90cb28bc1b3,628769984
a1320186028a726935bc1cc5,866142656
97337d2f347a50e0ef518516,390966752
8f619dd7fcf5e1a17af301c4,904561152
72569ddc5828fc702b2fc773,1037201728
ec674ba8cd16c2264d270901,1082600064
2b05f001ed1a84425a45d0ac,827392576
0a7758f69ddd8fb27a839661,570221824
e3ec7a8fba3e1ea07a135dfc,543734400
4163b665043ed27d7bf26c00,640278144
69f7b81b70ea61f304ccd36d,752691776
ff61104cbeb37f077c565fd1,458213376
883ee78c03efdb4bdc57796b,561720256
fafaa5dcf66d22bff322c72e,516254720
eaf0f2b00b6994a9ba8c5ed0,585720320
9b1590945c0c7f7b0704d287,723177472
766d34ea891f3af53f1391ba,803082048
b8680f925773229571014e61,835825408
2fcab31c752b699af5e8ce8b,1162518144
96d14697ed6847ee757d113f,667863808
ded79c11c30167a9d8accf77,543383616
ac50dfe70b599ae93ddee4fe,679047104
3fc7a0f9c30978f24d688fb7,775106560
083f05fe52ab15e8d481ad41,1224614400
075be16d8d9ed6831d139b2e,769439616
ffce0b151f293cad0a6f770f,1199042304
5997da918101ff14bddf20eb,693416448
e102f1d841d7cdb596d50624,563999040
a2c3da753f0116aa5842d4ec,1024631744
43228eaa1230dc0f7f1473df,438286592
4349d6bfd5a518fcb231cb3f,1214935680
c6c978051fdc655d21a370ab,685133760
f4cdf3ff86fe70fae3e59f4c,910774080
ac154aaafe98dae45bf9782e,1457748096
01f6c99999c154461765f4c4,552168512
d7d30819fc6ad6e7e41453c1,1086783360
383b3198861942064a63184a,318982496
3a2f110334251e97abe3583f,364483296
9b9db425b698a4931173b5a4,812292352
3b51828a1e891f3a52a4653c,546098816
c94dc49efe0a350bb522a56a,736227776
39e4765ae5c8284e1f3f618b,1040961344
04b28e63fbba92daf83865ba,789203904
b9643a26731cf2a9a243ef33,1460312192
19e03fc1a7ca4b0761eb9ef3,1122353408
c0224f0cee5a388014db4f55,1228728064
c4074029fba935dafd82eba8,451659776
0a8d749a2336d8f66a4f19ef,705909952
e84da6ce78339d50a72cd87d,572868608
e9830411c3092327f4e66a99,485564384
17d51fdfe8fd16185bf5feb4,738669184
f07126d58455b20f547c4380,468054464
8fe7db56d501b9c11461f62b,539814912
1ae2058fbe26f384be45df4d,559647168
e74a31e6edd4459d4e215c5a,527193984
c91945dcab0bf200c3ef321e,780745472
933018604a8d5a9020aac221,880168448
876ebdaa0bc953890e323843,769527232
4fd907c202de4f06cade3b3b,1007049280
e40f616637f6187024b34086,1175865856
f9038f7e24e0a29bd9f3e24d,753705280
b27fc4e7f6042d70a7651038,758071808
e68b18b57fbc5fd6cbb477e1,1125953664
326a82671272d893ce699476,776281536
d2655e69f5dbd09ddb9268e7,840750912
440cd2efd45c019c7151902d,1098568064
e5099db945e4f04aa3f0bfeb,1014876864
3477d85a434f66df58fbc094,724366592
56991f74ed430ed942b2d6d6,1023526656
7ac1b85bd87929705b7a86ca,979821888
0e1fbbe248919eb71e53ea75,540871424
75c16273d3a593752446c27b,804582912
7e74469fe0b030254756296d,1078256128
35fca2d53ed17ea7637c528a,906149248
963cc728f3bc207a7ad74ec4,917839680
fa9dec2129f7218b4c4d4b35,913136576
1d0a6bf40e609fc74a319310,895909760
b9551c416341fb167049d4ce,867514240
89131a0af2db172538723b08,734102976
3e66557e876a876c259c40a0,475862336
078144699729ee0c46f36123,1050564736
fd15189b99da46b098a949e6,797841856
d69209d7a26bd306bde5a37d,795115456
89690c80b7adcb8a8afe531a,1071141504
0e0d19168609ac1d75253edc,723678336
6cd0aca2bc40d83473a39885,1040020800
6ea0d50e822913d0f444d89e,605646528
39579c195f288da8d77f5ce9,1011577472
bc54f5dc4e9ce267ea592813,560909376
1d43fd3f7fb4e24a0b7c9ec3,764164672
2566d8588566312ffa4fde42,973433600
8d27746cd9d2532fe9cfc408,548875392
95b822f76b4d3d6ceb0c5077,991767296
eba86391ca00fb217ed1f774,681356352
b9a0575867a59dc5dcbb9cce,545605440
0845e73ae95dbd4aec3f1f43,587322816
419a2f823e87ab67b1311bee,971426240
552217c633d2562cdcaa81bb,748107328
4fd7984773d2872e51574ffd,822815744
a87ed2154a2351cf26f0027d,1109748864
a2522c9d3edb7e7a23a42b74,1126888576
357e58ef96c53f39e267b80c,929122240
cf0ca58262feb1f8b0dc7b68,551968576
1cb79aba890b35f9d2a400f6,1384861696
d5c79ef12f43e2bc19e22fdc,689617280
776e1192349cb7cf1579056a,1141098880
7de63633c7666484bd098e2b,639778176
ca1b1c17572f776fc1059691,682084416
53e94de217ec45ad576fd83b,755847040
ed5c3d2952d2575b1bb757ee,956049152
bdfa334bc331e3e547f7568f,1224614400
9c6a01e3c7ef87d27185e9f3,1044204928
05d9818d3f9f2a5c358d3911,1192644480
f6c990e406b3756ee39b3b30,396304256
19ace6cdfbd8bed6e99c86d9,775925440
6a04f8684e083eb6319b5272,1042207424
179bf83034539c8a391e0310,1129670144
a42081eac6834da0560ea4ef,1344466432
784fa9e78f7cfeca4133e8ed,1143409024
978edd828fc71300e6723e06,1151679488
61d6969334fc63611c810e2b,799132992
4d592a67596afbca92d26bcb,1008894720
50f8068603edac10c87411ec,529353184
9965f598c5b95b3cfaac50ad,1016669824
66cf83769d16a4d659edba6d,803412992
9c2c2b01934d1d519e651786,878294976
2b4913f28d07628bf2d3ed92,1158199040
9baf7967c49fa209de8dda95,803165312
7a0f887a9426270ff3c24e36,720643776
c1034173dda31d20c4efbed1,751402560
c4a3d64de5e401a86395a919,445747136
c4cef41167a5e8354a61feb4,1036259776
f52226b24ca3d5b04b7cfcde,1406077056
36d5003f0b5ec7f80e89262d,1092896256
641600a4cbb13b35dc7913e8,1181053568
c31c4bd09d8cfba562ed2b41,966182848
0df96c81adcd6fbc2f7141c3,610495424
4499adb2aa3aee94d1f1a1b3,1220211584
4ec06163d39f96baebe11bd3,365493696
692cc1c9949d35ae11412fd6,865699968
f1da5388b772159ec90c3210,922361792
e7ae63f81f8fad37bb9c1b32,758436032
d39797a12d9a4aaf15ac11e6,564536704
efc5412fb02ba9d8f604e493,490234176
bee2e008ee41f8a711fb8d29,789047936
80279a7533c44bbae477ea4b,648689984
edc43e57b2905405a13f8f3f,385531232
751795587d1396e0daa25783,571263168
6d90801ea8cbc12f9e2131a3,611752512
71fe067a5ae994180f530686,611752512
2e99240e23b0542f1cc75026,439515712
fd6112c82d5808311b08e29f,653279040
0ac639a7c5ec115b3df8111b,905934784
af0cfebd54f32b9b92c5fdf3,611752512
b0015b31facc48a49f1313ef,513008416
2347f69ec1ce4a3fb6989eb7,751517184
209bf65e11bd7053d9658824,675078912
41877a677d1856bf609515fe,794157696
cf60297d9d9bf1268f35ad95,856933760
a33800eaaf178e01558ee926,810778112
69e663ffb4935aecb875854c,805603520
595415e95e075b70c39d5c5d,963988544
719679261d84d6b93035143d,790191232
9f149071cf61295815e3f875,954898560
3d24d985b95a3e200a734bc2,1112634496
bbe705b86c6ed4da775b68f0,398639584
e1d875468eea7b2eecbb49c7,742104640
0802b7e10706252dab8db909,791228864
2f412384597554f3dab07985,993258112
da8b5c8a320821ab8ca00a80,750750912
0f10d20cff5664f9564bc88f,1376191616
ab8699d3c685fa834d7ccb3f,1183698560
85956152686438c48c52e018,696605504
ed9c4f4e06183b15b877f077,762945344
12e32a758e15fbeefa255207,862117696
22cfdfbff44541dba9091753,845634688
314a1e163d0b77b0f384da29,442020064
23959a0f6e27c8c2b4a7f436,586728896
6ab5a87a537d2ce326c867c1,750059136
d9ebae84cb53d29bbd8a466e,581279168
9511afb73b656135daaceb43,1364934272
9231ec89e58a3daf459c5b43,1724790144
8d97cda83fc7353a86c9393a,1180483840
3b380c563ed2505b7630feaa,984946560
6e5ca223128fa2de422b4009,614173120
ee30ab004ac5270daf59758e,613274944
d6fee4f680569a54f4267215,1052828992
db3b84e5b3a9097392a57319,1034908736
cef379fa831f936cad745dbc,764703424
4db8d32011163bc4fe01d02e,799375040
f842221d74340270e757fd41,981312320
f6173e36f95ad05b8e94321b,1090723712
5960f14f2a81075fa66568f8,688379392
cdeba97450c735185e486eab,1138865536
f9a802cbc802d49a087cf23e,1262319488
6a9ef848f22fecb9569098c2,874342976
f3986309e4fc4cde2b5feed9,1299134720
6c3435048735371c36dd3892,992806400
f019dfbfa7fbbddec988fb25,1082070016
4526cb4a2b8238dcc4e496e3,1005552768
95561bd325f60967cb6653dc,1157094784
9f3e09a3461bce2fee7e1c40,1618450432
1034b1af0331daddad70f3a5,523968992
3ee9cfee7b0acd482672ed47,754417280
adb51a572f3198367e3760ef,829259456
5c802e198dc0906016741026,501770912
671603ba1f755be5d7219a01,391415712
001d77bfb387bdf0b53e9e83,629868992
fd9fda1abfcdd1066a177e14,674718336
e1e78f3432ea2dff6b69c6c0,659124032
378e6374da00b72bcd7920df,766464768
54ec4fd8f49c897c644ce83a,965711744
a67ef3a182aa268bc4d9ea14,687093760
8100a4b0288d5d9d9dc86d2f,478232544
699ac8957d9b4eb7fcfbcc40,728332032
7b35a3e9f3e67fa1974f5c25,1119211264
6e5383a7f9a68147c2788565,1281924480
fca1c40a338288036b1eb25c,1062658432
237da4784755f090c89f07be,790390272
21a7c5d6ea818dfb25077e13,622035264
0cf7dd52e117832b4698b310,674532736
677c8056695a5a539dcfa3d0,785027456
e4b85269ca413066323f66e0,856420800
9019f1dd02ede61479b62406,751195136
958f3e102c6ecf5f6386a004,591534848
b05c741bc5013a7a6abd31d6,591534848
2c58f2cbd00035febac060e1,940953920
89d36acc5f617a6a97e02f23,739731776
2fba6801eb9a7bce7ed2c081,611583040
45ccde79aee811756030903d,1045855680
5bdb5174517b8faa23df9587,1146470016
36a11817b32bc24eda6ec8eb,437490240
f1319a9332946bd68db250c2,626593856
39f70d6b68b22668a0631f37,1133965184
3958d0cb732f3d623764be54,307581504
f67028acda5ecaa4c8781ba6,853968960
76f50ce5f30cb96d48a69357,578524224
9e5efd4741a57b9af54e9265,764486208
8c45ac143f5cc43e9249c17b,999515136
2a66eb4d2a205bc4474c0afa,929556480
85cf1ee98e1a85ff4619e27c,953945920
84c2ab0573d3cbffa0be90f4,742104640
48976c41de22ddaea3f8c296,526564608
001c03f6103d35389825b62e,918861248
ceab390b6906d5cbe65fc402,526319808
79f989fd66108a2c38a9764e,880804416
cc385eff95aa00310eb22111,831093376
ed764bed1d05cb1e9a4e67f8,1086713984
857c5dae475eadef41c25603,1144389376
7148b0d9e2e1e92d41633230,1144394752
7f3e02524981fc7e40eccfdc,448889728
ccc625df8f51248e3dc93214,628209152
b38776cf09ec8e90fceeec84,393626240
48ebc3d79e01061c926066ba,569340352
9580bf8358095abb15a10c36,352761984
d26d35e33a0cf88f735a9322,517810624
b4c2a0a1a63d35a9a08a6e15,800228800
1bf1913f806bd4b461233551,601485120
34d1394dbb483e55d1cc2da5,632113984
7bef2da7f3c160e94fe91ead,445926560
528014ff6b7cdbfc174f4fcb,666949248
bf1dae54bab00fcd3e8c9ce2,646573248
f270dfd9ef449a02b6d7ae2e,558069632
31d6f089626c4fd08536fac0,572784960
259f4f7fd5d851be70d63633,468498848
6b74ef5c8ab1df614bfba866,684145728
7ee7fba3a30e0e7c2ed3043c,283998464
b24bd44eefc3ccf053939dfd,915404416
0545fc14aece3f37864ced2d,737723456
e07eb36210e90ef0419fa0d0,942146496
3991b04509fa61b36a8f7d2a,1159759232
387af5fb4b4a7f5c3fdcce57,592174720
6852e8bbadc1a9f4fbcd695d,603234560
8c3373f9c0372b87ef021512,850122880
6123a0dd128e45216f832e3d,1085374336
0913364c688d7375d0f7af5d,627451008
8831ae77efac99a6c58ce05d,1122816256
b6283a5714e0b977110318ea,463624544
d2d8f5356f77507f8839280c,1208762880
f36bb15462fb29f80b127458,1354020480
7abf9cd6b26e2e2bb6d91e5c,1503029376
1a5f6f7e8b7af9d48644f1e0,710925888
8e2a5f8431996ae0db65d0be,1103949824
29535d858fa3a11792697820,1337183104
8e4df02eee6cab9bd1011987,908636800
5a4039f0ca12767138ae585f,778004160
d84248b3ce8ff6f5fa480a83,541007872
5838e86b74020a5bead56161,959105344
02091877f01c926c350b013b,720830016
df298574e35dda90fb568023,760219136
d8b83253855448caa81f7780,709521920
1163ab2c0bc8c998e121b922,361915936
14f9ab54432e5f54a50be4a5,434691104
f4e0fa1172c1d4b70b6c4d73,373740672
4345863fe83682f6091d8a77,801897664
6c5bbbfa3a1515e5cdec9ae1,465649568
742da63af109164c21dd57af,593452096
fdc28a68bf8a5bc86288b4c7,665941632
0f4b077de4ba5f5db6fb0065,768380160
320ff6c0320674fd278f6fc7,488385056
6acf9cef08906fe569c38572,906281920
853febf898a1dba351d6f917,545229632
8ae41ff6a828f175a9f628b2,849202176
56ae6108c1b53c649da2f6ba,491228544
aa990d4e5f1a0fc4f0bb29aa,883544448
cb8b826e929f4f8a8e3687bd,479771616
b85a7389bab2e651f05369da,565508864
1fe929afafa91bee53df4e86,836550976
02e89c055b7692dab024defc,729151168
66bc6e56bcac9bfc4a7341d8,906459840
63cee15dc4a6808616a2c2e6,662205632
9a889078a0225c013570609f,580170496
3548fa5ad26ba2ea999380a0,892713472
d9d8aeafa748f8f1ff2fca22,913958976
9e2c21d635fc25f7790cafa9,439661312
f99adfe85d32b0a66f4d483a,1294560768
eb64fd330053a41ce5be4a7e,638590016
ea8d704272b2cd066a7e7867,907439872
e7c92ef9784a92c8b7fca693,1161711360
a9b83e18ae78d307d1b39b15,718327040
ab8d6823d905f1f0ccf4a75c,1199730560
8447ca83d928dc34c2e7f9fa,468519776
5bd24b842a67601630036d0c,888710784
38d5b9319bc16bae99fe73b9,630461824
e1558509b120809eface5b87,920062592
4b8d7217da1b1f225f254914,801152448
09e0c3a1b90d46c361007323,796467840
d090a9e520ef74848bb060a6,899290816
07284e4caec09fbbb16adf2f,1213084032
f8bb20be599b79cbe29f36cb,997042624
07dd30f04c5953f325df9aad,915956864
622872d345b4b0d9c1b9302f,530147488
fc9151dd6f8850502c747bab,926617728
0fdd03a2dfb18e323d96f468,1278141184
ad7cfe29b56c915dd016897c,773873536
f40a182d82c489f55c64ab7b,1014980096
fb06aae0e711d628b16eb910,1080784256
7dabee85f750266dce02399e,875997824
ebcab2f8506c64a461591d1c,846945152
340f96c7de105aec5b7a28b9,765839872
be1c6023731fb633c4f41f96,493650784
d6b051fbaa13e3d92a798521,926889280
bd04c8b6b5e381cd5f881379,541198528
2ca47f5c36ea5d1cf00dbd2f,337333248
3f2c18ea5d8e9a25adca4c42,689288576
5bd59dbebb0d6fa71efa4c66,1045815360
bdac2f1c4b306a7742f60ab9,901685632
a0e26a9d56cfb3b7228e5d75,576677440
933740e21e9b61721b2c6053,867514240
a3b9c1a3b81f17e6b22b6152,917366848
445e241d8bfaceb149609d6a,686125248
937f0b37f566f65a1871615d,617517440
9a76a405640f670c6355630a,608951104
7a0f351e8562fb7aafe6e714,528641568
4c5b79f3656501fce2e2178d,719070464
201053b106a0b89a0a47e2cc,518133056
724a5f9542f86cc43334d3e6,707762944
afaadd87a196e04b934e0b1a,560753984
a46cfad2458ac7ca4134818c,506095712
f640eb21bdbb9369acc4e863,770646592
8b3350aaa66b9fa1c682c15d,877865344
1340b0805cb34eb9a982190f,531627296
055d5ab6b22d4d0ac325fe73,908636800
faed63c1287896e97987c4c9,910673408
a094be8af52cf76977fa5083,781344192
feb3384733ed8feeedf9ce8b,781344192
eec4d59429b1d1bb75b4d686,601401856
3e9754a961d2cf348c9ff7af,628707072
8f8a92abd28c8990534e847d,1055106112
256491790d0a2d5e1ebdc2e2,709038208
ede7995bc4e7e672fda4fa5a,1102874880
9e8a11484838eed1f4673a32,728512448
8aad5795547ade3c804c0ef0,805760256
4ec4683fcf928d9fb33eb7b9,677539200
ee18825bcf4065d29287b54e,1486345856
485cd615660dda11586f797c,727367168
8b450ea6c21fe0b5157529a4,993223488
0d45e78397d4bc0d363be47e,811217920
bfa4cb65827c4ebb91478e53,870367936
deb2c93acfaf6994bb3c0608,844801152
571e1a8c252cd67ee0475974,1437426176
04e337d3c692f3429d47aef4,917339968
cd2913f013727119158b98c0,1195764992
ba63594585c484bbd20ed3a1,738472896
beb7b99cf12926d8714d1c5d,808966528
0fbc9e52ccf1b7ea8136cbbe,726657792
f36031f3a3f77a3fcad337aa,781018496
7738f18d533d0f0379e3a06d,1047649344
20c3cc21b44eb37d0b359c1a,1215526400
78257e76c16db549022fbf2c,938852608
4baceaad0b0081bdaa37473c,1337183104
6bbf67d88846e94a63014eee,1303362560
edb259013ceb62ad9b23eee3,1354020480
ecfe155a407ad2c2f74522e8,795937920
6906a20be4962df7725dda7c,929122240
5d86b884df3627d93f206952,958979008
cac3eb4606346268cea48e32,1058712192
e7439820086f8d1cb13d7c9b,1165928064
b940561f2d48444e139eaf71,587435392
4433060d0fa95ae1382f2de1,417681472
27dd503d4fbf4d5f5d850d4d,880233280
42a73bad238f2d3f5e376044,770871488
2b53b13cd912f353cf9c4757,867303488
4cb59b46927df31150830d5e,517129504
2f3d01cbf0ee0b985386418d,576688192
d12e6de49fcca906c3586994,569882176
8f541a839df1ae79d563427f,401051456
ae5ff2b5eb4f9ac44fef666c,733868480
ca77a424800783bb9c5c0450,872646912
c0ec1e7ae2c6c3c2f2ae34b8,559602112
2372f7c0499de8aa2e5ffa06,1004871232
46de3fbec5bc6c0e256e7751,770359680
4d8b338266822739bc9c8fc9,976706112
86d46a3fd9d7bbcac3319829,695984000
b13fce1462ed87e57ddec917,984573312
625caf4f4f56f3f6bfd3f786,377511136
2214e2c62cf8d2d14f11d47c,642631296
cee8fedd5685633435d77a06,1132420608
061386497cc2dede3ea70b1e,716084992
3ce50f34a7974ec17178a79f,604689728
855ce1721230ba103fc0ae84,562528448
ff3b85eb538fb9a7dd03f459,587837504
111bf82100a6fab0c9ded743,1017235072
8877941794810464749ba5d5,1004564544
1122a042822658cb504dc147,1017235072
d7d924ec35768a3e6bd39b20,419343520
27cf45528b4266162f7c9029,594180992
916f946082d03023ffad6f2a,851472576
68181ef118970fdb1d83f030,1086713984
2f0bbbbb466fae3fe5c4f614,446536160
17c8b228fa2591e3a234d55c,530605248
e5d9afdaf318dbe749bf9950,530605248
ce2cce355f493a75ab59b242,720971776
b6825cfa2fde9b42fcf04c59,582430464
6fb3e33e16eb81331d389ad7,439661312
e29d9a401a246c00f5eb2413,628658432
fdf103976a39cc12f5effaa2,628658432
d1526bc5e5446680841a9cd7,986556864
a96cb9d988f5dc99bf5df4ea,986556864
760125efabf13246774a9f16,939049216
229607e2faf76efeeadcdfce,562211264
f14b11d270282b317d9cbadc,853085824
8a41638edfc5183469b6c43f,553726464
ba249dc7eae0609f20ccf234,641604928
0dfc7d77d3dca86a221fe62b,1280296832
ed7f61ea4c9095bd4aca258a,683602752
d2ce77db7cade7f2c6189002,463624544
9d18c354e8939c9f18598f22,658373312
b95689add02915dab555d9f7,1000738368
1c35d9468cdc55670d48db84,1335297280
caa4aecacff2beded2e76beb,571029888
017487de3455d9f642a7fadc,1228640512
8ed9c13717d2bb274a81e460,938852608
c2eeb1cf0549df1359ef4dcb,392809120
3a413637f3108ddf7bd53bcc,861567808
145a241c80430b1e4ddebcfe,750160448
c954618c48b70cb00efb49fe,783821504
fda6cee77fbfbce6ec0eabdd,939444352
b92c9c464e23f8b987290769,429822656
d81b170177769c0121b8935a,921103744
7a832790d068e1e85182b5a5,719043904
462ced9cfb28550c160e5664,923900160
edd9a278b86b1c56e237a0f3,560606208
fe9b6a82fcc3266ddcb3e36b,945392128
fa74fbeb90bdaf8eb26f8329,755599488
a70b6661eda6ef616e19dded,513008416
cbcf4d76223673724b0f9811,913694784
ba16ae6ca55dc3c0d5480944,573206912
3c840c206546c20b3e53d4fa,622522560
c61076b24927a46ef506322c,1034289856
2e797c8302fb7ada13ef2d4c,840906560
3c9e3b97db788dcd10acf0e1,716635264
28db5acb7b224d44e3d7ce80,609095616
c7aad87d39537083a5620757,733582400
099721566fdd0a32546fedbd,896734848
bc67f29c8679adf31353bec6,698252928
eb40a304997a6e66c550b704,710893760
3882da646752a82db088c614,866703040
68c319925551b9484778bb65,973662528
711b570ff195fb77229deb35,1397897216
e7a2e8e1c22a52f78ffd1b19,1276490624
814d93fc94b4de6d3a860bcb,621203520
817da44fa842fe304b93c199,626223232
5cb29f5aaad14b6c33813580,560753984
8a1105028a1a1b83c5080abb,426541024
82b69c38d041325a4bb2fbce,351235488
a57d01ed5a9641ad64f7f032,531627296
90186e67d802be6d12eb3696,538047872
f781bb1ed340e08b23258ceb,497747264
db05818b6de8d77c1c3fd053,829217984
f4ed8924f5d1a3e6374715aa,553634304
d792d1eec60822752c8d52f1,638638720
47a3c63f65a9794384c655dc,908636800
ebacf31727972e81d0a0d904,684956992
a759e4c03e49c419c8f0cd2d,646383040
0648a4bd7ca088f4b3834401,1159759232
b25734bf3ca94e775f467e85,604136512
65a8795e7a5b88acd7a469c4,847644160
b799aa1dd2de813ccad401e8,542397056
c01440b8ff0d80e7bbad715c,591602368
a20cd5193779526b43612ebe,565684608
0cddda1c211fcdce819d5f8f,763091840
69bcce6b58fc3702580d3234,852791872
ac7c0c806b57e4942d9ead3e,896274368
aa9e131fe4e7982a374bbb84,710925888
290725d6b15062397597b954,1056028288
5f0fa37b7c5cf77e0508abd2,940528256
c76f482d2a8f8db5eb79ae89,1437320960
f651cc17b051c962e4124795,786241600
250d84aac8add089061d3204,1370104576
d3f9cf66c1c05f55325b894a,1354020480
7198cf5aae5d0d5ba2e43b96,938852608
766c7906cf0493736436fdea,1341412096
78f670c0d7a26c0323281ffa,703700608
ec0eb8d68807f52b681f138e,1379058688
446138cfd3749c0b6715b0c3,934227456
64b4837e4550ce39f2f85342,809036096
1103c663f6b5ed0309a767b2,629388928
b9a573a3f2cedd87c7dc6477,750160448
de54862f5b7b8ff345c6b297,545384704
16b3311b337c0cb9312ddba1,531627296
a1c2003dfcdce97d21f9cd15,908636800
262688a95a32f10fa070a887,610299648
8e374b19fb87640c56243088,604136512
4032d6a6a13399797a794ab7,638638720
99f1712af0fe96f67d11037b,428470720
bcc584e6a08822158e2a1454,557285696
ad14f4403926de76de2604c6,581491904
01f855427cbe3eb51b38288f,592174720
4673ef4fa28aabb0fe61043b,448889728
f4cf541f02d99ea1851b9f12,649146240
bfe19954cd4680149c682587,633088960
fed8f3bf4a2d7a426901706c,775436288
480aa7fe286f4aa31f56d4b9,880804416
1e9850a50070dd51861a5e63,816954240
e26dcf5836f5bb53553cc413,785299008
c7ac975025713f368bdb0af8,1320466688
73fd5bc0aee47d89a160f5d1,925950720
5bb9dac6e0e9409e89aa6cee,1065683584
9b15aa6c85804621f5c42566,938852608
199fe72cad28e4554e359ff1,1337183104
b28ba88f3665a2f26c2f8e47,1354020480
453ef603a66a34f17ae22227,1057583424
d8f4955ed4fc363d6d9ea897,1256660480
f2eca7e3226f625807f7d6be,1362985088
361ccd7f37ada9c07ffcf71c,818343744
e7d1ee027da436cbaa122f48,1260823040
554ec896fe4f9d8f2e8eabe0,1275808384
ba79c72aa8bbb0517c899b59,1011184192
69dd957e78fcdd4d8e874acb,750670848
df91a3c7f364df5e6831f2de,413623648
77866048ba7b69532d0a18cc,1199902336
a792bde8819aebc5b2d73a6a,1340295680
6293e4a72b5c84782bcdbf78,977533952
bcee01a5d6a36f48d99a5e4b,590544256
c58b56f1202d1cdffdda3021,777313920
ed3275b560f020baeb9ce3c0,644256768
2a872557ba401f4c95e0ad2e,1068991296
6b8c1c7c855656b0e56f0bb6,1024631744
d6297cc548b16bff11eea51a,1224614400
dadce7c7a446a6a177821b73,839670784
f5d9d8082e7652e97973e0e4,1002170304
2ef9126614eeef828f797e66,947795776
c70439fc435337f1e8fd2f5e,1142830720
79631cac54b1e71c1022da12,1484170624
6fca3b70ba2c68d9e0d2540f,447136352
5b29d453bd368190e0e356c2,752432064
25995099875f0ee622ebc31d,956665984
34bd7be0761ab3d43da7a81c,705382720
b8e15d182ac0c74fba332b8b,727862144
901e3b835718ccae27c8831b,980781184
e1c7a101e5d518583f9a2a7b,1125468416
02f6ffcfcdd3dbba94dd7b33,1009651200
2162e09e137eb5f4a1f32b16,869467520
5eb815f9023e6eb97786233f,1415158144
d2ab14487e0ecf640a785277,1105066240
437167a9db41b677da7d5a7d,599463360
c3f889c41c1effea85bcc706,523398112
155da5ad9ad19d57a7632cd0,532637344
43d1fb0646562c3f1dd6fefa,787560448
8eb66c4b057dd4b07b5fbca5,751904768
f9718594fa52500c16e3cd71,740096512
d9c46d54ba6df0d21ed4ca49,766074112
d3f688e0deaff6648f2925b6,377707936
093a92c6846c924f88ba8750,856397376
9b1223cd8c9d7b348d6a5c94,1202273792
8209afd76e36d8b5c4f7a991,434732768
29fd909e7cef62de53430e1a,461429056
76df3d616d8bc1de789bd83b,598755072
8aa5d44a72b2a6851d14ef86,747521280
eb4e1b72abce1d184dd4d5e4,765174016
2ba24fd47c2ef8520bccf6eb,487151072
1c9e38cd216595b33e283134,1212117248
2fc150cf6ea4141106bb8ac4,501372768
8dd46fd8ff592358e4c3e7e5,592540160
d5e001b2f1dad3962cfff9aa,850669824
6e73e42a0d2ef8d6e403112b,650204736
2537dfc786054c61eb3a80b5,772317568
19c77db46d23e0c07a06a8b2,864001152
e6424086fe1cf2a2931f4847,772317568
66526276a7e8da597683e8c9,736786944
cedd20027ebbf47baaa0dbff,736786944
ac7c323295addefb43c62acc,870919104
a8e74eb5eb523143cb291cea,1118475904
ad393e9070779969b496fa72,824043904
64d9dff81c79a16579cef2f4,995382464
ea91281d5eaf6b8f436d47f6,995382464
06e59cc783be86bd145a56c6,1160173696
7458171e4db497a4cc1365fb,1146027648
12d73fb8f4ca87b19ca46231,870919104
5e935d4a03c6abc86ac5adfa,1239910656
2754b4e12a7604efe8e03f5b,1147614720
9ea7a0d65493cb5487ed2084,504276320
7845cf57552577b059dd13ae,391452480
6e710984bbf2662a9cc7bc4c,448889728
47720fb9e2586dced75db114,860712704
cbd48f3342e63a84173a8dfd,581491904
cb83c138aefeadb184d2c7e0,350744640
397d4e490eb2db8a1b18051b,501770912
4f65732875c007d3c1102140,665702528
1f8ad363a0539a6f2455c3fc,421980256
9535ab027f9f2a9a8fdc21fd,522443840
248993a27da888a6e3ffefe4,599463360
cd07b4553b6d3863a9e444e8,999696000
f53fe605b0a2857cf3facf73,918861248
ae48e30b60ec254bf0dc89ac,1021967616
2a0e902f3c07cc9696000177,905886208
d57535248bb34f65ae678a39,767051264
9949cbc958bbc0114404960a,799990272
841c57617a075690ce412083,443624128
9fc4385ea76cabf741d38789,483348928
0367da7dc5374f1957a1b7f6,786429440
7703f868650a8252e954e457,785299008
4cb9319ff5adaa62386b713b,1068991296
dbb30f9d010677de2aee1b71,951552256
0b54c51a787fe58bdf677658,1078256128
5234aeb6d817b8ad876e50fe,657032320
77359d0d34ba4c9d825e46ed,463542496
b84795015be5077f942f5170,466100224
75f5290d61164d42b39d9d51,829217984
b46d50c84edaa7feba938671,1068991296
be8c05b72ee7867fdcb05455,1406077056
356712646865d98127b92a57,757831232
ab765acf8b87daf1673b3a97,669099648
3a2cacbd3b4f9a23514b1433,1177358720
3c6d485d7b01ddd6147746c2,610579904
054cd21c3b12f165bd520313,741015232
e114160e3ffe6a703eb42440,575380096
a38b2d75349c56ce04f02a94,684145728
71fdd2b1214b9371ef149c1c,1117197952
10970057efd092c98037498d,826229952
7543d0e85e6328ebc8283d75,447809792
db1cfd89dad114c11ab2d409,1125468416
760f24a443eb01721c6ffea3,1178845184
a1508f30ba87423e7393b4fd,1280296832
5814dc311aa87b24e26aceb3,746417984
f26c2bb4d5787541e9c36463,1110565376
cf07a5af6ee98d735bde14bd,1112558592
8b716c3dca89b7caa7db1aad,926444096
df89e7dea6c313b0cc262249,645147008
3e2c1d2cba8755ffad9cff27,1465375488
6771a8c70428fec0f21d51a1,1105066240
d8171d498291341094daaa39,1351229824
3d43dd23536f843c2c5bd268,1118584576
785dea91d94ab384bbd6ce3e,1159759232
6c316d2bb84fff36bb01f14c,1415158144
08ba99aa6a8ee752209de6ae,816991808
d177236e8c725d4405025916,1015245824
9a6b537a7319b3446977919d,1356783360
e2e7b03feffb21bad63eca2d,763999552
f2fa898e1bcccbdb92dd91e9,731926912
2c340ee014e39ad0fd1309d8,1437320960
7ee83e5d70855ed21455b6d5,1052086464
fdd4b5fcf9ebadf96545038c,1320466688
512b4ad817c387bed877b7d1,1461242240
3ba644c7be754c21e3cc48ee,848616512
cb38dc837baf3e0531c6c115,703464128
5e931fda1e62fe41ff0f2ba2,773405824
0ce9a7d4b0682dbbca68e070,653119168
8d114cef336100a8d8c81ce1,738635584
ebc3a6574ebc530ef715ea7e,1224614400
4c2b14bfeacd87b878cbcc92,980781184
577b17cb350bd2a646725b6d,1009651200
0dbe463995c605bcdffb133b,549564480
88f3f39ea06fb882c69bbd10,462722144
e54567ced41a40938b85485b,592174720
cb6d29f005078d4d4efc2d04,860336064
1d0919344e52b315441aeafb,772593472
62c39ad30e9a26d8cf3593b4,1403521408
a02bf67aecbac445a12da958,1327367424
06baade01a74972cc4a419ec,737723456
3943b64f9550a575f15d6d29,1016378432
b62d64605362afc574ea5b0b,1507022848
0ef45eb4356e2f0331ad2457,832403392
6700ad4d4d7f70def59a5d59,808212544
19ad2fa7e170c67870ee58f7,971703936
919c1e281329379c4d130416,1466915584
8a451ef547efb90a8fcfa6c8,999392960
5c208e5c37aad07602f7cd7f,611751488
164fb89266e40a2530400599,377707936
5fc0f0c4fa019b6f1b2a016d,658810432
3b16ff50ec7fa717efbd62ab,490375680
30e6d4e1c53e9e81ff66df43,826229952
cdae3bf05372c13649a2adc8,447809792
170a69c11cf4f855ed015bed,1091566592
e14b31f8a454e47c383cae94,769046976
14a8134a56af1b328321cad4,695629568
ea8cc21bf7d48979bcae1458,638826944
c287dbff188e95f833ab21f0,675153088
2cd0b2d7561919f0223608d5,448889728
1acc5749203f964fa8b2092a,524720448
9543c16bd5eea47111e6b266,466100224
d415dc486936995f8b3704e3,463542496
ab946dfa5b9d7214a3756978,1159759232
803711fede531ad1621a6823,592174720
f83f29f28978d7dd76cf5942,980781184
4bf284e6ba81bcaa21a437fd,737723456
d8ed50fbd5ed46d36b3d2dba,672108544
b40128f5e17574a5d3da9a32,767103040
506d4cc6613a07c313a12de4,687826624
558b7d06789a1c8e488c38d2,776286720
38410183814a757520143737,880804416
560a750cb6f8683ccac4563b,1055094528
48740edcbe275bed3c82efed,783456384
50b2bb276e598c9cfdb42b0b,791228864
302adfed183564312f9e3087,1320466688
063e53d45e5e7945f1f10fc2,731926912
6e2c39fbeb5392e6aee9b644,1177174784
8d6c523d4100ab0c83a31fed,1033840000
6d6aaf30227f16b2be29e79c,1280296832
e73e5e75cb18f52dd7239361,1105066240
dd625806063f76dcf53582d5,1009651200
a4b16572b8bb786561baa3c9,1415158144
9446f801f30e8b2997fbd72a,1051839424
941569c4352c3a2e32c908c3,1376191616
8b4c54125d9165554e4123a3,937954560
d50f33fe5acdaf5caf1c6ac5,870928576
46ff039321805b51870c64f2,909338752
1ac6c220eb690db798a3d4d5,1004515264
faf872c4bca132b52dec368c,813159104
d92232d77f7a124e7ff13ee9,738635584
f9a136d7944cb7768b598a88,800156672
e03610db09ed7315cfcd64c9,577475712
8c51f1b43f15b70d2a294918,407477152
21d141a84af5f0e2ade9b0b8,638203712
55c7cbf5e572d2342d0d7071,719835072
54c0e5e6d368ec51f6e75c1e,815060864
434ff40bff8fad0962ec07e4,628372544
0a199d5741b5a6213b39b793,500216000
9931470b50580f51e1a4fac7,599821568
89498fdf642e770ea75be7d8,1200025728
aba39002de605f9ff34bd542,897752960
0c1c0ba7d75dc4090b7183f5,1186544128
2ac425aa592565b44b25cdc3,993426560
c0cdcb5f860e3a974c401861,690204480
4ec741bc6ab20515070cf1ee,694103872
3d4c48167a8de8cb0e4956f6,1026127616
f5741fdd9f509d3bb02e35bc,1151143552
c1d0c0846ec652774ed5474b,772131840
ed2c02ddcf0e54789d9d2675,1062828352
0e05eba6eed4e55e89dc5f14,986732544
b29e5a75740c8439aefc9321,1015378112
218445f989b2da5eff4029f4,916510656
0c7da0c2613129bc322b1da5,1037532160
a41210034abe19957b317d1b,1053469760
0cb4217cde38e09571fa73ba,1216729728
9df0663317db1cf4121a222d,996024768
62be98264dbfd418ba21cfac,955191552
939ce1536f15c0e6bf203dd4,1157928704
d9028df78f9b14a720dbaa8c,1157928704
b05f4b5fae2f2faaddb377fb,609482048
65ac61968819927b8fd9b990,575513216
1e83b53963792d7445e19d27,891493120
72eb1af691a950fbb7e8d635,742719616
94fecb92077ffe3a72aedec4,757637184
f660a48b0eb17e98dd77c0bc,717755776
27fe3fc3838695ce34c5d287,382390816
9ff4b1fc1970cd5c102cb755,1119361280
b54940561992090411749db3,464795808
d4990842f549d8139fa94c87,537623680
f6013cab49ef9188aaf87972,913958976
cc2e8713dd087d3b842d2f11,547930048
fb8aa6b6c5d2499d404f3f73,664178496
6a8b9fd89b745a52703715ab,601345408
4721d06c49413558bda1fb68,423308192
0100b3a412accebf6a3aa4b1,443820864
215e8852679b9cb6c4029ce3,441116576
0afec1b2e7060b99dbe41a10,415556448
4ff17c9b88aeeff105b8301c,396095776
6eee8548b87c9349ce90ac2b,486429984
9b264d26a196a76951308cca,554344384
945fad7539481410e8bb60e5,577475712
f727924f0f35ec9fb58d0c31,519767392
c7876dc81e250503076f43f2,574816832
e4f3e425e9f6e393999d7a08,454640768
cee1833e8964355b9aabbce2,564120896
9a1819c45b01c341647a2410,545724160
ce95aab452311a0cc27e0c7b,536605440
e6eff72b7c5b0fc2677af2ad,560606208
3b368c10d243f6bc9c027061,519767392
510c03bfb80d92d180803887,418695136
664934c8e209352d2c79c971,592885376
689ba3a92dd7c12f1965031c,473197376
93d4c413d2a1ac59f1b46830,607561408
08b09c586530266c14e611f9,552049984
7157dafd306fa99e4c2ad233,601681344
74e15493f395fdd312d50cc8,570684480
c34c94e7129f84267a5e4fd7,608931392
fc0572d7185e132770c3bad7,1017235072
5c1bd88edef0a4146c871fcc,650716480
a28a31f7d0e3fc6298606078,795167168
f388112376e68ccb2290074b,795195968
05d1c33ea8c89ded7391ea92,591903552
dfd84193c81ca8430fd27ad0,1017235072
8b89813a4ae5f9209f854be1,846613504
d7b9566ffb28c753bea96f0e,823304000
8062b4109c12a95dd62bd43e,676999040
6d305d6f3e3c2a53515d5f6d,1312778496
ff143fed55f12a0105f9f88d,676999040
0fd9a2a99c44c9e5565fc17b,954397056
7f85c59323701ee0e75abb92,595610688
19baa03dc4143a83920a7d2a,1153842944
bc23ec33573f28442b36f60b,864333440
9957e5492f63fa295772246b,585096064
62e376b22a4cf0d84b7f6bff,834642752
0867853879129bfb46dae700,816267328
92c5129009b7e377fa004a93,1211907200
6b9d38e0b9a3e28e3e695be1,1158434176
b6da2728ee41d035da57c822,1278314880
adf5879151c7236f5e055e1f,818623040
bb31607d0bc3ee4a37fc912d,1043404416
3ef8fee6a5cf42827d8bf562,1253120384
e6016afcc032d20fc9d6f2be,1049770368
f3962b552d34eb8bf38b4763,1231668736
bce7369d51094d3a9d3495e6,1396176768
55bfd350162592f2571e3a0d,1069300608
3f226452520ee8f04e306bb9,1274783616
b16fda9be5edaf4cbcf07122,1158434176
e6f5ae869a5b7a30e8f0fd0d,980202816
ab0babf6941ef43c35acb951,1224847104
3bed16373c8ae820187e3d5a,894537600
bc1335d419a1c0f6e6860470,1260823040
98575cb25b358dde32ad042a,1220462080
fb50f2f13a30fccc3903577e,1145900160
7a608479334951a3afdc655a,1343851904
9cb40496518bb99a7a00a2ea,1101738368
a69ded1c20e05bd6b3a90028,726527616
71d422db0c0c638e448142bc,746939648
fad033a3c81708df7b6ee73d,683232320
99fae85157be04554b236007,373620320
dcd314dabc7d162cfc29c81d,1085886080
1c65d5172e53b4c7f1c4d6a9,727003840
cb6d4db44c789fcfe8236b40,797879680
ee2c509989c7155bb472c5b0,428772736
73b60c9053ff8193c2dd2823,648085184
2a487cfffeb12837a5586a41,372779808
c9d285946ffc4c4b3ee95da8,919450688
6a21be8a7a429eacb1de8c1d,1018960192
2a7fc28219bee48a2368e730,798726144
5b169f28ea1dc473ddf11580,569340352
58b3ab31de2f9fdb0da0dc8d,980781184
2054c61f0162a18c6fa2291e,448889728
39940234a26e7264b464450b,1050161344
550157aa4dae5fafc5d795b4,645399680
ca87bd8401c0c7bbc4b3f286,1040935808
a8fdb6fb681aeae4d5c22f9a,1212459008
998c864a446f06d114f42fa2,1116028288
bc57535516748048e38d4a2d,1054219904
ddd55d8001b809f304883ce4,674948608
b9fecb3e6a507ba17764c303,517309952
4bd30aa3e2b4aa077ae27490,679087616
d7ee2851bb69088f851970e9,785878336
40eb0c78da8b51b53548d914,880392640
1097d9a61690cc58a4b91e62,811878656
6aebff5b1fb3a438c2c7969f,747667648
af672710affcd7e44eee9ba3,648877120
fbe3b74f9e11c829d4dc69d3,1145900160
6b7219005737d8660d134ace,1424739328
042bd2cfb2d33467149ece1e,782017024
d5999beafbdc8acc8a6ad809,679813952
4ba65b1fb8d8ab0a914b0b8c,494297344
230864c9c9c5959f9f0d36ee,595749632
8520fdd4f5fec0ba861ca9ac,382594784
447dd594fdadb1b12ab32e6c,607286272
3d405df6e5dd012419f43ba6,1028734272
e120c33346ead011ab7789ce,646112896
505740f7746e0154932dbdc0,667992768
e9a427f23e80fa59d9d517c0,421293152
97388d009acd9e5ad49e7c4f,519767392
a100f050c34e438070ff487a,463624544
96d14a1d29b7abc2cad573cd,791583872
f69e25355ce3887bb1078fef,630267200
86276ef138e0babab9863276,648376704
344f3bcc1acdba48c12f8441,924077376
f3dbdb2b69017cfa026ee18b,1191440128
ba32f2964e8b68ff5555fc34,1094646016
fb7154b2dfd2a48c13ef70cc,1009321984
089dc5de66c6c4132734b9c0,793998912
5c2ba5028fd94a6b9859de70,684956992
e8544410d811163a13c6a326,604136512
74d8df07206df08e8f3dc232,1208762880
6fb4126e3ff41b8052fd0657,747804416
ba35cce2e715bda1684c937b,938852608
d7997b9126bef50985bab347,364020032
da3aafeb2d0105f8e09c051f,743174272
5daf1136686fc538db40afad,409221376
88f632cc304cd769e2d4be27,508127040
c5dc941305b5fb59e66479ba,599802368
ec422df56b811a0aa42d8bbc,599802368
bc8bd1feaa8fca4c52e130f6,567183744
60c116411ab3cca49f7f49f1,420782624
75ae43992df8ef41eaf9d98a,652155648
87ee5c7c49ced4ec99f44d5f,821179520
918f56ffe325f21522cc60d3,588389824
dae09210f48e5bbe0d31c728,687298752
c1ae2af40e1ea9da6380b8ee,634213952
e7b717278f7c95cbfceba80b,731343552
387f18b1f01b1aae536752e5,470269056
c036fb38fbd2d1b59ed5b7f7,792247744
76c510c0ad11fa67f0e9a4de,686529280
ff46d9f7dd86b8bff7cc305c,862574400
23d95cbbc056b4456b94c97d,918753536
fc65a77fbdd07fb490ad870e,1005782400
8f0a61533b6a01badf43b6ed,791495808
c26990b034ee83450a4517b1,784128960
53ffa19a09c447f3759f86f3,1125172480
86d80d3757377df6f2b8a0b3,882509952
c757b3960436c23dfaed4f2d,1257487232
fd1431e595693fac0406151d,763924160
42b6cf2a5225dc62342d3a20,745008448
6f8a0e8f1bce0243ea50213c,741619968
02277f636716264116015dde,596531264
b72459ea34fa22d1fd012dc5,724123840
cf4ebcab3fe4d12e1a20146a,1201321344
ae2c10850b4a8ffca934cc72,1167581696
0e22a41ec27869c8f83f9be9,1063616384
22a43024821ad081e654c5be,964941952
2054c223fcd48a48f67d02fd,597542720
9af6ac77a9aa0c6da3cdaeb0,448889728
6601706d2133f96aecfcbfbb,531627296
ce011b7462e9be36184a2984,643886400
f759f71e444c16a59187a067,844704192
84cfb0342a0bf2c6777de39d,480514528
760fd4c893a56a4586030772,911100864
fc174b19baedc11f78b647d2,945392128
aff9e510eba008f3ba5c1847,604393984
a5a4c0f268548993b61d65c6,1093428736
6cfb8a07fc1100569413b33a,791228864
94301e20cb91669986c4b34f,414422912
52c1ab7484e412ccbf5d57a5,725902016
2538cfce1c108ebfb1056c8d,598988544
d57541684e5c00bd9354cc35,653119168
123106a60208725514f3a343,908636800
7f2a2959f5ae816761be658c,1516857216
fd5758238e7ec91e415779f7,842782080
e3197263bf47b3d37f027e11,865932160
8e5661e79f4fc282abac1f37,969576896
cdfc387f8246a1bb3110d724,1000837696
c53f3bdfe8159bae98ab005d,1303362560
200ea08f57fa23013d0e661a,1280296832
603c736378e07570fb985ab0,991947264
cc019e30685c91634d2fd4f4,938852608
b0d394d6c9b8967250854c66,1243481728
f7a79e1211fc72e06a3a82b6,1376191616
8a1ea9d91b3d8a66c6341243,1061569344
22903633f8c4d91158f65c58,600585664
bb67d95fc94532b1fbe80ba6,858365504
a8e696037f8747f562ec98fe,506482784
72e4fa00e8aab44cf210251f,988598464
d70948f87875325380885803,1315002624
a0e53cdd1132bd19b8ba0c54,586121600
882eb7115cd5b8b09fca0e47,627645632
529d6599d8a64c63566a11e9,361915936
e26eafffe4ca3c22b7f4a272,713295360
4e4abc111c07656e5bbdb0ee,751837568
46e7860100b0c09a6a475b9e,771468608
7bfbcfd0fb8f5b6d553c2d0d,949279104
5fedc401fc32ecc4d9ba7e89,758360128
aee8b22ecf19495fc5894a08,949279104
313e17c442fa3040065b7489,996398656
26206185deb023a344eb2e99,1155049088
4a9e2358d64df916e2cfa213,752859136
2f6515defc3b21d82e0ca4dc,400175552
a9b18720f68c7002dc71c3af,353479328
af911ba38d5376a8aa53fcef,583660160
025b094e1ea7248f4aba72f0,551460736
f81aa0f575dbbacdbdc681f9,556748864
848067a69d18a171e7fa34f2,375279520
e22ca3f1c8073e246079d57f,608234752
11444a88bb3b230b4feb5b58,900962432
7a9264f3a12de839a42c1783,715296640
6d825b439d8622ab90245049,603670272
d2d317f2990465269ef58c41,788404864
2860e4435c857cc8a661ec97,1199409536
39c70622597e64c4821d0731,1502558208
2d6f5bc20de99dd0bd4e34bc,1068991296
37ac1ae3a7e2a3319eafbb58,751611904
fe6fb32f623a9e3d5586a8d3,1024631744
501531d637608f7098ba6242,835223936
69f59487924240bac2e75bd4,1224614400
358e1287e24c3c4fb353315b,786302464
55e307c88e2a943acd64a9a5,742139712
19105db21495d546e6792a25,786241600
375419559910484b17782b47,1417951232
c9d254244e315974cdf5d921,1002170304
adeb9a6ac3d357bd96c019ea,1166145792
b08e0cfc5bdf5bdf5068ebdd,1222593664
8da2439f391c6db92b9260f5,1458575360
d0751cb5e704e28e03514fb7,940816512
9051c6d14018b4894b560e2f,1196343808
54c3eff286c62f05ebe2ba57,752248704
975ee5aeee84593bbeb331b1,350232576
5102f4786cc032e24781c7ab,968352576
cfcd97bfad6e013aeb57a2a8,724328128
f304bc9e9edfc24eeeb720d5,897939648
bd05a6f6ebf924adf92e5577,931026944
a7b459470ef58ef3bed7437b,490010656
37e009a57645b845b1673b8b,656275712
b70082fdca35092802f8745f,689626240
8a69b9d7461107db6d16d1a9,1050161344
adf055978a7a8e9bbd88e741,626349696
6c02bbf7f6b087a1f0c8a47a,722365568
d91017d9c530e058ace2e017,858418240
89016540f8b3fb727d863bec,1146027648
506b653545eebba4c8821588,1357860224
01fe5add1e7df4b15dd73bc9,717350912
4911d01ea0a4505d5db5bb2d,512220608
68bda8b092d5a53a35dfaf07,1003574016
70bec150e1d8ac537cfd90e2,984042688
0e21abdf04b36e5f6a1fc337,1228581376
f53efb47de2bca5912ad7517,1058118528
82d6244acae149ed9ed88e8e,809713920
755a4fb96ff2b2276836f49b,613106240
f15ae83fbc4e4ee3f646b4c9,575198208
eac458ffc1da75fa1a4ab384,957157248
6f7bc7fd41ed908494d8e098,846524544
12d1678bc86ccdcc8ad756be,1209270528
6e07d31b81f3fc9b9de8e1a8,1379734400
6c618bfe55cac120a4f1e08b,762704064
22958cc4622a0050d1aead77,632163776
c7c3da1f12d872a3726736f5,475862336
ce30c2c7cda56a69005300d4,728874816
7a26e5936765b409b7b73cf2,1406077056
8d5a73b1d27a66b3f72fa662,1068991296
3b8302dabc47048245acc09f,813159104
909182c92bbc39b00536ce6b,740595136
963da21c3c571d7bbc36f1b6,565449600
a73504d5982fef268f5ff589,968457216
50563038c05963223b459beb,538219968
b9a0058c58cabd619e226178,839679680
0037d98f6ac46a86e36def45,532827232
38117bca778373247df86e14,507588544
4eeb8b5347526d721092a7be,862772224
0b6cd71df4dde546e665f865,862772224
bd066d5d19d41c06b904d51c,937735232
f10e210fc04e3fb073568323,862772224
9f504cc4e6b170155d38c687,862772224
3e4c1e6435ea1a9c3150aed0,507588544
052c93502aa794e0574db9e9,862772224
343f45e7d178eb780a9a9818,507588544
c0c4fa199f0ad751930cf78d,761732608
5d86154fc1769d4dccac1269,898539200
e1fb88779e55aef2b66f2c10,532827232
c26af6fdd00a85a17b823d92,862772224
be3ee4457a26c6b6ad4237d7,459319424
9bdc79dd02cdf39f92e8c869,532827232
1d4bafec52ec7575161bcbe0,429315168
0f15a78ce3ff90b6894fe3c7,582192448
afa5698724bea14940667231,1183698560
4d8e365b35a6b8ebe6d7a15f,650258176
6ff848f65f2507e58cfaa231,611052672
e13947242fe19bc3925919f8,473432672
c02caec41084656408c2696e,619146816
d6fd079beb9f759fa4c6886f,519767392
d14f7f939468e641c43abfe4,465779104
8f6076f8ed13e87862d82255,685562368
8d5e662ba25a71727f1eac77,683724288
bd2f9648ee9ebc1fdbfa53b3,564120896
da8f986b6ee6f594780f4a91,683724288
af7131ea57639ce5aa1e102f,683724288
30e10a03626eeaf8bc2c380e,1023622912
6caf180e36fe18078703db02,574892544
a40861d6573e4539ee3c23e5,648151360
d5f905cebe05262cfc44bb11,880804416
809800b56b7b29399986115f,581260864
6b2d7f88f15cbf7d998986da,1055094528
a0ede3a514cede68b721d994,831366592
179d467dacdf674a66c7310c,861805056
97f9cfef1e35be84ceea2a46,1325751936
b7e01962fda2102f1402a444,993258112
6665e5bc4774d04321d1ba9f,667877376
6c09a3ccddc797f77d63f1bc,1208762880
97986583e1c988373765eab5,923900160
56807890f8587cd75893aec9,755599488
0f2fb3cf22613a339c88f7e4,744452096
a967a4f0b1dd36d7264cb408,814039360
08ead1ac0b9b30c2a72db17f,1199844096
1b989360ec91f5da55806bc4,1565104384
b289cd856f9d15493d31ef6f,1269822592
88668347361a227b6dbba15e,1039580032
ec3f1679451b9c0037f89386,1120513536
9cd01a5cba1674559752f5c4,1330931584
2bd96c7fe678945fcaf9662f,1129517696
9f118569fb8b084f0615fa22,535322176
033521a46dae036839ad6c90,351235488
bc1ee1f8ffe1ac88f08e2459,905934784
c62886167530efe1f84086ba,618197504
d58f191c74d26bc1fb02cfe2,757356224
981b55d5c38361caaddaddad,689414016
ef26c0f1cd9e3203ad16558f,688475584
74cd885ec200a0c21fa9e03c,583320576
fcfa51e5eec6829b9f4f2c59,653919808
c3bbe8c09f5e58281dddd412,757831232
8f36d25584407d9e3c326e71,983919104
51f4aec91124a9a96f4c5372,824552768
b7becde9261820feb7cd926e,532685632
65070c554133f2b4143fe051,486990208
c2a2ddb94f60de25378aecee,701945536
5ec3abf721e13b0d55829bba,1024631744
502aff943d74cd4cbb976dcc,1105066240
11e6e5ee92c97e31d34db891,1115616512
b1589aa1f58f6dffa93a3a61,1461242240
783ecf989538582ad008fd95,1052086464
1770bd5b0a07a6aa785e0caa,609438656
53715a484e20d6152c76fdab,1476332288
ef73428a38c201019267afb1,504545696
932a93e3ee2093d7f806fef8,721523904
00e9afbd1d27062a7bd40a3c,1521446912
a11a82cec7f8a243e2f90539,1004515264
e4a70600296b0bde6c28fb19,813159104
0a1b1a3d68b04cdcb2d757cb,1144022016
7c06a2f06cb4226f9043578c,812941760
5e113e1e878da12e312cf875,1288297600
a72f5204153b7c92f52d871a,738635584
fc17f35d300be9680971f95b,648782144
13ab6a062601d40843de37b8,1041944256
22abc78ce812c519511f8a4c,1408759680
faee4c33e892029b79b63742,1155607040
c8d39eef5a5422e0da4172cd,835739328
b13683c625c97c23333269eb,388085920
00e7c5894c739852052f566a,693399424
2703313a3e5a6fef2157928c,638203712
8dd453e986d05c6c1dd104d2,743682112
22b34331d7ca2ea642d29946,927667264
23187388f9d6e2bffb88b9ed,717387840
6b49a668de0edbe7f8110740,934741760
ef0e5b23069a9fe377b77ccf,963572096
c37348f8247ade33ac513855,950063872
1d19edc1e0d907e5ab0899e5,734567808
c73ee8d419b96c6e7c53f95d,875087232
6251cda3676ecbdb6555c526,1330159104
d12d6ea066b67c3db9b2dfb5,955191552
8ba4e8e071e458a13efd179a,807158592
9b8d798a2c455a960ee74503,593162560
d663ca1a0d29b4cbc5cae9ce,734444544
dc3b8d97b11cc2af4cfbcc79,954267136
7d50144c4b2ead9b7b9f594c,810908992
ff9cb7bc0b972d4515ea3837,448889728
267e46cb9eaec6c7009348b6,710134784
1769a8ec5ec94aedc397b4ae,701409664
dadd9ddd29102f529caa3bbe,559667648
251903f4b947b337e0134415,908636800
e1b753c283bb9c6d4e438bec,1159759232
16fb51fd3d35db53eebbe5b8,942146496
8f543f9c31af1eb17ef1e353,737723456
20c3cb2d4fa486b23eb81bc2,628926528
6fb9e9ac6d44d3a286f317ae,832826496
15b57b0ad8794d64a2784ce6,785299008
d9ce31250d4ae25c3b850124,684145728
f90efcbfcafe544674c02586,824043904
05a98feedbd3f422bf063112,907252864
ea359d571ad0c986f826d31e,908707392
b02f1997e6e6f97dc808b8cf,1237686784
307acb7b4044cfa5680e4227,1193114880
ddce386b0ad3199ca09aac93,603234560
9e28972500d8ca3fb3b76fd9,1320466688
687b1dd576eb7d06a08c3439,983919104
23b2b5b9f5bf3e1208f5f80d,1221687296
dddaba511b6a18f49b41c1af,938852608
874e3e3ec6f67c160807628d,763955904
67ade5109553a9d784886a46,1354020480
6879f05563a9f0748088cc65,1337183104
dce05cf86b42124fc93d41da,1341412096
1ea5db844a6d3a926480351b,1004515264
4e9acf6e9f80f65178766740,813159104
a35450284f8dc27e0ed717f0,1278041472
069499abc4e393fe540777b4,266373600
cd10d6e28fd7ce92518ea31a,1036111808
3edc0e70e7cf6a21be2f0d53,448889728
2e2ff1e620063f416a387058,980781184
1ffdc10c53bb83d3be84c327,932271680
3c95dcc4bc3788b4cd5602d5,654947968
aa592f388454d575e0006206,658778176
f7e5bf5b0f6157ed1f604d37,569340352
513c6ea5a3c2c560c409eaa8,1333246336
7cf15f80838e8edf4f9cdead,1205487360
49737c7682eff2513869b3f7,1129331200
4e8cdb49a2bdf68ad8d12625,1068991296
86af11931b004aad3fd27b88,757831232
90921c9fce21986dd23bc645,671718464
d79d71be963d418a4c9dec68,1144022016
c27b2b735106bd5a77a15616,1024631744
b6129a71f8e320aee8abd0c4,1024631744
26922ebaf11e35a7a320d30b,1288297600
23f859b889afe2639ad55a21,633314304
ddf47d32045769c0596826db,1362985088
1d0c635770f2e51aed4c8664,1461242240
e6144e15d5cafcfe87c07c9a,865178560
a7c7923f9a4d004eab43413b,1375986432
42b3b56289972176c20c4990,554921024
b63f49396431089dd646837f,827171264
e0b041a39e732783f98bde56,1159139584
409eb9b8f2ba87ca299a7f6d,657671040
1a46c13974f3634ca6dcb51e,618575104
4b068c79664179605b145a15,770501824
afeba13fa3f81249549cd2eb,772920704
3a3ce11d981d0893ec732e22,757831232
ed68664efdb7377c33f4010d,1080072704
93de58cb0d8fbe74b0cbb556,762172928
faa204421a94ef95b79eddf6,1024631744
acdb13c4c8e2a48b0bdabd91,826762432
5271cd1cb962066407490051,1185018112
933251193ded6df07c83128a,1283329408
524e00e537f841c13497cd52,722592448
a9d4f256527be98066c493fa,1026127616
2207c1ed62f59d6eacb3c18d,716084992
97ea5dc81ba49ade4f8f580b,622878080
72488318dfb2181843f17c03,1150254336
76698030899efea431dbb81f,420807136
e84888d2f22e14a5016ac789,709047744
d9398ef84ae71419cb7cc82c,1004564544
6d32649478d9d86d840969f6,979820864
81600c1e6b6e3ae770e40b28,1126455168
68075b0ac8e779bf5e66dd3d,787453120
6d7ac64b8b9f27f61fb155ec,716706368
d3bf3146ec856cc26c607d70,1018227392
d12298e0d398e9d21d2e2eed,649541696
97b69097fee8d8496a6b8c04,457704000
fa6e53a7107c0e33e3d505d1,955191552
7279c610bda9354e1c840b0e,709047744
6f3070318ab65b867b2702f0,342692416
e08aabb998103a941d24d0a9,254276672
415e1faab81016a460db7a0b,593316544
8b871cc48b99bd4190877bd3,532827232
7240bbe28e950ed75637b504,532283936
831629494c6d15d5ff6a00a1,532827232
1cccddc33bd892b44d7e4b7a,804897408
f9cc6760b1112ce5197bf399,588508992
0901e845b6c56d4761377a09,576227072
2a33fa5b25963f3dc928f668,567904768
83e9507b9ca2987a21d1b195,854954944
9381bdf491d48236e84590fa,856561344
c041a933261204155415c2d4,995348544
a1cd867286d6e82181e5d1bb,683724288
240d2474c81482baaf79b6fd,683724288
ddc1c85af165e47502447242,650740416
58f02c785ee9a506e899b967,1066673088
8b353ba6823f4f800635f0cb,1131714688
68cda50b602acb4efeb275a7,770999360
96cb3c08c80815907de81e73,589004224
f54dbd8f0aa752f79c581e5c,1260665984
52a438d024af0d5c38627ad0,654313792
1b5db6af0a1c0f7787064020,1068991296
84a7286c91f1ca3ecacdaaa2,1406077056
bc6d6249873222ac7f22b73d,1024631744
12501015fb631d7c10ff08fb,646091520
85b633e09a41cf22a10f28c8,912542144
7acb92246dbaaec1cc7b423f,652960128
bfba8fe959dd2e44a4202943,1040961344
5325f16558ed6d2689bcbb46,646853760
d4653d505cede3d24e258d4b,1040961344
5146ecaa8b7ed507c4f30785,738635584
f5b9cbae30356fb3a1d005c6,1172259200
205ffcec56fd884ab24c5600,711499968
ae7ce478fb66882a2c952012,612351744
efc9ae02fd6c3f18db866cac,1237955328
2221052e00c236f31e6d5a06,439481984
54673ffd4971d04493a1b1c7,524047936
b0bbdcf0916b246ca95c4721,782612480
1ef15e2b882a0da85858269e,909001984
9881fb167319b34cc23da955,1162374784
9d2a195e645a9e8556683b4b,575728704
14acd96163e6b3e17177f35b,730251264
b2c5af8615b8899deb16c896,544577664
4c40683e401dae89f6537ab0,538678144
dd007a202a0a3d56ebc4868c,808022592
6d9c89a406cf2e755d4172c5,580712576
7387e7e385063c180f05a7cb,554532480
9dfd5df5a2efca3fbf2c07c8,918309056
2a9e75d221912230f98485cd,857938112
86ce27f9ca03821d13030f18,693139520
3dbf89c6e97182647bb44e69,814824448
eaa4893a313d85fcf38dbb6b,764952896
c57e1c323ddeaa7475e5189e,696379968
84856812b63dfd9630fa49e7,837195136
945202a450bea48fa7f2a95c,939647936
fd689e54d5c418dc9f2425e7,979144128
eb90d9e9eb53b44b07ef9613,896328960
79005399fa92d05558fd6f6f,879799168
5cde51bd6de3759821216d5c,983284416
230cb38e035b85a4353220e9,1069641280
a22ed42197987a8534abf76f,577768896
43a2ceffa8ed90bc1a43255f,769592768
8f2fbced5d357bcd6b1c7de9,1051874496
6e895a15d402ea7fcee98156,1293893888
b6a2406025f0e1fa09690c2a,769592768
f46d46ccc7fc415433e471e4,494893024
71710d25975271eb32c0c8f4,350190976
01b7bb1556b5c32df8f618cc,827193920
56e5afaecb2cac6293cde16d,568822848
70209b9024acb3e5baa769ff,1159759232
efb0b413b3f661b23d674b3d,1375986432
251db9c4b7398902b38b4a4e,920620288
e3e7ffecb903d2daccbf8a53,540871424
a92ed9a378272ff174ce2688,890306304
40a53a3f3d49f7905966295f,1201507840
bcf2c303fc03897585831351,1026127616
4b0ac2ce45d7ee385ca369a2,1145732864
85c7e8ac008493b34e8e0176,928355968
0ff24418ecb6888dd8ec734f,1170365312
3164e0ecd246b8ed6cb6d054,1124673536
5f52e316136696cdb56e65a5,475278592
5ba4bb943139d7930cb91650,742333760
ba12ab0869d66e03df12b6d2,627924352
1a111211207627bb4c840442,767169472
9d2ec1ed9eac77d534ed514c,862772224
9030f17b47b3940c2e2c4093,862772224
3b224cf6107d815a2e78996c,877520768
ab0e770ac42dcc82b472c55f,582192448
75fd66abeaf040fa76eae2e7,737723456
c31d98f67673691ece007a65,472775840
60d5f19c16554cc2d8e5940f,1159759232
53fd196fd0c0558ed1219329,426760096
27b06d060ecf702fc88c7956,942146496
dc014623ed69c32abce2d0f4,646573248
f1a8f09837660445961375c1,1261322880
b98a462d9782988cb54ced54,929122240
6ae4843a827b36bf189a32ff,908178752
84e4f6c6b5dec0da7f7ca0fa,808438080
b8f2b9c2e63f0091b6038ea6,1115449856
e54c7ea1f012656f7fafa49c,441716320
f25f5df33f25576f805a95b5,1140247552
ce9474244dc2d40f357146c0,415556448
54bc553b5b8abad0ceed4d53,441116576
e75d4ce522cf587cd66adae4,574816832
b1f0b12c28c9bd2d16b3545a,607561408
412e7b9e1de3df8c3dbcf198,554344384
f52ce56f20251f018d7864e0,552049984
6641ef09c0bf5f3180952b30,566574336
ada53307260fa34f3a6411f9,625448256
51f0f76e2a8cf50ef3650901,454640768
da482df3d0fc97f9f8582e22,713980160
55d47b5f3d0d2dd7c2bf4034,605156160
1a6714ac2350ad371d8280ae,1016940032
0006c9478f4e7edc53d84916,649549120
dfa7461510c6dbe5e119d106,592885376
5df95b44c73b249be0fc69e3,708701504
76bd7a0b87bfb6d2723766ec,523460800
8570a1d8156dbcc267d3b495,585096064
94116b7517a06255bf4320c2,845657472
8ba2d7afde20563e38892304,676999040
f86ab537a2f5d8c2b223574c,1017235072
9d0d2774fbcb6fcc66b865b8,650716480
9086e6e757243bdda003878d,1009730880
5a3625846567d06dbe4cea0a,1312778496
f51a78ac4b03665561552b0a,1211907200
561a262410ca91d69a58645f,1231123072
08d90f931e7e0a6f43c9d0e0,829599232
f47c64c8ee69e744e654d4b9,1069300608
fcc4c878af8bdbda6e1fc86d,1274783616
8d9b143cd8eb71b05d32cd2f,1158434176
ce6a3868227d78852fad9f62,1396176768
d82f743ff414299f8c222db9,1253120384
9b2c7e6cfb2d6c66e1ee8a6b,1043404416
6e9009ad01cf466e8f8136e5,1158434176
a4bf0c02f139c695845c9507,980202816
16cf0d7977ed97d6ae8d2cc5,1220462080
d96855b0ec427f041e7a36c3,1343851904
63613a9290bcd9e1bcf2786c,1004239232
32036c1eb131e6cc4f3bad3e,293984032
ad47e82c9efcfa36ddac0a95,522126112
d5af3041d95f5e89969c9868,649357632
f2387712fa17435f56d7b102,538558336
c1c8024bb6c3635ff655843b,288867488
11e4350271e9cbb37bcb75af,628648384
d012efd4a77c5aa5e8d6e508,1064994368
6240b85a47c079cd0efb077b,635799616
85e332a999931ecd0e04475d,400597952
4ec02a406caf200b700f5c62,737731136
f3270f2ccbcccf3046346809,880720832
bfc5aa443994e3f3f78c6105,1122816256
aa09cc29ab2f2cfc79e5bc7e,948724288
6eec5b03718975e5137d5e92,753641600
6974d82e41437d61c627b16e,961744704
ae3f7f428b49e6948ebe6fff,636338304
a9a710b78e776c16eec24be6,860489664
249cf6f96144f769030d1b4d,607430272
645f3c4490ce43ed68c7df10,1082999424
3413f37549869d2172b76d6e,1026127616
956600c9a4ed31e588f8c593,1057514304
00ba709f184e70be13e5bf9b,928847552
275c8bfdd3fec33752493861,955949504
3206523e850b5b5fbce567a3,990714688
9c9ffb3401ab6ab90fcb555e,1368501632
4962650cfa3decf487ccbd0c,1155049088
a541b35c62878dc2c425235d,958979008
2112e589911b979db6e05a6c,1330046336
c9cfeb97323bd6a0564e1903,626782912
30e1bd4619483b0e896b5229,908636800
48aa146a36aba8a0270a8a1d,1354020480
678a80840673787b3aa64228,1025007360
392abbc83cfacfe87c401e27,457306816
51744814dd3a7e60c0791041,755163520
c6faa5d2ac8e74c26fdaad4a,772970368
1f2c22839c470363ff41551f,938852608
5438c2127072b47e3af428d8,1337183104
32e182242a654ac03a8f3ea8,649910592
0a45eb817938241ca988c2e3,1036039872
e74d815ad652f7046ba33295,737896128
2887a0d34994d284759db20e,729862144
621c3051ef29e8da01e6bb2a,818830656
54de2275006e273686ae5fac,1366171904
b0a0cc38f73c9d90bff6ad92,1044230592
f4df4ad4366bd794594c111f,1009967296
763206de4c26e3825b69f4c6,852098496
d5ddcb0a54416bdadb4bf57b,752730048
bf17eca5afccd9cd6299b9a4,895131008
02888257efaae858fdc7938e,715852608
1f8ecf6c089ce6168b3be52f,1001029760
fd7a48744bf966e417f34a51,1341853056
655d6eafd78be856479767e2,915378176
27472c6c6a801eb749b9719d,985844608
18fd9bee381e7a8c29a44c4b,676649472
da5d47596a755078a2261328,965210560
737c83218f0e486ef4feba40,413447584
2390c275fccc98eb4fa33af0,456058624
35616923c84423b44d1d1438,1004398464
22fcf0650753e2b5a2fa3786,775926208
9d8e7178912841c2a1232ad2,562011584
36c2cae6de0add92f32d29f4,1138748032
699b68daa574a0f169436ccc,478108096
c3bd0b8277a37832f56be54b,607798656
6b3411cb8c50c1498572e681,738655360
fad4ecc419fb64b3f77971ad,602969344
4034cd9a70d18fe0c883a0fa,410013344
8f9417de118ef8486538955f,1375131008
33f4f9988387bfc237d114fa,917183360
40c9f947e826f89c6ff3f898,459524064
351701c5d1b821253e2c8c42,823628096
f6b405af32c398147475dc9b,600675136
45750daec6238508791d0d4c,727244800
eb85bf9ab77f59615960fbe0,826237312
0ab6e52af85ebf23432d7698,617225472
9b13a371ed4724d2e2966447,813381184
081bbc273db70f1d2cc84ed2,767158144
e113c48e4e1b53adaca275f2,842265792
4bb0666c55d174e0280482a0,928411584
ca516516b33dc09d712b3154,813381184
631e6aee6ec1f720f3c78775,729275136
c7746198cb5871bd687c2538,1276572416
58a5dacf2f664512c2b00ea2,1012781760
6d8998442d831addafbc878f,1477178752
7d4ffe0038b3ebc149d8f4cd,851148736
55ae7bc854658aa5fa49d368,815456128
042ff73057dce4d92d383cf7,284266048
807c04729620ec60ef18598d,639269888
5dead94ad2dd86dd41448994,589092288
bb90c874275456d5fe0de83d,454218144
6ea5fbf037ba7e5c74d7ca39,689828288
86dd7931177df94a649a4d62,767490752
58ac250fa52a1ac7ce39f70f,708100032
2861f1a224b4c879b845779f,594179264
8d06af8e439c45e0e125de91,606416192
bb2dedf6198be0f3ce2c4ffb,618817280
57d8cac189a13c180f08cd2d,458213376
db575f8a4e10a29fe81b335e,1055094528
e8c79fd41b001fb1da0d4fe1,791228864
b81679b32ea288e9665dee49,1376191616
841482deb90d19ecb1ec8a06,593168704
214df9371aa59f68e5740212,676426944
bc52abbda9027e10b879ed50,730560320
ce8ce41a36b610be164a25de,975163968
a67412a01feb64ca6e772858,745198080
d87896f889ddfe1ba210d74d,522864352
556a39ca66e10ba3545f2234,481449792
50cb893af4ad0e21a69f05d5,783305664
3b5a5d6536a9fd24f02e8ba0,417345920
121cc20fd81d6322f56d5c53,1050161344
b9c893f3c3ac4dce40d0ea19,1050115392
47bf8d322af3c13e8868ed0a,783305664
a4325969a50a14c948446f9e,742620800
4583a6b01449530079415768,1065093760
920e2bd03c9d34e36fc38ad5,1065093760
0a59b506798fb96edd7681c7,840528960
e8d2cdda77c1d885e21c7bbc,1228581376
8abe99f2b71b13dfe7d71616,1341412096
c07e98122103d1546d995f9b,1242480000
29fdab43da21ed0d22c9c71d,586388096
f2ba7982bed03cac394ef87a,638039680
eac89e705cfd337a99417320,533287552
40713332e88c6d3a393c8b2a,715971072
a9aad230d22f7dede73acc8c,1100071552
3b7fd4008e14e394dd09a0e9,1461242240
098327587a877bd50df27551,757356224
0379b6a001e4018c34e944da,751402560
45f24dd99d362f49c0adb875,364483296
dce1dd028695bfc5a47aa6a1,519688608
cfeb702df06baadf29f12eda,828971072
9ff5828e084070628ef2ad96,475862336
6920e6d7fff656d66844949a,813159104
31ed69311bfbbe000f4483d4,1152298112
d300473e3d2ced1177c9fbd3,975009664
2cb64650b876ccbc7337a0e4,543477312
3ab2ed6d140698cfa41f2e3f,504555200
9f8697b55cb665ebb054f9fd,660669632
7e844f8a24422ec3b833b4a8,431256096
55a615a3b3919798d54e885f,935007488
fd26da8e62b5d1155962f0c5,536605440
ee9171c496fa78b1461acf88,1079025920
d5182c47a954c964445f25d1,829296512
e064b4dd7b4e64a3e0016f0b,816267328
36753a5e31b0edb1eecb8bcc,564120896
c2ee475efec76c46efbf1b08,785956928
3baeb28cb33d048bcd6e42cf,357767168
6a6d990b9b1bea0f844d3065,641361600
e93dbc804920c0bf7bcf8cb3,478108096
b9ea1b9fc0e46ba0724cbc0c,451609696
95e98113e39820523e95adf4,477328352
942ed340950f02adf9749a36,397943808
8538a41c0e0fdcb3829364e8,704467840
804289a128775f7d1652cb43,668714752
3dec1da01706b06f5d6a9266,681558656
fe004acdfad6ac6b00911ef0,630461824
6c679d5b6a1c1b74bf483478,890247616
ba54b5ebc5d4f554bc56dec3,968618816
5b9469c3ff6b197bfe3513cd,490234176
2ca6ce8266afc6721d179335,966182848
94160aa4e5c54bb479b1d0db,768678272
eea6a2137473c3ba6708b576,617691968
9969f6f4bfb29e3a97c2fccc,698484864
68006626a3321fb0de032307,406666880
2149d04442f73cfc78f93bab,854694272
01cac7d033166094ab9f87b0,809895104
15515ecdd35e9f175842a738,951552256
86f1d6fc54152004e69027a0,1056752192
0bcf7987c4b0ba485c44caf9,651934528
107fffd601a2bb7a3e4a69e8,836520192
5a44636153b1d4a74d58513a,622881152
5ae08e5999ca2ba0a1e2d8a7,964624256
369e9e64898ea16b7ffefb7c,936205312
192b505186d0bcadb46b7032,780853120
6dde6686bfdff12620f198d3,635131008
503a04e079773a04f2abe075,981975936
42b5ebbca90572b9cea79177,564120896
0b6f2534f862a7ef551a116c,708620288
05e06a93e9f01dd3984a85ab,573017984
c6706db3eb4f0bbb0510578a,1064399680
2babb357d1d828c49bb89be0,797721664
3951171501fc51e2d830cc82,981180928
fb72b8e0457c0199e158e599,908385216
df865201353bc7b915b56ac6,851495936
8d1b3071f5396359c0b6cc62,964909248
c451b61851c8ae1e6222109e,1165430912
e1c33552eeab60683f2f89d5,832403392
1d8d51cfdf78f1361710708c,990600320
bdc8e1a1e06d387f9c7b026b,990600320
2b36d797d32013a126e15709,862772224
13b3a55d79b79ea89a73d21a,761732608
e57ad52764215c3d54740ac5,862772224
19e11b2d60326895b5e6ba01,862772224
f6e1752b9f4a0a3c8573910a,898539200
062efee92601be294d7346a1,937735232
e2c3acee51cdd03b1f211278,865489024
9390ae5c166e1a976e53e16b,427151328
db3aeb3a96304f3c255e8a22,462722144
d353be29e7ed2c35b920f7c3,754336960
893c1b081e383de73b9f2e16,1096961280
8302e2afc48d6eda16784da6,896194944
f1e9676bc91a76740f4e9b0e,883169024
ce86066ad78dea43089d25c1,1150024832
c89ac55660cee4608bff27d5,409642272
b183776d007d85bef0f6671a,660354816
e8872302ba40e4ea413689da,685765632
0afc6cbb60f34f1cf00fdfb0,981027200
a811af7cf12afb1dd9b8eb86,614057920
7947f71467036449efb99972,1044370112
2ead9549bab6f1386b7a2c77,1181607424
b54e8d557263624947f979cf,991078144
fabd2201750747891eb6af77,1035464128
7c3f7b513bb20c918a51dec6,804213312
0dcc222d83e1bf05f2c2c090,1001594432
3ee3ee47bfa21462a1fd455d,817082368
1dc3b6ea53413ece15bea33b,994256832
f44362b932a8b70ad4b99a29,393481056
5372f93d988c3c917629f9f3,506304960
5c25ccfc7ae77f1d85981a79,547977344
4df222356df121a41adadda7,565848320
bf38bb7a2a7ea663cc8f3d57,636559424
ad0025f5b240d00936c82f9b,599868032
2afa66b726ed0b1492b9e01b,664642048
a528312b77b7f84741c2bf29,599760960
1cbeccacfa11843a256b2e2e,676490496
d11eadc78d95c96f50b41a10,892638848
c918e02b3e6d80125a2db1cc,465478112
b2af005e93b0242e0f62f298,709559808
ed9703ed896c6118a3458e78,510001184
8ed11c1d4e7aa1ccf0ea0508,532354208
9717b066e135a82feb422181,540871424
294985765f4d12e51a68a451,1159759232
edbeef6a08dd17a941634d49,1387695104
26cc292628ce4aa87cd287d6,811591104
47f7065118bcd4c3878e50fc,747153728
e369c63f83c44329ddad488d,667426176
383c0948aac71636973507f4,711988224
6bd1a412c01387af8810ce57,1327011584
4b92ca1cee4739104e620871,1173409280
0123237414f757b9c3809f88,967258816
6e36550a6ff6fdb2711a88c1,1309082752
1b5de74aea685b506a952f4e,448889728
d85fafb4d5ec056e6db9a79b,709771776
cd097f6cd92275ec8ace1f20,958041856
ced1f52def08143f0b2b6849,705486528
89a03e25c43a555b47c53864,832721408
f8d64df401009704c152bcb6,593754304
2a5aedaaad2d908122f28f22,1068991296
edd0b57b90629fb00d036e34,1085099776
f8731413b0d976c03b7e05ca,1341502592
01abe3cfc94be46c1153c82d,1115440000
aa7f5d0d2fd5474cc67cc70e,902540480
4912c91afa6e4aff6ffdc6a8,1142965120
9d805330fb0df9ae73003ceb,1024631744
7daa9115f755a6c70411b9cc,1224614400
f5896513d1cb044108d23785,1185350016
3ff2a2fd905d81f0422c54b2,450292064
02ed31afcba033953c79d95d,639778176
c2164829374d5e880c1a1f31,767169472
3f6eba5c365508ac192f2b82,719043904
3289958459cd87f24089cd14,708100032
ecc3362a649cf08afef96fc0,610609216
264e00a64cecb861d2c05b1d,1253332992
d5b5bbf927f763a43190fabd,679047104
2691d7125e9046e597437f2b,1153708160
7cf183ed411cf82df26640e9,880269184
f81107599bc083fec4a13ca3,843823488
3c2a535f1df831771b859a86,357540576
9e871ee8a61b183aa9051b72,776545024
e066ee04cd3a597dac8ced59,747220928
2f4ed160fe2a21722e6299f8,826229952
e0ae53aa3cc9e9ba7ce65f74,1217961856
78d727d0e61a7c8b1cf6fb1a,799077184
b42f936db049a74c7d24b0ef,1444773632
62e9330888566f1f826e1ee7,917324864
3fcc5ff04edf753621d6cbb6,1040190848
d4ae25b207949fbf0df3b404,1042390848
14bc234ffb3ff7f974afc8e7,671391360
64fbc9cac3f15c0f1a16f4d7,375279520
5fa1c8237da8fc7683bc10e0,660793664
7bf4beee26ba81ad0b884f9f,599463360
72a47f70aa99d42320e54787,405803616
07641db461323a5cfcda4f98,629058880
3af2a1ec9efa6884a8254d28,862078464
3adca5eeda4939a5ea11444b,743137344
37d39cb7d3849a784497ed0d,953631168
b9baaab70cb83475ac3bbab4,657275904
74e178e2398895d2288e6fcb,980781184
ec15e2a131d9724b012d68ea,791228864
ee042a4b4a0bf9a1dcdf1eab,649389952
35381d7a5b25317d7588ce77,926402432
18ac3368b1f6d8f7171b07b3,1055094528
3dbb09358256bae5199e1318,676100160
4662aa1c44351dfe271e3a9d,1025548928
034a30994bb2e0e446e35957,880804416
4cdbcefc434b48ba3d51a498,1313405568
3d3317303679a6a5a381d0ea,1378672896
68f4e3d4355bb71db0f35a65,752015936
b3c77f4a398b61d9c204f8a1,1229530752
3865974fbc1b412f24c47eaf,1319484416
84ab3ece52fe00ee50f057aa,1173640192
dcdb8d97ae65daf55570c88c,732897920
7ea01fd99b389d08ca50c0a6,1105066240
51df325f026f4cc5ed2e9a65,1415158144
1f11cd977996d909ffacadef,1341412096
5ae03c0e33dc7d3e0e0d54a5,815473472
da88bf5bc2a7310ff382be4c,1009651200
035de58d60807ee2c272ce82,1376191616
0cf82b1128ebb8d1087b640d,1024182656
bd8b005383020611b8922147,1022109696
f5c79a564600bcad99c74f03,421719616
b11672f22fafd555f940a8dc,808155968
2bc88a5c4bea2bd00fd8f13c,540347776
b2b99019a929584b4904b98d,1036317248
678d0e011f710cefa49f6465,616376320
f7de22825945329521642f49,684271168
79b5a037bea858706838a62d,1050161344
9f339d547d83b4ef956a3690,929026240
127e197a2f70e7ddb5dc92aa,513785952
65b8c48546af394a924decbc,567245760
cdc0c282ee62c51e3a20459a,1068991296
ec824ecd0319e05d1ca6a9c7,624682240
95f27bf0d25bbcd0d1eb9cdb,843418240
ac0ee54bdc08632efc0d771d,915404416
904ad71e7d108930d69a7332,546098816
7f4e6f790de012946197e0df,1004515264
473cb30713e88ecf782651fd,733276288
59a309a6af425b2028a2ad69,1000129920
8a1b0f59f86e33a7aa7c2c23,859908160
1e884932e57cfcab75ebbacd,1078272640
8e273f1dde4801825fb19742,865619136
1f9c0f9c3c6460a323171d72,1301458816
5dba98aa20e371c3947c19b9,1111959936
51516e102f8d43a07037ed29,915120576
6eabd14e55ff090e8a93c727,760296064
e224f9ffc7bd70369a5e8b68,1228581376
35cb50346289f0590dd24d83,1188387072
2aecb598de8c74d9d5108d8c,1061026624
69c7e97037c747b93c33251b,1212459008
b9b95c89c988f68429822e81,485413248
fa2c5c19c86087f207c379ab,534175680
9bcd34e7a974c977f65925f3,1221388416
3611c89dc71078cd0aefd2cd,1050161344
9ab273eca8cd5dd4b6339ca4,429688992
4347966ceb1770f758cb6e37,1146027648
2a68f627f4dc8060484cdb18,1029267072
55ff644abd72eaff17d533f0,1402094976
db563e5a1cd9eb1be832bf5f,1468825856
a0e9310061ff0084d63dd242,677251584
7ff62b2f8a28d60f6c4237c6,1104470528
c42c59e8a08e8657ab4201f1,683278848
de28370454624724128a0688,747153728
514aefd8a44ca048a8088c51,916465344
3d3a318662cbe218db0878e7,1068991296
2714bcd5c0c503c3bee0e0b2,1024631744
5461aeb15c7f826f0ce157e8,705711744
db352cbc2aa3066ea9b34184,784469760
22b066e6dbd0f2562a0554f1,1295790080
daf8d6d3f4ba21513341eb3e,1378672896
523605d1fbb75b0c5acec5f7,723747200
c59c2a19b93ca666b7c389d4,762598784
61e57e5539c40e5ffeb77997,723747200
c1fc25faadb151c73ff254ec,648159680
63e73f1b8b385d89de1329c2,820980480
80ded3bf4f2973a5ceb1ffb7,466469216
e1f5f0e96e5865370423c142,878123712
3bc1d407f7e7c8e67f7dd27c,956665984
d87c489d3572187e3280965b,1157188992
110d49e1d79a3534e146b300,1031398080
7baf3723bac87b0b393ba52c,789744192
8e9e35321545774dc1f85776,724920256
e0d6155cb3cdac98f81d44e8,834614976
bcf775187c0f5ae1cc0e8ca6,644886656
a792122a1b292f482caf25d1,625587136
09fe153b0027697e58bd08b5,382746016
a7283f1587ffd80f4723475f,375255200
67a10f161cf7215302b6ca1b,415526592
f403b20cb52d4ad3f9469ee7,639902016
643e13f00dfe7787a19b1254,475862336
0eb7c68fb7ea1e58f3e76345,1040961344
cabf47337c2cd619f12fe69f,842558848
55c5eeb4861e8cd71731274d,1094019968
363c96b85cf07dacbb10b92e,243676656
49b59d19432dbeb8921e57b8,979070784
818ee3b0c3862d4aae6e7776,540339648
b15c662c56b19d3843737dd4,583089216
03243195c467c67e67a7823e,586867584
5db50c50b523f3d454e94dc9,652892608
0798af235e9926b1e7e4642d,733587392
83852e78afcc4127481adccc,573017984
7fe25ebd70b89f4602bee6a2,1024525888
175590951b6f8c6b8b4af9ff,433176032
d4dd48521efc020762ea141e,706853632
a681d6e9ccc7bc60eeaf7e3c,1162523264
e137b5003b8c8f18892ee9d3,811217920
90dfa0d7be06e7a1dc15770e,689512704
7fb856eba0ae98a40eac3efd,1026127616
9f52855eab4ca5161f1fb492,885789632
494580f4974c33d7ce0cdb28,967474752
d972dc3dfccf2a48a6384e54,584883520
7cc8772ebde8902f55e14b44,723774848
deda3ad684384ed67711ae71,611492032
b288c52e4d0fab9f579122a0,666380480
0bc16b384acd3f8263e386de,854651072
b40d1d2b7c1db9cc57c65fce,1039580032
c2580329ee6d7a03925725aa,476209280
7e73516d57a251061b3916e0,1118584576
7749f3bcfa8339444b0a8b7e,425200896
557e40fdc93c1824b0bed769,425200896
edbb5db63dbd0452c51047a0,567796352
383af3a5794a0ec3efe78b2f,453296864
90ae7af091c23957b88de5e9,904153472
b1d9704dd39c6cef28ae3d17,654843392
44916ca9b874075f55949f87,636390144
0515734883eea12cdacb7aab,790147968
faf9f8aa50d936c1465e880c,867594240
f37c9693e058492ec3715de9,790281344
562c7846b05072561d96698d,235323200
4a629aaf60a113402834c042,1149130880
ccc4e48073c3da10a2e2d08a,740096512
8532c64eaed74b64b4d4707c,542160704
528a96aa31409c32bc9f1f63,1269094144
36fd9fc1f1d9b2e10c1c6463,373806912
91561030d87ff5bc0a497f1d,623876928
eb09010915ee68091d6675d4,637276288
56c41a58ed5b9864b68fc910,790663552
bf6005f6f71da582a6fab8c7,620026368
86ee80cbe81724e6919bdb73,731034112
0caa7856aca178f826fe90c4,1020927936
9e41f25cf2e77f3fbe903368,904561152
019f4a25794ef01294845b51,684524352
d6fc6059bba177ab56d85ec6,1536887552
436089e2bf605d00849691e8,810441664
02a9c37b3d92a6da473c6fbc,778246848
bde81ef5ff9edabfc7e30d10,803905472
379fcab709c66fa146d3491f,675508928
28ac1562ebb5050f1492f576,854878720
e68f5a98070efada9b5538ee,563367232
80aef024b0ecebb01913504d,486429856
f45161bb79292e974dc88b5c,519767392
6de3c3d53d6aee18ccdee958,499916288
5f2f7596a284915ebdb81a35,431145280
291fc50c4ffe7935b01e5d9c,770646592
42ac33321bb1920fe2a78036,559600960
c8e00b4dcfa2d05d6a7fde26,1035772288
5c0e328a04f881674ae1046e,1103949824
c28cb417dd28fe4d4d41d114,648277824
8e160f094a0425aca23f04ac,809981760
a8944be7383b5689b5039c87,1160704768
cb7ed5960f325114bd3489c3,1067333888
275d73c7dc0fda7cbecfea89,1219966976
85c24df2d836cc8addd9b7b0,878942208
0fa87864632b7bbbd161f879,829296704
c7f422224808e043753683f8,1203175680
c51d1eff1b6d29b4164df520,929122240
b50e8c13de383e64711193f5,489638912
1308dad458274c698b2fec72,489638912
6a1024c5da689de67bdfa274,702136576
6e426f60d25aa8a4c6f8c9e9,879631552
b80f3a46440daae51308d459,552899584
f59ed9b8ef1726f1a55a4dc3,498700064
368eddd8b6d39bcc7124a41e,757356224
391cfff759030283411dfe1a,595907520
4f140229175de685a0999773,837726016
cd365053914fcde97b7ee9a8,794521472
16a05fee8dfbe78d26664c3a,757831232
c462f0736fdefd319cee232e,884846144
b419d977b283e33c0b3da86b,1180485888
6eb27e2a66d08a8a60567272,854121088
7486ef139d41d91423317e0e,775926208
e663064dd77e3c63ab9222af,1331992704
9a6849637f1b8332ab289e27,1461242240
498de85ba30cb01e9c686081,383342656
3507f260c3c6e195fc444533,463648896
e538d52c9b2dc994491be3db,384160736
f016ba59a64f287099fc4af4,616636160
380ae516dd46442f97acfe14,557842688
c97e4d7e08db3171290e939c,806457728
f7847aaf1491103fd931aa5b,934210560
08f6bf438980d55b35ce7537,934210560
a6a06973b5a4c990d5873b7c,649420928
6e26918c69487a735a639c1c,1203036544
cfbc690c55e5c2bd8dd9d89d,926216576
56fe5c13f11813b82dfb04f8,797721664
296f0158b5cc1541cfc8419e,875242176
6ed2970ed02a3e50ac984aa1,743628608
4c9f3af11fa91e729384580c,863974976
2ce779caef0637db97954912,683865664
d743892816160218a63dcd35,760689216
758efd6f99db309c67cefb12,613519232
a4146ec09d782b08e8198e11,895361280
f415c2bc1bc0fdca091285cf,1272395136
39ef4fb2a43fa3bba15a0b16,1021764224
874ee4f1b9c6dfd3d2358834,1225722368
e9d514f90ebff0de1936d09c,586116864
9f15c77d67021f349714806c,480454752
a600ed86cff36e636d204f39,470146816
58f55e9bf743e2e3ad43c274,765939968
af1aeb2ba89d29973f73511c,667183232
bee721e93b8d8e7cb37dc992,470146816
bd52dc8dc5398e5ca2952473,401883104
b71095bf5e80bcefafb12d52,526562368
a7f48fbdf807da68594e9ae0,454619296
50de04936770f874e1eb86c2,499202080
2ea47ef8f02712c32613fbd1,473307968
27eaac0ebf8a5ee99d143218,933249536
ee594b6bb0751dab39055b3e,754031104
eba0410242fa1e8dea90b194,964553728
a619d30d6f2e2aa3b9613c04,519767392
df58a4244134d3493f3c9f30,1183698560
32dd96f4f07f67806146ec46,592633856
a77ef77ffa731e8980d36b27,684449856
a2a1665a693852185673f6c1,1325751936
8267eeb41ed1e68144301a3f,788404864
887ba6b287a8b3ccdd5691b5,742104640
1fc94e9dec93d52e0062e07e,904139200
ffd3d51ecc85abff64258e1c,701919680
3eb79541c2ce9413d2c54736,853085824
fcefb2186b13c8bc39b17915,1055094528
d4a43654382201db5d318dca,810778112
15fbd295328ad698d3c76aec,1417515520
7f5e87fbb4952caa0cb658e2,993258112
9d348aa70957592dbc56ef32,880804416
2ac1105447a71f68a50105d1,1024219456
d8ba9eb448ce35ed404e68e3,1060008512
21d42e80f6f818eed990bfc7,1182585216
81c890b0d7cf787a091d4081,916539072
518858c561af5c13c8aef9f9,916510656
01cda25ee8545b9fe19717ed,1201920896
2c34c1e1655e87ada03f411a,1126723200
48f9e9a87e7fc0a678460e05,1083045248
76ae7be5da1785c37736fdb8,1376191616
3918fa99179953461fe07f2a,1138047360
305080502cba05a1c165560b,693783168
5c3aaf3f75d6d3ae9b55cee6,861567808
2ab263b5d1ba72fa562d64e6,894537600
6d13129db564ad15e69fd534,1055094528
7de7a2a651273df62aa6a21c,1325751936
59f9cc9b23cdea5bd4cc3ae9,872888320
d4436ad417941fde0aed2818,1055094528
80ab8d9f157c25b40f102854,880804416
06ca01d3ff86406e896b6fa6,1023622912
88f36882dae9a0487383b769,861567808
da474e23f34cb63de4ef28a4,880804416
04f968f1873a655fde8702f6,473726688
1dc1a51628b8eb1bba214498,392998080
e7cb4cf600b9d931eb295c71,717553536
9052c644813d546987a72305,489400256
1e32a8825a7ea79c28e27a8d,613558336
82f34c2a6644c4cb0649c44b,976590144
95815bf7c79e4bff3f41b233,941215872
f64f642775ed2c9f45aff215,703201472
4cac81eebdeb45eb0e8aa5fe,763961984
c6da2874d2dfbb2ebab542bf,1039582528
e7c08555cb8f5c7d0f32fdda,698681728
10b7c99bee9a4a21e1f32d50,737378112
f21625fb82740d6f4cf1c325,517814880
1c3236613cf95c84c5791bdb,1138177920
b11c3a4642f7eee2e443eb32,1210235264
cd08976dc2d69110375f8541,578203200
a44c7ace8ab50de7ed8e5a66,362535232
fa8f13da6d8be3bc1f05fcee,492918304
77bd7837b02bd8f2c290c9f8,514806912
11a79681fb0a3f6eedf11d1f,769877376
70c3b086af66b0c9db4b0b96,769877376
64ea18085495f759116f62c9,731003840
ebf4bda17341de806444ba83,816954240
54228579fd8812c3ea160341,1145732864
dae0265a0f2f79d3dc010ac8,1078763776
7340afa659775cc18d83aa4a,864053120
5ba05f67a77cebe5cda31e74,810022080
33dfb510aae260ccefa4d349,1297247872
82af190e32398942775056d5,1078763776
a9b9263f6aafe8531f3dadca,1267301376
9a38e7293e9ad7d8462eeaf7,1260823040
5852773a80f7f1b929c7dabc,1246338048
52fbef3effd854b0ad0f62b1,955191552
0016e35cfd881ee2e37b49b3,638203712
380759598c614cbe10ae4bfc,749298688
fb63e870ceb7ff355299f3da,804136832
285b8cb5e9c887794ed2fd1b,990641536
f003a46a1c8e04da0052d72f,403365408
a731b326a61043070c3c853b,559454912
d2644b46136fd95c0fc2353d,1222323200
8248697f70c21fa361840755,1081679744
075b5c16441d9d67cf638386,510146272
6bb2ac0cf2369cd8fd85bc12,667686720
2c0b3d69fca6677ba9e95327,974145792
c73ffac843c155f24985e6f6,593461504
78b57a58368ab056c11bb0dc,885912576
90b25b6b913c1bf0396c149a,868426560
fa29c89363ac9cb59667a43d,885912576
eba756e88209c420d288c4be,635131008
e7081fb59ffa298320321633,781578816
db1c3ece26da7b342eb7c8a5,885912576
f9ef8fcf24d28ce11e71d758,967541888
2f854c9df6212c39091bcf28,768814848
ccc66d77e5f68779b1c016db,451484672
47d288f8f9227013424d6976,418994656
3e891afdcb568befebd66fe4,504545696
2d1f036c96e92d9c557605cb,610891136
dd9d63c612aaddbd86676c34,702314112
13cf784fb3553f75acf25a4b,610891136
57dd353ac00d0e99abdb3733,1358731776
ed0051ae106fd0df60a14586,1132317824
0997324f14c5823413463546,1142460288
e2cdca1756b1635dd1ac2b2c,777472000
7700df9486a1684157527739,478601984
e790b21630ab963a65c53df0,440672320
2bbbd9878a1e7c55bdacb330,534011744
decb25b7fdc0eb259831cc71,919383616
fdbc74fb5882051327b3caf8,525905216
39dee9b1661292cdda6c4823,559799936
354e2de1e3a81a63e7fae4bf,843185408
f80b9e8c51cd71c5be281652,471917760
a96b19e82d9811d5de1ed0e6,340526144
5e5ca2753a908aa1b7fe80a2,730481664
495b6e61d1b887f8b4c1bcbf,720679744
ad8ac9edabcf2d4b06ba9fc1,965897024
359f6a66a407e30b40979d2c,758679424
ad351bb6437583ec871b1739,961930560
262b1c8ce7db2b4aca2400a1,920576448
6808b10f5876ca36f569a4b8,1191343872
54c74b36962edcc922573792,677193728
e7fc4e6b1fdb38ffe68fb680,716482240
1c9325df5599379a73e18053,891620160
8c9bf9031bd378c1105e3f3e,1075108352
be70989d473cd731f6d8e580,689435136
46136f5f078dd31170c58e64,803101120
7055f85f7749c4646577a51a,482455584
861aa922b483f9bf7884dac5,445691744
45f18e0bb676d2495a227dfb,344727104
9cca7c1e9ff65766c8dd2e29,412756000
b2b7020e66872c8d83468cec,613738880
7634d7acd4197594271c84d5,434315680
11ffdf367d817b582d590db7,631246720
103687e73b0528ec29725f1e,687361984
8b5369b126b75c497b1a7b73,683037568
b33c9b03cc12a253e4936cc3,707782592
ab177c5d60492f2ff087708a,550331648
05bbd028f30492fc0a9f35d0,683037568
2b9fd26383758104d567d474,683037568
4addcabbe23020d3d0d46ac6,655125440
d93ba0c32244c455e0f7baf4,683037568
92b772a38d5e38bb51a3f621,803665792
135ca1dc80ae4d9993ec46f5,655125440
ed5192bd8038c77ed2e46f0c,591201920
3a878d44356885ea61bd882b,683037568
c29c69bc6758d5976024e455,911100864
dc486a3d7e9e2e608ab2a7b0,683037568
1a34acf8e509659534a56b63,733294400
5716ed7d678cc2575397174d,486864160
444c68a7a6cd0b794768d5af,768360576
8a724286cf661794084aa87a,1158520448
ff9c4796bc3ef18ae7bb724e,1026127616
35984f749eeb84eaf938bb08,1241410816
0998999f12dfdd50c597c6c1,866423936
58bc65fd2e0e4430fb353d83,904900864
fe483817d899e0044abc3787,905822272
183a8459fa248605b8b5bc1c,822146880
a1f0d61cef676fbf798b5473,434002080
d7d3cd587d291f389ba2e8d1,939444352
ff8e7294270343a00978dbc2,822902592
0996cb112fc3919564e87c37,1272508416
f183e3651c485e0001e64880,875242176
e28474959994ea9c0c2eeac6,832571456
682c0a5f5f3130a61b5214d8,1121179648
245663c600727f7c214063c9,925644800
dea79d1b25bb9c78d331e3e6,1050234560
ba212b5f12959e34b4887315,805842752
dd4eb14b56cb00130955d021,1469504000
4c94103d4366bcaaee4b550f,1189194112
7bd9cefba3f5dab498ef926c,1370528000
1d7a2572b466070f08c6e564,572415296
a38e7af984a471331b2d758c,1154282240
b6775aefafa4dcc161eaf6d5,704521344
8654295684292e74d0245238,472978240
f0ae62ce6eebc4d07415c48d,1105589376
969219d7b193ac92e7a008ec,580026240
651d6af0968fc05584cb3d25,624368832
4f992c2a0526c0074bbcd875,292036512
9536c686b6ec514d92493f9b,532501632
5384587ecbf956275d86e60a,500360864
bab5690da7c42909464cb9a2,466887840
bc91072d808fe7b43e972f42,437154208
37cf2c5c1c6fb6e601d2f76e,388636544
4cdaece5d1dd4e089a99f47b,540883264
b37af80bba5adc197cb51649,837726016
552152b60bdc1ca16d2dbb71,904728128
32354bff9df0267a5e139156,869734528
fe4a6d7d7ed28b85c5816fa2,962845696
afbc7773755043a40a7f9d6f,332245568
daf2efda70c6f3cd9257d0dc,651715008
66fa7c9e82a2876216b14b1e,777842752
e34517b1563d829104e230b4,557788352
222a35842b0bc09f48e1d0cf,352349312
c5a64fe5ed5901734d98a22b,506985344
05db9fc492801eac98f69c7e,389747680
6e4ce81e713a571601d861a2,660793664
79fe5105ed7a7861d3c0187c,601963840
70ea911907d320da1f7f9c41,737060736
e60024d6e0b5aa52e27a3b5a,428363264
bb63f086543cde77832bd4ed,428363264
b3c2187fa96006fecc6b8ba0,421293152
9499edd83df77bd6a90560c8,421293152
a947158782fe2832cea53040,750092736
2e1608b8c646a102e27df16b,678134848
77fbf1f0c35c1025ea4803e3,549094144
f9e6a759b069e04b0cbf0182,843609024
1e158f436f2a4caedd1563a2,652892608
67af004f80b08fae38f472eb,591534848
386ee01c3f7bd8bdb91181ad,1076752384
36ffb5566bc35fbce9e42679,437490240
b58533a6850620b0960db713,426135200
41353584f956b9e316c6c67d,574816832
b1d1bc7ea83d5c584988b95c,608145216
6b1c0866e6f12f7fa8de94b2,625109568
fa4fd8380dd2620c672facc5,1062863104
44394e66504a4d77587ee105,879404800
d841d6a82425710e36460f64,978813376
33501f96ba3b02da073d586d,696041856
831693b6fb81df1359e45db7,545574912
7192b9d32e4ad55f6af9e241,806836864
4f99b97100d003ba3a2ecd46,673307904
83d969bfc020aea27d2b829b,561153344
39be6f994f2cd3d68b51126c,599759040
712f16cf2506710d7f2a2e8d,664323136
7ba618fdb1fe8694eaecb64f,618817280
d8735967c942d1a7b0cff7c6,888710784
b4ef40e00d089a35d750888a,1162523264
7d73a548c2a29ef2d9655e1d,693620544
63131b8d125073c7dfec72f2,1059186048
a65655a4f42564ac48bdffa4,595462464
033d3f8ff56907db4c453700,811217920
05e8878bcb68d03e3b656eb3,952967872
2ff0775d2c131d19804f2a2e,751611904
9957ccd807718945178bb847,1214387328
7bcfd82ced5d6f1ae390d388,458213376
adcc03f332b427be46f118a5,859775488
b5dd038cf35169bfd0e62eb7,803169088
35b789e1d63f8f25980d21a1,1182585216
c9a215f284e095850c809425,868864576
d26efb0e1213e19c378edfbd,734655040
9990217fa4eae1d1c4ed051a,1243814016
2e9390c4423db604e1c7c4ec,710925888
6faf9b6c30b176e36f2f1d32,835621184
5b83d91f4d6364d3e4be1428,662820096
0d9616f0ac8b0c2e9e0a97a3,529000128
9c9fd309cfb505b628f84fab,1331660672
98b77fc0888335702d082f8b,736660736
051d68945b95562009d4029c,736660736
eb8021804e63016fd934c9b2,642401536
ed6c8c45bc8c1d160cf0d0eb,941360000
9fc8c3523883947769b2fe6c,860310272
3e9cdf767389ee551b5349a3,573017984
512effa47a1c7a5420bdcd6e,441556704
0768e70fbda0e09b88c1548a,582352704
acfa7a1cb136e4474b7efe32,1238954752
a343e6ec6eadb287711d3834,1033427264
a698d80ede6cf6243fd9ed99,1233094016
fa5c81237a94f2f78f05977d,1049969600
999c8da7dbed7412dcbafb70,757080704
c33613eff66948d1bb8ea3bc,581755840
a642351076b7706a733dc52f,987770560
c69e08214cb1fbc09ced0971,493584896
48a20e676a060954308c9ecf,506362624
304ce5835e685778b1c2b6a1,628419072
c859144477dcaacbc1654a8c,838998656
98865eb2f40b8a30893cd351,543726912
68dd15c8e9b71171348ea24b,939123200
3c660885ddd7e98ba5ea26a1,1164690048
c670315562766401f92913d0,798014208
777a8d05edda0a335d89e90d,624814656
81f5c32a2c2d3b32329a645b,648003520
40525fc425906c9485f1ddfc,551472704
8b6efcdb553f6e936bd90f3e,689828288
94dc108f1d146641b221cb81,506320576
1034ee7a5160fecdb5e8c27c,588899136
48b34600046c903f0ae4e6d1,989778752
edca31377b4f7299f8b45187,1166126592
b1586cdf68f36926c3bf72a2,642032768
70b15c2a38c404e62ad05171,417601152
ce18358366157fa869bf3833,381010368
6883fb90099426e6f3922909,391452480
1b7151cf29b565b2f1caa559,431222656
f2ec3a3598c99bb8c38cd680,647131392
38026eb43ff9876cd5767ac3,405796224
9f68ff98e302ab06df4fc672,421946848
2d2ee255ed2144b9fa1fcc39,522120224
029224b78e8f358aa9c38e94,448972032
88da5851280dbe750968c565,685531456
1c67456195075a051513b28c,775212096
9741ff1b895a038c32205784,808999104
75fdbee42ec89d428143066c,744070976
9f27627b9e439fce085cb01c,926444096
a4a4a57cf20ad739291aafcb,807293632
84a074517742e09a7eb6f320,711675456
28fd0437736c1b17c7ea1f33,814782784
beadf1de0732143f0699895d,710646912
b027f75411dce9c742c5d0f1,825197056
182077fd9c5142d503309490,599328192
b1df92683a593edc3f2b45ad,827940160
38cbcd7f88c1520fa083af9a,683637760
8ab5eda5b66a6c2becffad29,785937408
e68ceeb098f60054c19fda0e,647655872
e6ac4d158437142c15bbd4d9,923813440
a448d8246781ae78dae61619,673514112
4e878e99ad2fc34400381c3d,849141888
beaa09cb49a98e8025fd7e8a,765260288
3df855d8893dbc62eabd95c6,639770560
cbfc3ca911ca23517da8c2d0,991078144
a020e479dc5db78794a5fa77,1186093568
6247fb0e5261d4225f6c9f1e,718756864
93822a34ec8dcf104e7f49c4,820663296
17d311554f40ae8b40234c31,956474176
762e044ce9371d7b8c7acb6f,670042048
2fad468e1c248f40ee3586ad,920335104
fc25df25f4151a16cf0c90f8,1101009920
39c1613acc0ba4fe622c1f31,1008580928
2c15a0733cdb932ba8f2225f,994256832
1db68ed64501f35c51d74c5c,1265038336
1d968cecf268a7f14def1af7,763781632
77c886207faa6965238b152c,581491904
86242b25bcb2dd775d25191a,617824320
a8b457cf82926e25cd862af1,1068991296
fec1212eae4e6369d5555d8c,668558080
8f59ec48e38092ab01c23e33,1078256128
490b89e972abd7e64b5ba6c2,879404800
f8f217756d32f31faa784c2f,1024631744
1c2ec62e8ebba12c6146a04c,999288256
2afa1699af46ad8124f76e4e,728135360
8c1695c9a31de0f956e4ccdc,778591488
d88bba495701ae7a44eecc64,1263188992
00571815d5a7f208eb3e7737,1002170304
d626a635ee75c23aee2fb327,1301458816
7e3937cfe43dc906983fd321,963715456
ddd8906ea4a22b782c7888bd,824648448
258abe0fc321f6b24d37ad86,513008416
f637a4885488bbd499199148,908975104
97f5e6ee143998e0b3fc97c0,638203712
be4b96920e3aa5c57baa13b3,385531232
6e7f3a0cb6246f13656fc95c,1253486080
0cdcd8cd52bd1967dab88a5f,560518912
83da19e7fbbca11083090574,658373312
f0cb484eb3f6e04b5b1806ab,739446784
fbf8b0f1159e89428778c847,399947424
7c316b981173919b6cae5516,692343808
d6496a3215daad9089fcd5c6,955191552
e104567c1cc70000692f502c,743969536
c4476befe0002dcd0c315993,577496000
3008e821640b33a8d70beec9,615061824
9eaaf577807d86ab64fb14ae,598057216
9db120a76af04028d2f0ce68,287577120
81e1f8b1c0e3b15f2ebfd84a,605163264
9943a2530009f62cab6b466f,694419200
a8052c48a500926214eb2e1e,448972032
3335313b9060ff29782906b6,607225280
cb93bf58a01eb262cb003061,785937408
0e04f84529d92f2832ef986f,773830592
807d7f5155bd299afbb6491f,639770560
76558d67def95bc708039f05,1224614400
bb19983466b1a1184ee7ea1c,888710784
34067d9b2b4e45be1e5cfa32,756529216
1c4fab7d9cf798617fa90a19,623876928
b4d610e0ecfe007c133a5ea4,650231680
ffbedc0873b99654d10188a3,346797312
ac413fd87de33153899a1d04,611752512
83349bba5fbddbfa2db5078a,601251264
0a759932f763df64a463ac18,616933760
fd9ebf37acdbb0e4bffd2fb3,764517696
f725f6ebcc3fdeed22bee385,636756928
ceee9fd6e692196b960443d8,756658752
bc10eea54e4a1767881a2391,718664896
4ed5718470ffa3e5b5f40bae,798018624
debd031585e9527fe00f116d,1165241344
23b5f2af5d39edd25db6a522,793178688
f51000446ab65417942e535d,745557824
e6ed64435c659f236cf213a8,613853760
b160d30961ddd3dac16184b8,669781312
0cad79296edb4b18582dd77c,799305472
7bbf8e16cc32dec423afa6b3,814782784
acf98212eb702c79f16bb058,616953536
1747dd033c2c2769974a06af,646383040
d54e80ee72354c70cb84323a,646383040
de901d3433ade456e9edcd79,646383040
3fea10126c0c651f02de7167,646383040
f823f6d95b4340e8e4dd0d57,646383040
ff6fa86afbf9da2aa8eb7991,646383040
a966f298e8d4d3d580a72d99,646383040
5b0918cab84af6fa6c464037,755599488
bb1ece5366ebb2ef9d52708d,447510528
fa926bec03068764c8545d41,781135936
3bb987adb4ff573ef09b8c12,644380224
d7fb188814d4c118ccd83989,809487552
ba511b37b4bda08d191c68da,522443840
3c2f62f464aa5c48c470bff2,672532800
3256c6c6f30aea9cc79b7283,1043702656
9844c3773f7a50c71f218e99,947867008
23229e392dbd8fd9d80637da,918243968
e0f47a028df2dbe9129cde7d,1165630464
a12f0f00148e564ef78838c5,971906240
d3ace27450b980262ba9bf76,1123617408
0668a4a4521c783a2d817413,818167296
768f69f0241fe339b6f52fa2,895015680
e78ef4d2b165a8e8781c258d,355853760
631ecfa47fe167bfaaa967e5,369823392
954e3065b1e8b31a68f6d4be,595683072
e81c5c1b820636f691e5c5cc,777830080
b4c779732e827ab2fec8e8eb,1148506624
b58208759ce1402501f68906,1223797248
59805e5f4080246ac1d92b34,646098432
a3fd38336516b98117e328b7,1530254208
c0bf06891690188e17ceeb8a,806335296
efc8ccaeb09a5e1bb0bfe011,870553984
8e604d41e0cfe9c93ad536d8,1283653248
f770b66579bf2b55a714c43a,842520896
4e01f07ee4b1241360de460e,1169628544
dba1be42bef913f35a95735b,616267136
d839ca90c5df85e5cab54ea1,720652992
ffaca67ff9f0d7cbd5bbd295,1108224768
6f17875bd3ecf00566dd5c1b,1068205440
10d01825744060a7b777ee4e,648873792
185b333862e7420f25622efa,800558464
7f7141f5e1a7964ac6dc688e,1325524736
adae78b82caeb073d84f02ee,796483520
4c0f9275581b5572635613a1,465814752
9d6810aa1035e91b72de6a26,405830688
069798704327652a899a189d,496937504
2f34de2546f13e8a9dee1edf,667613696
8147da5e5f53a163443e8506,632740608
6834b61ee23cf04daf4fb83e,916510656
59cbc0e7dc6e6922feffab8f,633426368
7cfe5c3f5cb1bf095eb2c503,845464128
d916219daa90cd2d99edc609,900962432
e78ad3483c5aa5a7a4310720,677283776
d048fdc255a5a7f474d48c0a,1406077056
b76a3fe6a49dcae6e6bf5815,638300928
75fa60dfb737ad50073848f2,898064512
83c1d0e2b8826844416abd9b,936252352
8c02948b66db263420c20d3d,1182204800
33ab442cf58cfaa33eefb6dd,569340352
d379dc03d78685ad14c647c0,445277024
5e36efb290bb265d81706bd4,1136126720
db534a5f57e92d29b9e150cf,779316672
5354a816a7da90e205448832,396689664
f0862f57dd6be5e7659c65ba,505523136
7d58eba13f418d890ef563da,751402560
c2fc3f04c3870e14b89d5fbb,880914368
15537000b6806ee84d4615bf,1406077056
e82508e88e3f62fc8e67dc16,876943040
86ee57ce617b2be312a9efd6,897755520
6bcc29a0afc735bcf3621595,942288512
d79e2addf7c11180be222103,1260134912
adeadac88e573824f08efa21,963116736
922c37e46fe9e75e73fc1f35,586742144
5d09f2d1cc5fec761ac4372d,1040961344
8c5aa3c826f325a9a6c6f524,1040961344
fd0c010fa0c4b84dc75ede86,942146496
c23150d0aaaf932579561998,1159759232
163405cd6248bc3e832dc93a,592174720
eed12d0c3e65e9989fc4f4bd,766805184
e6fd53315e92a55c6b67405f,243676656
7a3ec914a15b47726567af96,712975744
7f02f056d5eb4aff92b44659,577342592
2d5d9119602c228b333402a4,528178944
43fefda5a3b0781578d9f2d3,520527808
513211d9f07fd6645711ae31,392998080
c3e1e0d2618556de7df13403,584035904
b4a4d705930d9afe896dff17,380168544
e44b023e39910ed29f4dde2d,633097536
4e78d095988a92642a1bd18c,405221312
92507b623f039b4ef5be8870,900936064
e216fba4bffe753a527ecd4c,781409344
24a4199c17f9c56f0b3ed12f,638563328
6bbf09c3bbc3e3a000cd2afb,632740608
b3d45812baa819caa1400255,818620992
2688e4cd1fd441d1da455504,696559296
5dc1fd6ec7ec8c8af71e3b6b,1046939392
f7b7e298ca8fb75e11e92999,609826496
05b71daf88eff5ae8cf5789d,689517568
e8a7ddb4e5d43d156692326c,902576768
632820af2a0477aea5ccfa1e,1008839808
43a3fbb8218e73b956ca50fe,855690240
398c195aa41ace34a16b0d7b,1488610176
ef3887783a12f591198d6c27,600793216
e6653cc1c94306d4e56ba216,699815808
166c21ff83e97c6e74169d92,1017316608
d0fccd2708fc7def00c72317,1080489984
d66bd7e4bc7b51d23af57de2,1463695232
8b47b76193159a21c3580a3f,1014790912
448d159391c38e4ffcc405b4,691288832
9ce7fb3190866e6a02e01e26,526747296
c25f892c01420855f61c3dd9,536605440
2d5ccb12ebb6fc7d4ba462b0,564120896
9eb4041ed9e159ec0d890de6,423261504
c342f6492f90ccf623e8e8cf,695272960
c3a78d9bb10165d9be188394,908483328
1978d8fc2031af21e98a4e9e,637675200
d6d581e852a025b61cffd6cc,816267328
ea28f68a1d1d81d29b88531d,761024448
a3cc0422a37512ae124013d8,1122816256
073a3ae443f3333f0f526f7e,756341760
57238dca767ebf3a842c5f10,1124319232
113887ac25fbff9d30fe8d35,400814752
fed1a50c562ffd7f30451adf,767126336
b1e9075645f4b374c7301346,750750912
6517c1efabdea4c1f93078b7,591918400
b966fa606a3b50d3ac7249f6,1262165504
e0ad3e9588636f454e9e484d,816668288
d7ad46cde8eca723de6510d7,945392128
447f51e37fda773ab748814b,719555584
a6b992c9bf4eb32ab3d1df4e,860712704
3a9c7ec02f3e7e419669fee2,448889728
c908280d0461c3585af94d53,1125468416
b3616a055e722e3720cca48c,1201542912
45a8f6d942533794501d775d,490375680
b6da1db3aa02debd11e26edc,767051264
6d12669907d7d80d0b458a93,613083008
5122b2e9638d3438434fc56b,1327367424
6367a127b452cfa27043f74f,738635584
fb3d29813052141c015669c2,618420160
5fb76f2095eb1a5cacc2524d,504793120
95632ec6578a204881694dc2,608457856
846b75324c0f3cbb027387c3,683356544
940dd8311f2b49d4ec212fde,562007680
bd0261ab68cf56950ccdced9,790954624
f79f0c23b5cb96b5d022582c,443917376
795cd68f9a5ef45902712524,786488064
d908973d90db91f772890c9e,525933728
d670be6c848b1e92abbf415d,519767392
87b940bd3dae37b9fdac5d4f,541121472
8a7ddcd0c452e7993bc5087b,483348928
8925e22f8511be30d50545cd,1017235072
1342c307971094041c9c240b,904547904
385488342bff3d3587250c84,1014020480
f8e25b7d7e93c45df1b3a4c5,929122240
fa4f331f05b1488990a69ec8,1260823040
a71d187784b309d65cea0b14,1432129664
0f44b84024412099f27439a7,788198528
0ea1a5d32324d270cde1993a,684681408
b13cdf9314a34852e8db4221,659929856
75e0815e2ba7269a10d9786f,454803040
f42b6680baf774d27fdf1e48,817254656
5cde1a59393643d7ed4e909b,967041792
8736dfe0f1c6e2181b0ee31e,946293760
5859ec20de4a5036292ee947,1117381504
1eee0ff52c53f04307cc3216,569671552
b455979bc938acd34a580eac,901740928
6921133528bd6fa3675ce8de,592179392
3d266736d0307404a5804073,612374272
f4f6e48b618064ced466c302,473533664
dcf606270a4612aafc5f9f29,437115808
5e455623c380290e0a8e4e48,599463360
ac3c9d9357fbe72959817602,980781184
f48fb9d9c42b0ebee72cfcaa,829217984
dc99f2871bc05ea7e8a97d72,901740928
b5cfd5eba0b6297cefd6d3d5,1144022016
0dd30227247f145bae82f96c,1288297600
9f347bf53e4ca4d264a45241,757831232
81406ce289219cdab015549d,1125468416
a085fab6d9b9d8c24472cfb0,1327367424
1fce0e993a57a3e3873b8d7c,1341412096
af67d51867f382dcd9cf34b0,872430528
432f082ac51bb0d39ce45b0c,1009651200
b6281efabdbff697d70925e6,1180231680
9215d29512b14aab6178da01,1461242240
6218a5d7267f02c576e5bf16,449355840
d66cca2c8e08c89af26e7622,1055094528
ad3b4ae81c322a9f91381bea,766074112
3a40bebb521445fcd32cf033,1186861696
c1ca38f941200a9d666aaedc,549564480
a1da74ec074df16a1e8690b9,1457527680
502154647e351af240615b98,743802048
b57cd3eb0290984f061e1053,684956992
4db632fdebc000c9e64a589b,664323136
e380184391898aaa2d3dc540,960744320
dca45f1c1a79ea5ebe639920,1186392320
961de1cc8601447b03682e1d,819486400
60a4f09c268e61fbbe423ff1,421293152
c3191b6b40191009ae9f4b7f,1094019968
478ac408d2a5c603aa23cbd5,1130567808
ecdb747ee4a3ebf958252309,1042390848
6c36e346957e336a33a7708d,841508544
09b18e3f3cabb7d5469a8d51,904141248
f1a5856ba56e7b12cbb9459b,420807136
c378ef33f40f8be9263e517b,1044141632
b45911f1875da543199e97b6,1122023040
678c70903bcb6c90e3578d6f,1113928320
be22ce55ba31cbf7cd285e5b,612216192
2dc58e6aab9399e9677265a6,1334449536
dae55582e86b1f514a4ec3bc,1083916288
c119f62348e418d9ada13362,1077774720
33510511ff07dc7354cca7e8,567904768
16b79a8af9d6376c73c2478e,950645248
714f90489426e80933ef31b3,569634560
6c8e1cda487c9841c8d297d4,539076032
6d9c4bf994147d8892d27f27,1220360704
1b300634b71b898299c54671,1154708608
181caecd269e115cb5cfd75e,654503424
059516a91f938d2e8fbcca0b,769965248
c42ce8f9f62f7a315e028e3b,594325120
bc23e25cc246ced4731ce5f5,968233408
de44f54fd6b1b62f30956f5c,757872448
2ef897a38b95d7b769856e78,830982720
2280b5f7c47c3b36924b84a9,1150483328
16ef7eaf29eab571e229e537,1196103936
48b1f800656bcae6a9e70802,645206336
b4aa025f8813a3f0b132b7e0,709160832
3c6092e8458ee81aed0db0a3,784304640
d919dc64995903c9120eb61a,849964288
ef53741b01120666a08db213,1043642432
c3dc5ad23dc8cfce0671adde,832844160
a270fe47ba30ef0056ec6c4c,601485120
f550bc7ab5992a6fb48eb60a,1069364288
28f980b3c741866e0db5b761,1222132224
c2ebd39857dbbacb99e6cc96,1092009600
bb9fa21902daecf876c0467f,977604608
fea142787b18327108ee8929,780833024
a1647603f732f97a99f5ec6e,1324015616
775f25d8144580541bf2746b,1038381376
527a8fb085995119f846a5d1,1051476480
8b69bb9fd7f0f19a248f5cf3,525691488
3b14b48188fdbb0917414039,781135936
02259637b8ef1311c69d3d90,1092047360
50eeed30ba674cb079689afb,545997952
5fc3634e1fcc96b9215a6cd9,1042146304
23cc24e23a1d74159ff78464,892941440
44551251fe345b31ed71aa5b,716635264
82ad984f02ccda30bd60da8c,825618368
5734cd4805f5c055d36ec645,741724352
fc7ecefb27bbb5c3e25e899f,471391008
5ecbd5b92092264f4e9101bd,668891136
83a8d9df3a535fd273b27c15,1207442688
d76fadda8063e44483aa024e,1123041920
a15bf12a6b8749ac8f9de19c,385146880
a3f32d81f4cd99dc85a16bcb,520249056
4029115038a899d98dc93d3a,1157382528
2326bb628b4a571921eb7345,1028879104
471d6fb8037049e1e4d120a7,1074905600
b73945103f07da807f7a30dc,971906240
d6f4479f9226e52c93d70eca,727381568
420b03095062d9571144a276,800795648
ac0185c8f724ddd40bc0d235,813174976
228280554ba149e60f81d639,1104239616
8a44e15417d8e520a99454b2,711329792
8978ec4c5b2f02fbc1f57820,1370104576
2ab88dcecdb565b6412f5bfa,788218304
1dd6f560c804c4548561cae6,952614464
90e94b7e392f84e01a5f1551,1140499712
84aa7d1c2590f37f0fd6dca1,974037184
0821fde7debf7cc445434024,696578688
b9973b07c84b99dd1018050d,442045536
169013bdcc2ef214e0163ccb,620027840
3c8eaefb3f5dd8d4c9f5386c,788404864
42d91ed3f3615247f57ebecc,929208384
a7f1397df30d6521c216e331,1106424704
f6c6ee12e338b1f9730b6e2c,546185024
8f4687b666256e136148c3d0,1106424704
925f83e20a153a1e094bc606,1058573376
cd270a11dd8257648d1f0444,754677440
ab11db71265771ed4d9de64b,601729792
ec199e33b7557dd669fe1aa4,351235488
b47fe4670c6b065a9e1db429,622786112
918947d51e52e0caf692f22f,553560640
070543b03770991d65cc337f,954093248
f45dfcffe189327cb0d303f2,1174861184
d2e7484c81358d4c79f040b7,829279808
73ff3a6b0cf4f7ffb244507b,1160704768
b0cdf05097df437354564bc8,575198208
33ea5de5e8f5c639a213414d,1129595904
c94056bc09a4bea0e853cc41,746120192
6d5a91ae44cad7849dc4e969,780669760
b52e0738dec9d2f119c75a9c,749497344
0e35349077490a01f25e2ddb,1330575872
9a5fdeb5f389590eb46e7aac,1285326080
337c81be4cb14d494ca69db4,935923840
ff28f1a1ea72e21acb157f08,970863104
e83ef75473fefbf8d7e52302,508402208
6d3e508ff42615eb78862723,1056028288
3b7ddf527979726fb8aa1683,442045536
7b08cade91e2be20656ee856,812176320
59cb7abb39785d5263a156c3,754247680
bc48ec7245297b4cb85dca1c,763091840
0f366a36001c0766521b9dce,640306048
6ea022e53741adac484c1798,935564736
aebd6304298f84e7d440c379,917337728
c5b333e454ed6e93ad32d96d,939266624
bcd31d201096351079cf7ce4,756412032
46cf5b18fd7bac0d3332d70a,843576960
1dcff645d389e7b687a498f2,874342976
cadbfbea1d03e6538af648e5,808923136
9dc0c6ef8389978be58daa59,1046886144
fdc00f6ebd155e84a387878c,442045536
99c1b39476ee8e2ebfff6ffc,755248896
8930f231a5b9d8db14e9c656,990670208
2dee15f1b082bb986f8d9513,591224960
346c734ce163296a07526a35,382164992
6079fb3769f843e99b47988a,482711008
f5802200af1d28eb48466c1d,430031520
1f8068ab65469ba56a1f0c4a,370485888
1ee45a731b6f0242b6d2936d,482711008
56b7a6da82134b135fb7de2d,972133248
340c4d762f830197fdaf0977,1059844736
1bdc0d441e63089737ac4c27,803392448
b3d82ceeac64b64142286375,409762560
947421747f33db213e6b1326,647176704
bfdbb7aef98d4855d459ac94,929026240
80e88d50c151d5534a57f61c,1326598144
d0f6e19e92c03b40a5aae3fa,1223146112
6e2a3e49dd6434ed01eb5e71,541993472
89e2d612654b3c792311faf7,786479488
29425249fed4a74ada083dc5,566799040
fe0182e1795e2b87eef4bf41,658304000
dc9cd30b760a1280e0318512,864859968
d22313a06e43b8ab8f6672fa,494322400
f91cc2e5edcbb704c293084a,1558176640
dae776f643e809387148900f,1101620480
e55634fce84f78466095e730,637840896
a507a938532411f06c57ed8f,1289804032
30f3b383f2d5e4709c9304b1,911250880
aaa43db51d1ddea564d1bd2e,549363008
b3e76a0a1fcacd0218c17908,458069216
e548ef7a5650696c0e968cf3,1163561088
939afc1f6250d528b0be8e3a,961684160
405baee61afa4b08dc25e586,957122048
0c4781c598c06d538c5fcdf7,790034560
fc321e2d9b4e954e80805be2,839701952
dce18d258c352b7edc60c304,915404416
7b0a2bd964c04d01387d78de,746939648
43fd6b5cb01d05c9b1db0e65,797879680
cf0152b0a5e886e8291ef4a8,591850880
d05030b0eb8931161855450b,903000512
281ea3a3fab48c028721ee1d,1068005184
4fcba82455866a6931590dec,1000129920
ecc5e3781d5e004ceef8cf76,793669120
409cb370961c60bacbdf7416,351235488
54445913b2dc2d6ba35abc66,804246528
51a8c190ffb673d4fc27f4e1,1314725504
80e7c6b194b3229e3e2b9aae,879052352
bbfc9b05caa647bd95b3c88f,484276800
128cb9247755abf5f2801431,853940928
ac180e846fda5cd7f1123f6d,1198760192
1e7173670334937dc61243a1,1483405568
c2555955d5175b31e5f783ac,948055616
d87bbd60fdb8b84a9fe23ba7,775346624
825012911321d636425cd0bb,1090513664
54561e6ed5570577ea97eeeb,1147495296
3a2a2df4f07902b04b809125,875501504
ea7e3ba584cc5ee45ff8ba7b,966182848
25093735f186b70beb018317,930533952
7fe1adc0a5873cbba4b021d1,913403392
461749398bbd48d69b444d7b,465221856
eb8f668912b70fd554c8c723,788339712
e2f00293305c464b361b6178,662135232
02a0a38b45e1b196165b0098,636840128
0e6dc789744b678028e74d56,743174272
58954e79191c62ceb1ead100,1222405504
23aa0804aabdc61650b8562a,1245216384
ef64565957b5278185b2429e,745843776
253725ec3d7939088faf71b7,627876480
a9683df184aa8b4ad5d0cc5a,821832320
3c38153bc36b364b92548965,857068736
286cdf6dfcd95ee9edf73a93,618961344
df93a6e36d9f19e252fa9de3,996108224
586fde402c82c1eb5a74d634,546185024
5fd3b0299c0d52e48195fbdc,596270720
06d33fff99a62c330ef2d585,760304000
df98fd10dd8ae59956994521,524045152
361715cb422c5fcd9125d5e6,762945088
af68665ae8711d009e8810ff,632973440
63f3295df28c02953241e2a0,800483584
62d338c26b44153bb075b234,1000720896
41a269c661f20e443a7a25f6,1094822016
c5a8695b7aeba06e46266959,808416896
17e5796a30da5eaf310d02b4,466237600
69acab4a6f82ae943850b9ae,707944832
5fc3ffb33090bf75a81aad8b,645158080
02d89daa77bb313328fe0c4e,616597312
6ad1fb94accb91bbc30449c4,888188032
a1cd215fa99b8776818d0b0b,419365120
0553a3aa7d961ada6dfcd52d,707793920
c6ecbe7b57db2db74b0d788f,949312768
a4b23fbdbc7bbd45c5ebf80e,1174526848
3bb15c6313ee70bf4d88f4e0,603337856
e05c52c9c8fcb792ace06b61,708284160
5fc77edb0e5bec0ed8e72a60,924033728
85e15a0a63ffe482c68ec474,1290782848
859025f2f41efa521a74a00c,780718656
1672a21e6b2d8d0525df1759,573332032
7d4097722aad95158c51d24a,881196992
174fa597347f2b1d3e9016e3,789598208
3f081fb77ad08f8370569bf9,660379840
74cea4c9dc0e00dbbcff8b1d,1203551872
4f5de1bc90694fedd216ef40,1323678336
8fa4be9ac1ef719dda1f96bf,694054144
3db3b80a902c10004cd3a3d5,1154072576
bf02fad806fde4e3575e75c7,652986048
edd2afd07fa1305fc3126078,713039488
bd5d2030639ef16370cca032,844028480
87e74ed42a2c8c97f7bdd239,1366127232
d1c6037d0750bcfe47d425a5,567753216
763c9a528d0f99f34e5b0031,728190208
8b674605311d296990ec72e7,552081152
d7cc3d199e538258fcc83f75,614494784
ec6ffe86e9ece6fc03556ea5,781630080
9762ecd72557ad6728274e1d,860851264
49a2d111903c77053d44573f,660440448
d06ab7503c6deaf9cd405f66,1371484928
23e7dd821ec2601ee2c6e353,1080649984
81519727c7ad9f60d2c5f224,1300288896
a4a5b6a844c14b4eca92dc49,1080649984
7e647c5e0a7d95ce87cfc8fd,1165149696
7a1bca1ed03e7cd0e277fb95,596270720
03eb8da7205428e61bfb2845,617724736
82780776619be0eade3d72ef,616935488
4c03afca943c3f2484b8db6f,596270720
85d731901b48348f57932240,1042729216
739de8928aab4ec77a1ecb0b,825075200
7f45d3809b08bb32a45139f8,692985984
cd14f8aa1613d754221c4735,739210368
537a9a2dd0ace0d0131722a1,933976064
2d4a781f969a4fa2a4f04a7a,1252134912
e3676f99542f27c9037fca29,1079702784
bb33aa4f1a7732fc8ef19039,594362112
9f11661702873852a3d65ed6,709769920
d7f22a4e6daa572583e02640,533413568
f6ce37c42fad91fce47758aa,417159808
f57cab248d2d832725d78135,597532672
9d73758bf7569cab4837e49c,731185024
322bad590ae06fb48f80c533,406546880
5a7b67d4c79ecd83b7ab66e9,1232335360
8dfd846e6df9a040ae1188b7,753258240
44a587fc89d6b6489157ff49,1223189504
f9ce5b7edb104d4e8407a344,613126400
73786d11f1fa714aaa9f1f90,948354624
cc72295ef156cb2d60d6b10f,1034714112
c9851396352bfeb05fbd7580,1117491712
b3561144c745ae3d329dfe1e,777657472
7ccaf332cf87e07b38b340d9,1124673536
d63fe229354bef8b02b4a934,962512640
2e0a8235637e98dfea862909,838477184
0a1b14f320e330b405b27a6b,1098881408
db41266d7b500a6daead96cc,679183616
364b8b8759e3c408c4005021,396324416
73bcd7efb7a25587bb1c31ff,566963328
17060f24d81fe2661c7628c9,1172131840
98318f22c00ab335d8aa23c0,552799168
c926feb307c493aea729001d,437456960
58d92e8a26589e37b7123716,726343360
54d11dce9374378326f7ac62,374422624
8e79eebcff019c3362a76a26,845174272
02cb957c3db9ded3691a9004,926606976
561689dc0f267cc5011ede3a,979043072
1533da89d388196f19e2c5a3,1103175936
069ddc5d1f3c855e6498ac50,586675264
d3aee2a35856634eb710efa9,763325568
4bad966abb5e8c4121ec69fc,716747392
f059e39d22124eb9e7e8e20c,776627712
3360f48c1ec30dd1c3175101,767688256
2218c6bddc994984cdc6e567,765071488
c2a9b4b389ae6f20140e21eb,1120226432
d135cfa351ed6abe4ec2033b,620027840
668e5bdda1f4011578534f54,1095329408
d2aa3386ae240d7387424e07,318168192
e4f2ec7e2f4389c1efa52c0f,609023232
d4f90a6b73b1e179d3f8eb70,323701568
5738bc8873b341bf92ece0db,814595520
2906d21b1d96a1ec43bab50b,902747776
4e1bfbbd8689a95fc97fabdd,739648640
78410b0193dc989de2d24da3,896860736
fd7f194d9929a6f28ea57cf4,684964864
5e7ac1ffc0886c27471d1a54,850820608
879d9e3b4ef9063de41ddaed,854334272
4bf620c6c6d4c916bea70e81,822443136
573bf87f57db6e037aeb94b1,834615744
3ff7b739ce65f0b3066806ba,869402752
a456f85bbae3f189ff424e8f,755974400
6683685692e955a8ff172c89,741115712
82e1ae440b386c7da3a580be,1150679680
efd178c4aaf3fc9d05b8dbdb,761404096
55ea155410b001104518e992,762945088
32a10e550bf7095627d17da3,774418880
823124264778e5ed64d8664d,876306496
fb01d990afd25ef96ed048da,1067127104
df22426db407f4c660681c7f,840435136
44fab96fa2ea501e0b94548d,1127878016
871204bd1b3505acfa632954,1148623104
3d63320260d150d134fe8648,782657280
b8b9b90d5721a9ed5e72b328,592798976
926d12cfe05643554837664c,465647552
cfba6db03f0e38d1aa0802a7,520253920
97b12012ece8a740944aa547,763325568
8de317591cefdbc375a41483,494839072
46d34fc9a8edcc199a537b30,950199872
262e3b4091dfa6b71af020ea,1208076544
396761edaa353e0828949bbb,656919104
8c18d3417886c150136a03ba,616791296
f053d3918234bad409410755,807844544
8f5444b81998e52ad76b3ddc,748170560
0daf89cf494e0f40a94d3e5c,684145728
dd8c289ec872be3fe3352313,749139968
f02f6c5b97b8e3cc5d5a74dd,713206912
5f39cf56c4e1bd43f61ecde4,667426176
5e187b07578d582ff3d8e189,963031360
bd018b302f732baecd085ff0,1143731840
674cccf4c7772d6091166aae,1005947328
38e84c560b0455548ce186e4,950585024
d14173913bf5ed21e3ab50fb,549325376
cb8844cf2070d8697bcccf27,609945280
6b44648a905e7f4c0de6c855,838875008
148aedc984c7f6831c7f9601,837488192
ff9d1cf7bd90c5e47a0bba3f,541737344
9353136b0c791bec58f93ad2,539027904
de2137c70bacfd5087bc5c68,618051840
12bf6b9badebc2902cc11c62,420406848
c0706c78d5d98202dc24e46b,874002944
4394a27b21889bf78927ddf8,599463360
0ebbe9d3831727f90d677ed0,1113267072
caec584b5b6998684bbc6a70,613152832
0c302f1c924f8efe0b6bb58e,700940544
e056ada7a37336bbe878f38b,883633792
905cea21c0ce1cae97fe86ab,1145107840
e286b12e5aa7929334322842,926828800
6cd4e68300a8bafb9d22700d,870090944
39124b1ec419566a371af8d4,950987264
6110b5bf07cf38c437c7ca8a,848134144
6f8a22e4dd21f44bc6d383af,1151199360
71eebcb108c4828b8bd5b84a,1085660800
5d61946d53efdd9bd0af140b,763781568
c0620585c12f3d9f1298696f,445457216
d27283e3c941f8fc256c3f4f,668654528
2acc857ede19953734600dcd,404487264
32474481a0f8af34a4edfec9,675729536
6720db016112cd2a4a5e0358,561493568
959d0cba47f650933b9a5168,988420352
32d2c5f1707b00c93407a19a,617282880
0ffdec8eb5272d9fe4775251,660872768
c77d7a08d5b9abd4d3082fb5,684722944
a3021c7c465dfdd38cda9f9c,797149696
aa24974831a0c608635bbcea,777851264
eeca3f5c399785a1cf15b1c6,586480448
0b51fb3a65a86d7799f27264,601032768
1af16b7f14dc04f05edf71ea,974037184
e0d7e4dffa0f3dbc40c7da53,699939584
cfeb42023e2737491b3e4283,1164902016
dd4e23681e00fa1cb9a679a1,660872768
153c89081fd85dcc66a02421,650038336
f25b2ce0d988bf5490fd780a,568578496
8700c9b62ff5a5c3394b0bd8,485844192
a53b105919c7b46c0cc1b003,611946496
1c835128915211131bc561ab,590809408
a0c6e0c6fe41e32b3bcb2b26,805026304
4eff2f2297ce85a0a3964d2c,1065881728
57062f248424c47282d3da30,879606592
99e860bbf3033ee4654d393b,903067648
db8912c5c5e5e49431b2c85c,677988608
3151daf55106dd159f27a8b6,638910656
3e8a4318d93b1fed4c48f48d,1002952640
4c8ca73cb51a58933de61f0b,929797632
925754da6fea9c9cdc06e18e,667772992
05119815bd72ced29391ba87,1117921152
aae7cca10bd7f041c8e02d23,649420928
4890edc33a555cbbac71795c,672558784
902fbbf9f5037be8759775a7,1155409024
d013a0e910b1fe2e3913af7a,767203136
9c38b9798313a3091d13b340,1124759424
f04d3ee8b175c8f2f30f4f39,1152511872
f0f883c45e8470e74280e8ca,513339168
af820361d5f20198bacf839c,748915392
01636da0aa2bc223af023a13,839980736
cdef6e87c007bcd9b4efa9fa,967142656
1d45332e2f04df18cdac590c,640720256
db3dae76fed5fdbed29862fe,1065098240
f36a379e0149d4800e793001,749661632
30d2ac3ecb8150e4d4339d1a,1064220096
7f78955c480d050f2c8ae3c9,845328512
cb1dcee1f4ede0877be1ad15,772114304
a32d2c51f2bd5f23bb519d12,924647296
bcac2a4cacf13a91805557c1,661793536
a21afcc258e50a538dfd43ed,667374208
7202b83b651382e2630359c3,599463360
77d6855eb6a30d268e49eb1a,794973504
204ddf6ba4822d55ba80f713,700251136
e0587d29cb717f725e991ef3,829238464
c606665f3a3f70ef61fa5cf0,1418044032
44412a9e16b2824c4a520a72,675652288
313abf19d78b719cce4b3188,733733952
99ad7b36c3c916393e951507,793406848
c34c2aabac06323fa180b24b,696107968
37f39916813a58b844e17833,1040935808
6ab7f97fb9880e48fab16a1a,580443840
0e6c74a0056ee94b10bfa86a,785299008
7fdbc3fed9c9607e6d01e958,665338880
01018b9796a105be650ec802,1185562624
16ede6f8833a93677d05a131,610468800
0a53b0b7c365879a6d2cce39,939484032
a293de027279019418c070b5,530662208
973ab56a202e039f5ef37353,553996288
3e18c851788fa8724ca8b7cb,494653088
0a4b0a004c894654663bdcdb,1394791680
55d4b530b881abfce2d03e56,1066109696
405bc08707001684d19f6edd,754845760
dffa1057472b06bfc0fa7a66,1045795264
d061615fcc6355d79665f9a6,850161472
6cd96d73fc58b1502bc6ead8,1163129856
db78a3ce9c6f6a7f4ecc6853,980781184
1498ce1c1bbe2e89b84a4a45,1031566592
3035d7ea4b71d204b588dccf,837711424
2b8e9560dd58d880dbe77c61,900859968
e8948741a987cbb3759b7a44,1320466688
20718780218eac9668776956,691905856
c0a9e3f5c57cfbb4aa9b2357,718919040
5e9e9339fe1c3a06470cf7c6,682881856
f852e0f3fb8563ea6918164f,1221642240
e38b4072ff8b856487864f31,1372321152
8cfa1121fc87d9483ec63611,1206366976
1a805101f78cbb783e6f919d,671651008
98502628de3c4fd3905000a7,669878592
ff7ebaf86962fd0ab6ff41f3,701157888
69442123283ab024a911506e,979894784
ce6e91b53465250effacca98,1194599168
5d42f42059617a5ca7ff3a32,358907584
01edceb6c5afc2af1e129e86,217373728
fdad0c86eb89fe93633c8571,736474688
831725656d9df81b63c0ae38,638760960
d1f8eacef9bb4d300d086837,1076329856
3b6d88f864f6c1759f957c73,1463105280
5a38f908d8d75c5810280e12,607749632
c7c835349181bd3f0d964eca,1163685760
edd4d560363f7575aee42d39,933663296
8f3924eb214f5194d21499b2,1195897984
466c542d7825d36d18a86486,763343552
0b71d334a6db66cf6f1a8eb1,830610624
7a91cfb02df63e4396b15aeb,895897984
6140125d2a94efe499a6941d,614494784
080df3efe1fe81f97e74c4c9,423231968
e148c2b109eecef0175b3c5d,758761600
40aaf6665b489033ba0e55b5,1285326080
05498e49d0b875ae6aaddd83,704039744
397d0f6319465fd7fea6f710,973587328
7e6d8c4742b38854d819696b,919570560
9a8d13d56d677379ebf9a347,1345068544
06bbc353bf62fda3b3786fd0,876009344
09fd7896d5445f422892b196,488385408
57c63e412f3fceedd3a7e698,794874432
32cb6246cd94f962f780a1fa,357741600
b0f9bfd521802b0d2586300b,1103422208
2a99204f0a53c4a4d0a2393f,775676608
7651626df0e2e3119b801466,589680448
59e48259a076518d929f5db8,494893024
e7b721ed96269bb195906bae,644786304
61c3c304eb8a06b5a483efd9,1163129856
3c26b2954be250bfe239db68,326578784
0df87025a6351b435958ce95,1403550848
df82719238ea0e102c282c09,876206976
57c74f7b9bc5e33cc823439f,1005795648
4195a9d13c0a526d7cc959f8,760513920
0d00fdc440d7612434a6b91f,793070656
0c91369119a06c40623afbb4,648569984
5a6b30b4d33e068d421bc2a1,721894976
f4beded3c5ed9fd6cd5177c0,608692160
95e561c7292d64305a2cf4f9,966182848
67138978493b84ff42daad45,467262496
7da10de45c866c7d066d2586,788218304
3c3cc027fb179e91a46f11f4,485925824
df3ada98307fc85428022d00,648147584
e029c89d59f2caf4af4bd908,948143424
105d05ab3d5334b976e448e5,1023500608
253fe7aef58ea97fefef922a,812543616
43e11f10650837933261fa7e,638081216
b111b17ae1fc17e3491b7a5b,678985408
63e1ff737ea11ec607ecee08,911093824
ae703276c49b6a6a9c39770f,1101904512
799bc0f95ef9a23fc16bb1d4,1199191680
bb9fe73a8742dec9b2e79135,1307079296
a9b3d963a14c2c7435f30fbf,970863104
7a48bc2c3f4aad08dc7fd5a8,346452000
7621f476bc8040270958de6e,683445504
c49644baf8dc51d3f76d7e7c,884584128
8c107da7487ed0cd409f4daa,829197888
1bc8874a13914055c2759a35,320897600
fcfd6f08490be39064aae41c,466817376
23178c72b063ecbaaa04b37a,601147072
10bf1c2d1124f6d8f8b9497b,1035622080
c29b30cc5db2ffc273e4cb14,571871296
f7d11c2601959921f536f804,703212224
acbb07a2c7a0e39c0102b3a1,687193472
844e127aa7802cdf75db074c,710562176
e2d88f49873bbcc5476f4ff5,775884416
42aa1e6f6b8220a63fe165b2,1061026624
ab1c43d6fc4f08e315e322d7,864735232
9299c976b1afe4d2c0bf351e,1058595072
cd62ad28163c8df131a8f2fb,734444544
e5e06913ec3c851340d7c91a,559454912
d9b46a34e48e04b5a3e026cc,737265536
782a6028457ec55d4fd5189e,793406848
11a905e4e01e7d15d35cbb82,692985984
3b3e423e248b23090a2897ee,552822656
5915093d458d4b6589e86f59,630807168
3d162a854aa05447e2cae0c0,935923840
662a3e343a7e207ecc09d6b7,980781184
289db1292d4ee40a1ed6e518,1195897984
d43d2bda7b6e4d5177c0d032,991193728
b57ebf09cc691bcf009ef115,1329145344
21f5bac85d5eec57acf501ef,993191488
2fa288389b3031d595973793,795804032
c900d19cade1443983274ac4,1010566976
67bd5b20df7f2a9cf4e04358,466263456
e111bda6d24089dac82907ad,633523008
7910ac9782a1a315f68799c4,737463168
ee786b818284cb382c755e9d,735612224
f9b0a27bd3619ae88ffe5455,1084212096
ad1c32cf75ffbcfc842e3959,652654016
5648633b1f92de1ddaa7e7ab,809068224
1ba481abe0d3890c42884d97,466263456
ce60e2ce2a420052e67564d2,829197888
87e1b1170c163689d60bcd09,850207680
bb4c7900162be66534d17541,850660928
68340674853f0ea101e32b46,624835392
d10f89691119d4a4a2c1e650,1091917952
d414907e75a1c105ad2b74d1,471391008
c9b6d3bce20b7f528fff8123,491928064
be1695a7b8d3dc68c9887abc,485911200
debd60afab03fd1552719270,758459264
de060e07dfb0a5494c5550a3,621670272
3d6815fb68ce959cb95e225e,687137216
d93f6d8fe212ee3c0f7cca95,609550656
1ac702e7c265717b34419fe7,561214144
a157596804522e03efabce48,869409920
069c529aaef7d7e0774c4a66,575045952
0669fb98aed75d79f8decb7f,731520320
7057326ac489bcc17d580883,544331136
e3d6fe5d97bf4fe851aee9d3,734304768
f80b20e0649dcf1c16003255,654803264
364256d0881131148655e006,726665600
0f9c26956bfe983c8c7fc227,1362985088
9756b47e9dd47f99dbb23115,646896512
27d413eab7b562b984c5a682,710312320
ad17072ff24e0fc0e61963b4,729401920
473a59415b6214218a15e363,710853312
ef72df5586ad0cbe59e36e07,713936640
9129b78a741bf5e24df5379d,707944832
964734d3430de94d22c927cc,698746688
530b25326f39c347a35a8caa,438489376
482f57e65a3f4c6792775a05,525155392
738e86beb569a7bf51fbe199,311713760
c5788cd5507c577b7b585ffa,587596672
be164f9025f346390b986668,583749888
ea2efa1a857332559120b823,944434304
f3dd24a17ea51b7a2b0f037e,798436864
7aa8d04246d3e84e5ac470bc,1143294720
6361330195fa7cdc6d5c603b,939233536
6820ee22d6fafc9c030cb286,1383155584
472601b5b5719855ae3528af,1111735808
3ce2c7f1ee7569e1b916cddc,1026687616
afb03f7cea99023ecea7610a,674111232
404364fe956884368e2f8300,979487296
c658639b590415bc6ea44119,549363008
42f1a529f5ff3a6371dccea5,745034624
e2e4641b20d81a90033a536a,794823936
253b34c2c5ce15cbd8b5826d,962512640
86ff8f274b698e7757ced1af,1077690880
c4aef1d92cf264c548ef1f2f,782605120
e8603da6012c2116a70176b7,1342539136
52b52aced4853a3e3d7fa058,720785024
7d9a9c3b4442efdb53c24448,874130240
a7bacd6f783756c9e7cdc068,522443840
68a00651ead62911f850cacd,546185024
1e7e26077db3bca2821a9b45,745843776
8aa21f48a83be25f924f85c7,1158755840
48107a1dd2a3b027637f250a,857068736
6bbb24fd1b9df3df4e939fc3,540871424
aa45f8fda8801c3b4923f4b6,1245216384
ce164af02f76ab3a68b0f980,726605824
c32249c7c0819b1a29fd611b,602045632
f8d4ec209ad5fa5ba4a68e56,459475520
cc03087e0f18d59c521b6ce2,821832320
fa631a714774fc22ca15ec10,613083008
c310efec13e312442f7e1a01,743100736
534466a857d28dcc598e3a49,893627712
4a81bdc14b5bcc4c84f5ce4b,474434752
79ac12d8436c07b620190b9c,757817024
f69962045e9aea6b8200888c,646352896
9752758072e096fce6f7f4cf,722948992
56fc1855dc6375dee0506133,869885568
2fc19f73fb877ed8b88a5250,647476224
63a25d279fc5a9e8fc1dfae3,324057952
71978c139faf2a251db6ff5e,351235488
f4dc67569fd340be3dc592d5,651510592
0b829c23806ff01a0c84e9a9,734548096
a23ff4d1b2e24f537a75242e,1039364416
3a103803cf9cf0451582d89f,618330432
eff8b3fe996b6d7db10b0263,640074624
9d53330b44c300e396cdb402,748170560
301b5da33d32c0632b16e8a8,799132416
357e653c4bea02df1b08c62a,941065856
9af17837ac2bbe7c8ba16e0f,505015200
246576e24f66d495fe0d509b,691672320
cb70f4993947b640317a07b9,716966912
949292b23ece12b655122038,484042336
4bdff22689954e5b1e575d30,915453184
7c69d43fe2488db51e6c8da3,504904128
6f543782174a964402b64de4,710710080
a59e7f0e0596ea6633781335,840813760
767ae7de1818d645a33749e2,967738368
e667133c29f90c8fbf30ede7,614494784
3fcacd1cf9770a2724a5fb01,754616960
601193433c99337fe806b158,746067008
42c282041583e6e2090b50f2,1028126656
3bc80c56871193dd782696d3,750037440
bee9de3e2817bdd591c02897,683662272
0f761aab549e7f6bc025ab0f,966182848
3b9971f91bbe4b8dcc704ba0,1026361344
8f428b58a5189effe993ca4b,652363648
0af466463f2cf50d61315da4,989645696
1a486877c62f2aced41a2ca0,779713472
c9fdc3f80534b32f1a75f530,951226176
97419310c7e696dc8ca61f7e,851414592
49d9cb2bcc98d69222b03165,950101632
99fa9611d644cf325e20e603,1118573184
976d317efade1dd77ef3687c,574689792
b9bd63208716e4e0f2dedceb,437504512
834263730047f308d71d4d8c,338994816
d6bf8bfc752bf4580e99794f,1189429120
58bc2b0acdb0702732894fa9,476653568
c3b8b774037044a2524913a6,730614592
eb339d562b72b3bf51073cc1,309629248
c8244d916b0110b1acbd38ac,881238976
65bb6acd9be0f8d95fbc722f,797390272
5644b84ee2edcf7267b2189c,787778560
22eb737351bd0958d3e60efe,757109888
0e2a5d040f6361adb9927388,762096000
be9f5ade682aa1fced79b068,751280768
8445e5cf42307960535a3b11,855322880
1b002164d34a71bd06e0445b,850213696
c80f897787541816ad63bc17,833134592
673c72783eb4f9a02c511b83,909128960
3b29177e99201cf4eaae612a,1035144256
91c5967cc1acb3f108d6e0f1,383296384
334b5b9fc68a18387ae59ebf,473431040
c9d096d4353b8eb843e793d1,915453184
92cade7b5347d1c00a48a1fc,1243653248
1d4bbb5b756033b4be28643a,1046774784
e1eb183eb261b6de96e20a56,1001776704
7ea8da3b1481993b14bed9d4,538539456
78bb43910ad6ed105610d9dd,1093960960
32c1f617f2b1f537ef703712,1106424704
a7e6d3c76bb5507e00ccb501,693950912
6c75d7867807d942c975079f,884226624
e9182661e36239f091259232,659262592
c926ee21c2bd9da7da193514,554515008
27bcae7ffb9f79b8f59fe1c3,812182336
6cda1a7622d5577c0056ba40,936052224
67c945ee31cf1fa0a874e4a6,735543296
5a8638c17d14ec4f6d447b8c,418977760
82bef17c2a4db1f6dc6eaf01,558779008
09dcdf0b8b37c1d537b9fcf8,982728832
2cc9f2411f98d0fd41511211,454014368
aa1eaa63043c5c29ab6a1323,751903104
35b03ab66c19ba2049ddb9a4,926444096
90470cdcdd2b813b39f28ab3,603066688
ba187eee3858263fa664812a,493162368
c06a1d212fed896b6ee4e1c5,612695424
8a8c8f5aa68c4e530d62776d,790797824
662a221bbbd961c285069c49,854724672
ee796b35e39c7beb6aee2b49,930229888
53de17a986d62a44d7897200,679497216
68925fb9f8f0c84fa0ffa9fb,1084728448
6a6d4f8251ff961609019ddf,316374720
3477646f548971044f8f0494,385133056
c82434222f4129168fa82e5b,670814592
4c00508300f40d74c79f2596,452790560
27bebaf73dff207d7f6829e2,1095806080
d0ba7b90f6ba3392a165b46a,1067678336
61974f593c799e5d5090c067,637353408
c08b016afc6a07105d7703a2,527781632
011c2017b63235bf0ed3f241,591255424
7f73a8e83d41ea252ad61197,616300160
0c25a552c34e114a1780739a,605518464
21e96ca8dbe2f12b55723335,708435136
30f6404e8034dbd513aa8a30,542949696
f2fce80439462bb9231d7fba,546377152
40d5384e2e8f8fef2032928a,393838880
95f17e64d2222c904a7d42cc,1053024320
59374f70d5e7da97e3b8b35f,1243426304
ba30cf03fbfb0e36e5d415bf,1048383872
c2424b4861f2ef50f8876c0c,570274432
e7def7d0999433ad6d3ea412,967142656
7f1a4e79fa92196101baa7eb,1210311424
37e0fe114a3c7406daa57443,1068658176
897c0578bdc8d59843bcbe38,663087488
7e554b821e6955ab259a25f3,404487264
23b0d67dc2a0ae6e5ebc9eee,445457216
d43f045d046fbc8f5ecf465e,707394048
498d632cf0868a8e641cecb2,324057952
6b9bba3c6afa1f999a9429bd,595261376
12db154d9d29cafa574ad387,466321312
61779f1bec05260cf10a0d2b,707394048
986defbe9082519824ebc882,766354304
f72992cff50931d2e19b3ccd,689637312
0e2d6e5882fd3b4eeb9ef286,763375424
9702737c9e4ecb12d0f9ea5c,734548096
c36cf907ee28017eb1b40674,559556416
a7ad9c8b5bae531abf68f8d0,689637312
6f3dd53b0935c9593a301bdc,718269120
11f8f836e5626605ee4b41c6,1528378368
16fe92ffdb7e1aeefcde80f4,916166528
c1eace64bd2c9f6bea289c4b,763781568
fc2ac43013ba8ab17da28041,923106496
5e6b54654c98c2517c2e31d7,933929536
f0e8b39d2e4644dade9d8954,792619840
22796587bee45b8f64ee6e44,671193664
dc8c76f5b3977f90839918b0,772970368
27663c0e271e26dfdbf4d289,775479168
2fc96ec5fb2c8dec0a5b09ab,933929536
49d42ab711abd95fb5947c0d,799132416
b8984fe54819f5fcc43860fd,751195136
8d3f4ec0c37443eb3f953584,1210224640
001dbdd202e9908ee42713a8,1020163712
fc5f41aad1b4bdcbd8298037,657032320
34926bd7f9880e277e75a447,1023583936
00eb120ba4410ed8efa24a8e,930614656
eb0c6a8231b38b2a1e1f789a,853993600
0f059b39ca45bbbcb996fa45,846107712
06a5364639452a9d663a2dbc,347796288
cd19dcd4aff76caaa1cffe54,681519744
7272c3521b7083038ff0a690,876206976
a480b654e1b8b7134091e613,1137762816
ba24834c9fb0e87c4ea7d1a0,874342976
ac46e3eb688cb1cb17da2545,1207866880
3053732169b2260529f90133,899437504
ab0c047373b5d1810fe42bd9,762345600
698383c101fb784f8e1b1ee6,787335424
1b09c89b546d0058cb09c1a9,1103722752
64edef308b6a9805f0846cbc,1129339136
995a5799d9a1a7e4dfe4fe34,1235905664
d4f1fcd4c20dec55e977720a,1467275648
21264b5a73fd27b85a4e2654,419338816
d464858ed94a1a74948f479a,664579072
dc420bf2dd1759b7f281cfa6,1056020928
0a268e25a5f3a0bfd8898a40,578182144
a3460f00d48816ef66e3acc3,784611200
9559637fc2bdf96defd2438d,1221408768
421db6a58670e53f563eb9ad,843497408
7b6322fd5810990820167a23,457595104
17fbebdfe6bc0618ecdd247c,1406077056
00f2621035b1969d53f03fca,986971840
e97c998a6a0709605432ccb1,421847584
39e306be57a992bcc75e089a,552002240
55d0225b44a81e82eea3efcf,1226963456
c7c5ee499c712082931032a4,1255965440
f15f48d4cf4f85a3cd68dfa3,617563264
01db5867a69f8ea7849d69e8,1289729408
7c29fc3861c9f074e3a89449,706388864
5ae2fec22f535ec2490174c5,375255200
a6731fb85da65ce14468341e,587502336
4e327acca2e033c3fb305c5d,653197824
37b8e8a194e4f2fed7ddcd96,646563264
a8dc954142c54e570bccdca5,761682240
b427d767b071c3e5ac2a078c,414987008
a9407f510e67bdb27ad59b46,592042368
ba7120c89c8de0e57e30646d,730240256
4f5bc448658287ffb3d49b75,784637568
758d9f47824eb74d1b486024,990297216
84fb7e582456d7409f27cd2a,1325524736
0a6ade3bea1768aab76680ed,1449906560
f6e74a4b1e026352e5759b2e,700940544
639b98d0798b5670e7bb2569,1163145984
32ecec7d5c47d02969368779,786897984
cac82fdc4d960947bbc590c8,632238528
c2b880a6bc90cdef9dac52ca,894152192
dd8eff6162c32ecbc6972509,563179072
6e2f79cf68ac0ba2b1a6b0c4,1414241408
a904fab9fa4f41a11f673fd9,1040155456
bf11c5dfcb321e020601e9ba,1209933056
488cdcddd0938ad0205ab8f0,1332684928
b92929668e884453d3a0d633,351844960
09eeb116cb0944a28742d282,817961344
c16e9d9444f85bdfade710a0,907130048
c15cecbbe717e72f09a84271,563959744
0bbd23df46a4ea4e4734b680,913558464
de28e62bd01870dfceb5d78b,617986240
92c4faf0ba1fbac44db6d1c8,677984384
91892eac5e9565b12b2a99f7,510369696
ba72421716765ef6aad9b4cd,1142608000
a99df3a2cd4f2346c6e903dc,375255200
59a3b1a44c35ed4936cf7843,734444544
cd74b689350ef612ddf1b96a,526669696
5664cfe452394ff9376bcc8b,363074240
d4c6dda51fa949743a46e835,552822656
b7f47484bbd8113c62cc8c1f,597794368
d4dfddb6564c9f46b26e7aab,424591744
aab240140aa4b6602234d88e,638791360
29671ce02e285f69afeb3fc2,994456256
5cd742ea274b4a8832114080,846782528
c876ed979c9127674000b740,628945664
45269f56121b796d0392e2da,1273317632
e981d4fb3a33f372ac26901d,1494616448
2f13a428281ffc425f2c2e38,912251200
407e4196114b64578beac143,779673856
342027b17940a0cc5cdbf8d9,1449746560
dad2bbb0fe138e426000a33e,765018944
e77da26aa7ecdab5505fab60,1052737472
8fddeb4ca696706f6cbe573b,1007485120
fe368a7d2e09fe88b1b972e4,469998816
6fcea2c6b9e39576e10581ea,724997824
91d35b9421c4982b54dd520a,787779584
eecc82010ce9803ebea6dc75,311843584
b957548768ef014088a61b5a,502751264
5790e4cf8102dba35e184ca1,603564288
cbab68c32d78424452249d9d,1379346688
4e0b293ec3d5eda7d9fcf8b6,609840640
1f8742e662666147955c9872,588703232
aad38b9f22ccf36b0fba4e7c,503214528
44e9224b9735235fc7271672,633231808
b61e9e4f3a2e894932b58ed6,1053913600
2b36d2ed79caaccd687f2ab0,622442752
7bdd64032a4f011bd4fe7df6,721410048
0890a0d20f33b9af2bfe488b,562395520
ea7c9e327eab66ca286f6726,854359168
98510008e150296ca9d27d0f,621237760
41abd8a2cbca609cf868f227,1104239616
83196bef0e5dc6c981bc57a9,984911040
20289e986c1959f0c83a6a4b,578834304
fb39ca089d05381b3a7ba847,692581632
d2da963bf6c2f6fe724be23c,997331136
670f7dfbe2eba87e55176257,1111523200
469b33a6f153ec334b6123d7,505391392
c38ce4f3763795c61efee6f3,599588288
8553a05c2b30be81c64a6295,1297070464
d8b3a1d0cffc913ebd05b931,1235993344
f0fb8232343d235741a20586,1299275136
887d749eeaaae288b2818b86,653002176
126f4d890004b8035a7de091,964832832
7d157359b413e107f5f9cfd6,506896000
65010e340fa495d060e32f7d,712917440
8164023f628f550f322aad61,606382592
8c2423c14aefa13d255fa77b,1038138304
e9772a54bc6638c723dcebdc,1003563520
171149ef76fe0a2074c5bf69,1046515456
96448fa0eb077563a2d168ca,638134848
3bf1bea2a835d7fd11e47ce8,717016064
2f4b0b1b81c792f43f4ccd5c,717016064
086540702ba0876c0c05c5d5,1220360704
57d17db2cc5ce1aa889f1f50,1400516608
3b6cedd9966332f0722208cf,743110464
351a3e1b62cd51d46913a8eb,989938176
33b702ced6de5f7ab8b29e7a,561170752
e0e6852c6d6393d6d3719131,1206577024
bf5e687721e030639ec81416,632973440
314479aa7b73ef6ef44e1c89,555558016
822896f609e7761b58e7f6e7,692985984
5b6f21752f3744ec6e529d74,933976064
5d91dd63b6aef851e0c78389,825075200
0a369278a1ef6f5e9d79e2e3,747933696
7523e95fc2afaf31bcf30979,1021993216
cb9de5719b978a78c71db699,1252134912
af8c90983a23ee15c72b8e22,1494759296
e35d8f589e6b1909f5e4132b,937809408
ecaa5e38ff6cddc14942eb7a,771260800
d2eeec3fb1ee4d686758534e,1221193344
e97d03ef9638c8e1d270ed2a,739235456
cbd78f55af1db4d89b53b496,477568448
1b2fa2ee5927660313569617,780738752
f7f00e13da4910d724aba4f6,514689536
9a6b77dc2c414f0baa11effc,455972960
bd4d0b8799fa5999c5d2ee3c,1235518336
bd6b68abb113370c35786557,1059347712
4da8ef54252a92d9cc62c174,1063187904
38d6c2a9beac610279bc110f,563532160
32e6518755191bef743b28f6,795392384
4fd8d01a5c3abb90ad70cbe6,919978176
5d9f8f380a6434096a0cd906,1120461696
724c854b1a991f060701d005,411638944
1bd78ecec17b584e827dd0f9,380387552
7e6f68184d84e09cc9ebc09f,670564608
c0174ef555bfdd648acf4346,535098368
6463505a740324c7aa869d79,890023680
f239b7fe0de40d208c01c45d,1246299776
bd98add659faedc1820f96a0,438489376
ad662354d28a9b2d65f537f7,1521390336
8e8852450fd5556f748c98cf,660591424
8fd5b95f5808b4676043de35,822215808
73a23c9d154fec88d396d2a8,1251625600
374ca1a16b8eba42b35374ac,651213696
ff058f978e97c389e7a31f6b,923220864
9d7f2c004fd359136a662c9c,711128256
2cc0129b386acf9cdfa4eeb3,628152832
c139bf6b72a93a73155e1f5b,492299872
0c017cf9740cb67d530267d0,459860352
44ff213b9cfb3604b7e4b66f,684085120
a09c957598e6cde56cdba03c,797385344
c846d5698bb295697186555d,684331136
a84cafc064a35cc0ad698009,1111011712
ecda0d714f52da919223a520,814921536
b9398d6bec5cc44fa39b8bdc,906700032
79d230806fbfe96368b83dbf,1175328640
a28b1d82d3f7dbf8746d5742,1268401408
a6555836840c7dd496ba9094,691024832
83ce7c2d2823f888f2e06ea8,1056975360
631f4c509de8dd64f1c400db,967604864
2afd31619c21dc537e4797ca,841439936
0be57099d9c3ad8a16984861,913746816
ff29f12bbd7ac4b860909966,1178416000
d955edf16ddb9d3f59501a9f,1260010880
96298da2f44ca873f345867b,798401728
e6396355c1249c6290906b78,992449536
39f9f736d802b166ed688224,1015357248
38a0fcb41f0dbe8b0ef7af8f,753311872
79b955adf84fb2c52381921a,531664544
e335b8464a61ea0781f7928d,1494517888
71a929d79a6cccbce6ac5d79,1174217856
41454361857cf70c44e1f5ac,793566656
a16ca6293e2ee2969f3334c5,970283072
4083248d3d2f2bbf9589b971,1062567936
de630da5e1c9e27bfd94efcb,1159139584
f2a4f5010f3da37e27505ece,718038400
53647abd1d1b10c9226eac73,586355008
e51873d6421addab3b539dd4,464795808
be8fbefb8e06fe169237d4bd,368099136
257c889187ad5de900a430c9,504982048
3198c4acc62c1a2276bf15de,694524544
b22350d505b87dffaae3a5e2,785166272
49ad389014995f0187edf726,681366272
025d96090a8e5bd6f786e9b6,507479392
4a7156189e1f06b0fe87a7fc,881050176
e91425bd357561183b935d27,881050176
c9d996f458794961d9957c1d,862772224
084de965e32a2a65bd3aff5f,862772224
880bd21afee7038459b5847e,626572032
2dba091723891d8907905a74,806409920
a39f9fd2f143b8ce1f7e1277,884500800
37050aba3553f3869d59f809,981200640
35a39cf33d16f8f5ff75fd6c,917708096
7c463a59e7d2f2b4bbd07e12,956609920
035d955df5a765531d1d0d07,734444544
be706475abdfd64aabfe45fb,881050176
bf41b26c090dbf0a19252e43,745977472
21aa860fd839233ed8b82653,749791872
b870c8bd8f95426a7e1f9c88,941364608
c5a5676bdb1698f8c38cdcd5,348647712
3487768de3a13b7ee3df0254,737585152
dda7a886135a1fd8106d04b8,964941952
ee102e9d0791ee82ee4da2e8,683112832
1d4891dc27e0050efcc6c403,504812640
dc1fa8fcd0ffb8872d434dbf,769566656
2a5f727304ad67d1cd269361,953631168
2b10af4fcbef695b327b7d0b,1174519040
516881e914708f6ea6062ad1,743137344
5a428139d5ce6bbd9505945c,1400216832
38dbf1b9c5963e9c3d008340,946849408
02c6e8c7f36a2c68851600c6,771391296
d2684e676cae87d75dea5ea0,600435392
027947dd01dc991ffefc5082,614048192
0af13e27cfe9b8f237a9949c,560502272
32421841f7eeda76160d7959,194158224
96ad0e75433cc18f20ed83f5,759972416
b387b5eebf501a620f352504,727463104
8ed95f9bf057114664ea441c,612641472
114318a8e5822ece53ad897c,619539456
3bdd7be0b5e18d266189d991,534175680
0d2c4bbd8a4dbeb6337b5c14,620779904
a98637742a212e332cb5d1f0,367132864
acbec9114912932b9cbaf0a3,831990656
fd81506b0a00fab1ff680b64,745843776
49e531941384af389b0aff59,802892608
8f221efe392ba42b519e5f57,821832320
1f33395df1e4f6a185c507cb,627876480
fa823373d2e7fc9443ebb6ff,960744320
0a6966f19bc2c303886ca82c,857068736
15d9a0353ad54798ef95e0d3,1330049152
0d95d756b838d3a319277424,921925376
d644b23e4bce0e6e50ab9356,1262047104
6dbc77ad8c5c1e39f72cd2f6,885773248
2fb5206d246ee7ab22fb8143,1245216384
f1582fc47e7b8c0eb0cc9949,950248000
8d7dd9de4e919fec5916862e,1272159232
0b67da6d74bb3998c80893f4,801703232
736d25efc9e570379d32c089,862830016
4615a8a7af9d7cefc7fe4c4a,1109218304
8b753628bd37b9759dad06ea,603305664
5c7c83526b72ced12a08e573,880299520
9baa578a930a94f761119fdb,847749888
8fe1a07cbe9b8f3498cf74b0,374666560
67a7cfe6e95aa5200c064717,751402560
b7e3b0c90c0d3bfe5befec54,583244992
e6a547b2c0d126c9b6800515,1155892992
b08f88ef973c9d1c3a86695d,1373920128
5933c18b8cb17cc6e4ae91cf,1193078400
64a24372d58a2cf535c3aac0,889509056
e6f9288cdadc5851d29fabff,1190346880
71ba2f992908a5f91f832406,847920192
3af4b54bb5ee5fcff80f1e53,484796320
40d3f1f00de86e74e0304bd1,955765568
3b758c26283c2f11251bfb89,974630912
70cb6337c8c3f5225fa80026,679447104
0dd510aaba8036e8fd9d667a,1035950784
ef6ac2a5102d7be910a3e4c8,628360448
24c32572ca6161a603a7d0d0,667319104
c7be09a810b9e54d2dfba4b2,585692992
01a5a230e8a808d844e64397,1324823552
5ade8e9c79288d511ce1fd79,816630016
7cf50019422bc9569a985736,883395008
d4716e228067a7bb0f30aa30,667426176
cb79e02041eddcfa9225346a,839751680
b059afb753452ba358fb432e,1380007296
fd9f78fb2d2f4d01e462bcea,1366116608
6337f924f515625e7fa638a4,785634624
3adcc2c662c8c7c9db5f0982,628584576
6b7aff233052b9bcb6b9448a,1253703680
cc51811e23409f4d77995768,526684480
e3cd7b6dc0495d5109086407,940333120
e63f468e1d9f86530d47ba4c,620022720
8bad8a7faae115ac9007b13a,777240192
d563312854016e9115d034aa,839059584
57c7684f8cd8d78909711b53,552255936
76b8190137ba3daa55db33a6,845096000
2bcc6a15181273b2fad05e3b,757546752
b998aeafe2cc93bbd96dd9fd,562232000
eb77734d12df7528af57c674,562232000
e8df85384a1f51c31015ba08,733129344
b0a03d567e287bf4cbd7bec3,614602496
dc8bc7cb687a3a42b7e7d5fb,1545859072
147de03212e554abbf3fc3b7,587763328
c09b8c236316b87a92a620b2,728375360
f5006b435fc92111d55c0603,272240576
ed70b749e030cc8715c0eba5,742095040
2a9bbd878f3f45745d76f059,724865792
503f33d11f75b6b5102ba4ad,395923456
41479709513815cf5fc1eac9,718068608
0181972aeb6bf451012a47c6,916549184
0b35c4a3f20cc0eb751acbac,540549568
e5de98822287c2caf8b209da,720762368
f3d82ce1c6fac06e4997f7ba,377303968
8e17d7d78e7acffdcb04d982,767753088
f1e7a0c7804083963b5b6de6,556327040
918dbe66979d16b147bd3322,747669952
35dedbaace193598c9c438a7,370282272
e67fa931031bed13c711ad00,569548096
eb2bbf82cb615e3227305b55,641573824
e8d83f7dcb876d5d05ae3e98,680697984
2be93bf5132bb788bf045c28,808923136
ac2b1b560e8bc4fa1deb6f87,775926208
674ea6932fa9e6b7581479dc,660200000
4893b21db2d6aa4417e1cd1d,1187865856
2dbef742d0c59d21ad7392e3,942762240
fc16776abc877decb82a5954,1093112192
6f84d405f419590075610c5e,590906176
52cec2691ff635031fce9507,553876864
830b1a2d33f7754b9acfdd82,733108992
fa908c8dd43fcbe9f721c0d5,1065887872
90c3b93badfe7231410e95bf,891579008
60a495b86d6eff1e345ecb06,695833600
0468cf58f40372acb9d5fefa,768835200
c523380518164e1e317cf1b8,1045457216
142cf530f13cbccc3cc9d0a6,993105472
e0432ecc0c1fb2b00b5435af,688246080
3af3a702988bfa0599727982,930107776
99fad8a7877c57c0af05b318,630807168
b57250de388b7172a39dae8f,1199409536
42fa0158217c9cb820f2a06b,615188736
8fd452d3f5f1dbb3b65f5274,1182144256
27881ecd655786b093349ab0,1079662464
38029a1aa22c0a5beb065edb,1227956608
6750be41e08a725705256b0c,1265690496
90bf218565cd67ed83240033,1246264064
c6a089a9bb326c22e3f3aaa7,1069703616
ede08c77d6090e0900654eff,1067440704
2f7784465c1c69c8f786a0a9,1266484352
5943151d9a76010179f6c297,618678208
82a3742862a06803242b703d,680697984
b815204eed4398e600b366ad,924005312
11c4dba68fb47eb9c49df169,670358784
4ae7dd50c6b743bd47340f20,698120896
d81a040e22d541a74122f3c3,569340352
34c84d0a410920c303ba69f8,490551040
6b0828221f9cdf5cf39e7c15,448130752
c50d5b4e75f165eeeb2eba97,943874496
572488a9a75f64434dca5dc5,619386240
0e67ae9abf1e2b2f66a91a28,678846272
cb00154afcad81df60ee58f6,638707456
75801c34fb510d824a7d8366,445386240
98f2d7810641693c44096ada,836795712
1fb4c88bbf995f77f2f29b7e,753578304
0abc98f7ea1e477c6fe3425c,872824448
b3401023d3097815687d1160,841454400
f1ef14babbc4123c5157eb9e,980781184
ecf47573fe1ff641f6914d0a,1277348736
0ddd21dcfe89f72e2246ed79,305882784
402f18888d480f5af146daab,480187616
61b3bd442f6fc8838e2f45af,1206742656
c4eccc400db2dc9627c9879f,940487168
ab38b4fae64ab90a55b5a403,575449536
7f4cdc01f9086bcee46d1d6c,880196864
1be9d865ac8d01f0378bc148,1201675264
f2f43244cda8e2f5219f3db8,718269120
89ca905d858c7731313c82e1,775479168
5bbd0476c27c53e2bcaf9462,671193664
7e177acdec9c0fe684d8fe44,490234176
b764bb8ae8ba0d736bf54f5a,610655232
75f6d6beb64d846d965fa9ef,792619840
b5293710d0cd75f95de001f6,576461760
8b8ec04a78d3826b2c8a5754,817110720
e35579e8b9b24dcccf93abba,794973504
db5e320f51680100f1ec06f9,631239296
59be3c447844f31267366cbe,762945088
0f3b424c398a8e8b53162c37,896235328
57f4a3f6fe2e41ad97116002,658162496
1c6038b67a40f0749a72e6cd,1007209728
e5da0e3919341762d5beed25,594315200
40efc0dc313284d3b57492f9,669434432
601da8fc375ba0b3df3b38bc,1020760384
61a12496ac1e6f39c5ac5d3b,937311680
8635edb61b1dda6f4742cac7,1070609216
ce12b48120daa5704a4c81e2,368204928
acf4d60dad7953065b59ced3,1225519232
56e3e7d822e13838ab9f85b0,1024630528
7ea2c18341f69f21b523906c,1073291776
dd2396a42097b2e8bce52a72,1024631744
41f99600339a7afc8e386e6e,840810176
b2d160f54ce5f98f46818e4d,1153135232
00dd36caffef00fcde85b235,1166340352
471bd64a0576aa67f494eb98,947528768
79e307acac5f42f2696b0436,1192077824
e65a4eec62e2a5bbfaad5565,1083782528
4845ca0d30483b36bfa55061,904627392
6784e116d96e03911e2a07f7,463303296
4184fd9a546823ff1fea0b74,992826240
616a5485bc7721ecfcc21c70,595965696
6ff3186df9d15b65dae5bd17,606642816
886706f32695891af743f986,782159424
daeb02020f23715e663b4a38,825075200
93fa1c8ebb75b77dea76ab99,933976064
ab25a6737b3ee0c4e9cf4ae6,703476608
c5641447732d3d1269965ffb,1115616512
86b290218a62d0c51b099a08,986971840
d7b82133acf54bd3eac338c1,1282887168
10fbecd8de540f1fe4c57b7d,554920448
137baf1609138c6ca2715c7c,481939360
f5534949a53bef05de31b07e,688379392
466d4240af2cfd09a31cf3ff,854334272
7478693f3e7e8963e95be8bb,631845632
6e537e91af0de67558bc1ee2,603170560
f5b0b51ed49be034c290efd2,774855104
a4885ce6808ffdb878c41f97,564214976
a14506a4800c27223fc34728,788356544
e8e97b7919856f9cbb9ad02f,902329856
e16685dae2bd3b0a4803ec9a,962561984
044b8431b186eb022cf6fc24,944075648
60de8c37c9eb96efc432451e,926828736
59b88e154c07bb7c0ddb4e8f,794466496
71590ac868415f3a185dc15c,1130189312
6388b4cfd09e2b1219268cb2,701475136
f865cd15368fefd8c9d6aabf,818875264
ffd916080b1019827491de0b,1252134912
6b8ce573bc2ee68ace26a67f,825075200
7ce704ef5752dd496a61d857,933976064
6b1a1afa055c15908a855e9e,547299712
2a9338f62c99dbad25aec5d3,861050368
c2282da3ece2dca6e8a3bca5,1220921856
5e6324cfe41c3676c7d0a5da,676924800
f1a4afc2e543ce4260f1d781,893323136
5d17daf3e98cf433267d978f,1494279936
d5f41dd3258aa346367d7725,789334016
da35c757f211ecaab20aeb3d,663190400
8d9cd237c737f6e62092a08e,1207126400
9dd98816533e4ca8516a5474,1331682432
27d14f352b2983177e836e3c,927572224
3dd4fa53bc59e5852f9fee98,1083769600
3ca74495aa9adbd533ccfb96,1109315840
dc93d8ca60d60a118f61390b,476909184
dd7b4c374bbbcc60bb090fe8,896148992
f925a05397ca6163230f7ad1,626758656
66a59937c54eff29ab14b474,675112192
077db8e0877b924d1b57ab1e,636171200
aebc3c6079c1a80f8b2f1c7d,853557952
ae41a566826a10d5a6768d36,891489792
489fca3e6dc044412d00cca1,870313728
fc2f58cc289d29fffe8a5fe0,1066503360
59519bb6d5d299ee0b767224,750279680
19921a97a52bed6c6b8f4135,756834496
ae08b7f31e69fd930ef4c832,890510016
1b67fbd144a4a3ef40bd9824,804246528
9e142165bbde850d4379a49d,719619584
d3e971e2e224a20530ee295c,800987008
a672cd6c8c284e14913222d8,789598208
93086ab3e32aa9599708382a,1260142080
63773145b1a896df26504b0d,514292256
17707d66753c1eb0aca28926,587502336
6a2d4d9a257fdfb2ead837a1,395524032
f9158cf51f5e9f644349a774,660387392
c09c39339b5bbd48f349a430,553319936
d470d84f5d8299c52fa24499,662785216
9d028997ff036c154c3fda0b,914154560
40ce7321869b706210eda9da,612374272
3fc826461ec4648e4f7877da,826868224
0e7dbec40eab1b3e5c6bc665,849233088
81b3256980dd7d7f49030c78,1123840256
fed2e1459e9ccc06943a05d1,1219571584
c535169307e21e5df7ec88e6,493501024
d78d84e4e42f145e02e423c9,779202240
3e523ee3a6c2d89436539792,779202240
5f2df52db15d2e0ebd327a36,708702080
1c1ff56435675288e78c4735,726763328
ec4226205a38a45d97f35828,661962688
3214488a8fa9cf8b3dae877a,609517312
4a4fe76c58f5735ce6b018aa,936702272
ff3696c808d4835d6c7cc9e3,932757696
1aee9081ac4a04490eb3f0e9,820230912
8dd954e7312e6e6a07d6d4db,419848544
daa52a91f1fee77f75550246,646746560
a4ad34eb244e48afe23a780d,352153440
0b4b741487c001323f508d5d,779202240
cb383b7a746ed55b21a8b245,1165955840
4b092d4d5885cc224f6775e9,409652896
ba12305002d24055c159ed34,569340352
bd74d43d99a240ef4190ecfd,792553024
4957e0b129c5caf47b026c58,728484800
eb270972f0f69f1671a0a740,1054540480
d51d3ef396efd4760c979de4,686164928
ac65d147ee69785195ef7da1,825618368
53ab42a93b6deb152951f82f,1102165888
5826567e12ee3192785e36f3,1414136832
ab64918f2b2b4646e87297c2,1308018816
88b0d688281db2ef0a782921,1320466688
dcceb6a2073faf9f89f3431d,920505280
73bf75d5762e3dd30fca7b3a,917144960
a45ba5d63cd1971de19c25db,749444288
8467eedcf9a48fee0d72d95f,1180231680
6184f12f3a903658f3319290,585692992
92ab018394a5398b832d0b97,750177152
e8e215437d023387c4a55515,1067261504
7b8a6949d55b5bb27c3c6839,888458560
33f1a7739cb556a78af083de,859893376
39c6bd862f908b7e8088f0dd,661962688
ae556ff5f318b73d3b29142d,531008320
e2fed68e0b614e65c05200b7,626740032
c62a4288a4a0336b1436132e,790281344
f23b32fa4894b6d59f73c151,992816768
4ac4fbcacef08524ccbf3623,382746016
5b5bb8156b98eb51a58e73bd,485784032
53fbed4f9680917f0615ae7e,647539584
730b528617c2841eea5addaf,940490560
13d08f7e14471fcf517c204a,702913600
da273cee807e254fc9aabb9d,1004236864
b8f7bd85b61951ce83d7f57b,1183956096
4954ce465ba712543bdf34fb,459436608
b7483c951d2c19de665f07b6,348978112
913cdfdd62e35472522d0a6a,669099648
be28b90a71e2922437f25110,603503040
b71857f1cc385219f114035c,503651488
a72041a40ca87928c695b2f8,669099648
65a626faaed9d9e3b172415d,669099648
229bcf400e309619268dda31,669099648
367bc4fef78a9800f8616d02,669099648
dc0ac888f1e87924e3994b4e,669099648
6996e88c10a94d9ee7d05357,739916800
cb8fbae1b4141461127c97da,1174150656
d2de34876a7a6914c2dc479e,1082494848
c666974c4303d43b87714c62,795064256
e8491a7994738d098a7aede1,1472555392
9a6440e5318b2de28b180a2a,1037708928
9ebe11eba1a88fcb24fcd141,607387776
78b0f0bd0494fba0293eb0c3,532549376
047b0ded64dcae203a3015eb,733860416
7b95396ef4d0e97de8fb4986,879245440
08f1c136d5a456c0215ebea4,836474048
0880b703bf2064f59f2bf20f,990025280
cfc069bd55e152e40b3a1391,951324352
0a00771ee714a2f3f96c31a3,551126976
06acca3d0ef4685dc055ffa5,633222080
f802b026db4bf9d68cf00b16,546832512
4aebacb9ecd0a117307c7841,986143872
81ccb7e0255eee6274f5d930,1135170048
cd17bb739ac79f80d6f651a8,1094086528
917829a0aba571cbe794838d,750059136
5b83b73ec31031582aabc527,390111552
5e18ac352e3f3119f5f9197a,1202273792
b7eb15346797508f47ae094f,703287232
5ac98c971b9293bc6a8a6aae,1237595264
e196b7cdeab1468d5d4e07c5,1413491456
0ea201bfd515584bbf72f902,942958464
d2e6ab3b3106f36f2c3fc119,709769920
59db28ba77489750903261d5,954764032
b348c76e55613f53c8bbc94b,1232335360
a1e38854d6725e9c48c128b1,631845632
b86c526fed01211fdbb62815,1291505920
1d2b83d973547da8c168f743,550650176
0fe3dbfdf25d4b013b842b51,662962624
71a20a4daea6d31de942b2ce,1249292288
35352b370a31d01748616b01,939075008
27942219389ecffbce2e1d9e,1380311808
62fbacd4e172983a2a998daf,753525504
00c1165df93a4cfe679f54e2,1022453504
207f669778ed0db0e619ed40,674524608
5ca0586ab7d20dce5e9ca8a0,887111808
cc27435df779f16e6a62b0c2,919450688
7a94d3d31471ae313659aeae,1103422208
efebd19fc5a2ab30f2ccedcf,648085184
8037e40c0c8b20ab6e0d4b78,405041792
5ae3359bfe2a704de00e8801,409544288
a5587c93c012375dee920f71,671771392
ee7f7d547af56773a4b0afaa,957430208
9ed988dd6739eb7ad7aa5a06,957396352
26c08d7331ae19e1934a22da,792773248
767024c66d3a88bb18407b6d,820173504
6afa85ee6594d1c8296f04b2,503214528
551ca6ad1ecfc7ac21f8ef0d,1242151552
1f79204a8f62c29b0a1b29d5,553579520
3dc0fa238745fbc31ba88853,418046976
4bc3f597867c6844e9b47fc9,667374208
53973c17ea7e89fbee5e6cf4,590139008
05397b2087e5cf381809f169,629211264
584990ea9718bb5598495061,380221088
2e7c6a89d2cf2d835839f5f1,975123712
5c02d79c59fb636ca4cbe86e,481621600
114436e00c03b44096823522,1142809728
60caee98c3cc8526d16d7f44,671651008
8207612808b5947f2802d2a6,990643904
31a73382ae20331521bf2e6f,754845760
c58947cd4f238cfdc0007bf7,1452848256
a7ee02ad2a4fa122799a2dfa,1314339968
c77a63e92b9f727034913d8f,406392416
56c6bf831d3c6737e3844969,593038656
73ec6f4da3c277958cd2c228,1045795264
7dcd1916c0485e0b80f9eeb4,828892224
cafa94c4a56c23ec73ee9071,1070992704
d5ccfaaaa739b2bb2b3d46f7,749586752
e6d2e862f58445084b2980bb,1141316224
62f96ed5c1e5f28117949a23,517721120
20d8980a4fa8e094b7a5f00c,517721120
0172678cb0737e21a317eda4,422782784
6254ee88812e303bdedb8767,1285298176
a812ed43db71868625b351bb,726514048
2bd1c70db60a44d4400847ca,1001348736
b057dd8a9c2082d1a78cba88,448889728
2fb149a70fa14ac05582ae69,805202304
47e282cb12ae01243d713178,579649920
ae47cf27964393fd56a52d7e,972006016
21642991a20d6b0d17dea2bb,747153728
43b10ad2660d7552ab6c3b10,819405056
64e5093d6bae57e8b4298123,1295197696
9d8d3e6fb432174770c74e71,959170880
9f2498c12d7b41c213bec0ff,417377632
6461c0a03ad3ecf2f8112759,938095808
09b15382686c42fd89b24285,964338944
da846b08fe2205d2e2a3dc71,415422848
2a89ac6511416d0920f1b9a2,996345728
3e9083411c44213130b2ece8,666537600
0f0df5694eb388d843e1f17c,652389056
ee6a288e644183bb191a6526,633523008
8f570610ef199a3ecc49a0a5,725893888
3115e2391cc3a078b5e6066f,1168786688
c7e45098251c687efe670815,761381312
8a3b7f5a8da339fe19e8f138,928351488
2f801cf48edb712627196b2c,602978176
a147a8c29757c5d0c592d347,846439296
86b0aa633bb16582bab5640f,777337536
c9620e3e2dce92bf95c57c6d,754424128
b746e4a5c9d04cf4dbf887da,802710336
915842a8a03914c08a6607c3,544975936
e9e6e054c1d09a22b7efa20a,864678976
4b6fb9b705d80ff350bd620e,566380992
9a51784f33b0cdfce8312163,661892288
176c9a90fcbceb91569fa3e2,761570048
c97e70a767a3661c4869bf86,562856896
a6bdb6221b88a24c9f8381b0,459300768
0a1e6a95a0f9598150c121ce,1074216448
37d12acc69d0e3e92420e62d,1023431168
d433ad6c3cdbd707e6839082,1005961152
36bec92975612d091a3c78b1,664564480
3eb97ecf8069775b9104af85,988862848
9aeed339b2d916cc89f38bc3,794492992
f404deec9ec16a8460397815,888678656
8a0114372706f30bf6867a2e,877905216
681e772045fbee930fcc9ff3,1139870208
0816f29a68aa35abd5978e7c,874492352
670fe8f7b8ebe006885b2777,789841600
d36dd340e5875df6cba999ad,959864320
8ae869c5033c248f881ac313,1098473728
294b04da3eaabadd55da9c20,1114137600
17b360d57782208f5afdfe4b,985489024
88ed5ebb575d026f8d440c60,804376896
e611a37562f88ebe07bb28d3,401357120
e685650979374c571dea2ec1,511085664
10d47d2c73f0ccbc97979bcd,570872768
fe96a7d758a874b1f0c42145,561170752
a7634531887e969c9c5469d8,446725376
42f38b1b2dc077c88a746c1e,671651008
25e832098d9e6e7c2f9afe2c,925115200
b7dc47c641b46ca99fb83a0e,1170590848
0391d158ab104c5cdba31872,887434240
a3c4d0ba7b85b9a6370e131a,1353403648
27721beb237824844adbc289,999823232
6e807e25b64bf0de81f51c12,1196131840
d2637d64e4022075c8f539e1,998346880
faedbe92e3296977872a4aeb,1211470208
5bbc190cdc5ff3296801ac0a,788218304
9b0abbbbfe0bc85686304ad6,674797312
f8263893418eb0752dae48f3,684125952
1e73d6064abab2cccdb6610c,424012224
c0155096575af5fc8db843cf,551383360
9c7f7b0ebe440f60d3bd478e,684125952
25187d9f4cfe89a525ef2493,466749376
85815a09bde2a30e296f65bf,512146368
fd45b984efcdb0b434033fd9,237656400
5dac2d2027b6c81c1b7ee3a4,424012224
7df538c0c831520e6d36e39f,713981568
14b81320fc31c7a513242171,466749376
8026e480ba395cfe1e09cec6,684125952
80bbc51dd90d131d091521a0,233168896
ae6ac510d3e46a50ef24896e,684125952
06b90d41ad3ce1d0d389fea9,717063552
8d911c1a195567dae3cad99e,843897792
2876aa9ef0b44e43084393fa,509318112
76556774906f9e12b319c232,725367680
9662cce3c4b92d1c99849899,964574464
de3d078e5d524d8a7b65841c,734304768
547c8638128424b89d602f50,1510628608
c8a3dc3654c53cf66953de0e,731986304
21c8b93e50ac884e63514f10,1236743424
49a0715897795017ee0de843,697584896
5d646ababb10f51c141e0d8a,738944896
da598f8a82b1ad1b02961cd1,1024631744
84d8f7109615519f2ab0a48c,929136000
0d027b81f8391d73fe0046aa,947272256
079bc331430e94ee76f8097e,1000328192
61055e6eb1910507640ce6b4,1149769216
3f6effb8881ea683838437be,809927104
92c8d6ee8496b91821d7ba3e,873141696
78a08f21f7d7c51ff4d5b8ac,1011415872
f7ee7282cb9edc77740f392b,929643456
694b0a500f1619c4ac4c85fb,829728320
13d43933e04c3c7a9e5071cd,1089708160
5abb555cb9d65db8e6c28201,536456992
ee8103b958673c589b9cb27b,1144022016
5b3a467a3b0feb8ed81be1b7,1534981888
e570a5157e02d440a78ca008,567078784
70298b5e8fbd66aee975ff14,490234176
2b552d7b1a1488dfd618b120,479728224
f4ea9c80fe71a1bd0b692475,984220928
e6a9d5c9a82ba73e76817a81,460460736
9b58b5c993540ec3ab1e4a0c,867934208
00858277a3cf4f31b8e3f738,584601088
d937ac866f671e4a0c090879,994222144
7d02b3479cb2d89d55bd4fe7,888340288
bf79649b531e876c5f03883b,586242432
66a2ec5aac8969b2be538c1c,888340288
7637c251618135e082a9e2b8,890116416
e8c9070ca596f88bc2e0868a,649540480
64adcb2941e9553ee394caee,603411264
0bc8475715e42b752649b4e6,442744224
956ad3b1dcbe8f236efe2d2b,709247872
dc81900a751b64dedcb4ac39,1150483328
02e52d3895522d9be85c4544,694107712
49d6752dd196e7dd583baf44,522762400
8364aa431b2e267e41efabc2,788218304
1b59d33f9000d2e1aad46239,328800576
74a791baebeffcb7e7b917d0,677033216
0a3911a1a9284f2ff81689e6,710853440
6276bb8ceb13d174b8e405f0,666174016
d573d2caf8c67aa32bbe592b,637393024
57cafce17dc4de3bf8a9ba90,1180766720
1dc9e5c684c831b204d21585,1267651456
48df432642971a97d3d4bd45,800483584
4902ccbe8456d3f0a29e5059,749114048
3a810dc80d3a63f8cf106717,817519552
c9859204696f3440cdb541c3,989864640
349fa9cfa15d8f8bdcbe863a,1366340736
d0bdb51c8020a37fe8344650,1129595904
7b037e6e5d110999e51b79c9,1164333440
f677c51266f5ada9e23f20eb,393585952
1b85d69a0f8ce1d6ac4d4475,614075648
4570a3ca0571c70657b4a1c6,728773504
de32ca7785b71dbcc76a50a1,868022656
4e3cce6b581e74879c2dbc4f,687171520
09c4d4b5d1c0118d877d5734,955053248
b9809baae395914981a9296f,591380544
fa56058283c975be76d7c990,719817472
7b32938ebf0b1b167a3d2d20,859180352
bb38c1c17612ce593e5ae7bd,802838144
bf0485c2e267d06b9b1d90c6,912811136
0357d0ee6e0646113ea543cf,690148672
ddf5182c482fca7d881fcba4,1092351232
47e6a61fd652a3dd37556ddf,824367296
a9054883a22542257c7e778f,569340352
d7c70d831e88d552da09ff29,1316128512
d4d138bbc80a0b29ed28a4d6,611905984
dc9119767bf4f21fcccdcc69,862987328
e8caed8cd754b0e3d43e6954,1398095744
033307467830cb865a785e3e,558298688
5498b3e3ca091bb81be87166,529924864
bcaded180edb36336c2f5b96,917915072
ee4377ff95580b93e80ae08c,820760000
c25e1e289cac1bbbee489122,930229888
7e41d90a838048eda035fb27,834270400
f418efb887a15127cf2563b1,605393664
93b27fa67eae8cdfcb846772,696605184
6a42271a0b03bf9a856d1acf,855322560
2af9e271765438a47fa7e7a9,552002240
11429e0923f804d7dc5d27b6,1075161216
c218434cb0b05ebcef935e5b,763325568
a98e4f4db7afb8a6c9f69400,657708032
3c35c8993bb937164ae4a880,1043481408
c23a1372c81ba03e6dabb0df,584629504
cb332695a296899d1c798426,1007388608
2ace3da2fc4e0c022f7a8755,984654336
14f1bf9aa68aee1ac094097c,894146432
649a2784beb9b821d36179af,552148544
6bbb8f89bae38eff88c89c46,704473728
1905b860a8d463c3048b4e46,735543296
3ec50faceb434f716d73613c,905164800
99543a17b33ab955d03adfef,743242816
edbafba81b92efa9b1400987,805181632
9b3846c7abf642e0a6220e7a,446977920
691c35e98d0d5780aa82aa06,600314944
395fbdeb9f0c0586a2b20edc,671563840
4803a3aedb6c20eb194469c1,525618912
bf95acc88b60a3d531fbd42e,767826752
b936e36ecacd7cbc3498cee4,570179200
293c8a0a4a358fe7554a4ae1,829197888
5a72e2a62121158efe59069d,620183680
605276b332b5e5984b83ea8d,610490816
d3de7e975a9215d04567e467,601147072
44b623f7fca1a306560172ac,396368096
9a6a8802cbf3549870c55031,682458752
f43c684b789900c58c8b5fd4,601147072
dd7ec9d7dfad5364dd303f49,284963104
506f2b1ff3e4e7e43a5596f2,1091166848
090d371309090bf83b6fe0f1,928355968
886be9a1881866ab1f300533,885693184
ef34f331871e8ca6573981e1,838567936
53bbf1d3345eabc2a8b7f5ff,778337792
5bb87c8d49ba8ae67a659b52,848013440
21dd47ac3c4e1d6bd0ed2485,915404416
f59686ef2740247394547078,995858816
8fac177c5a8b4faa21b33138,555358336
b2bc172a3ab25b8caef50189,1118627840
a10055de743532d7b7bd29a0,771288896
c344e3be381326a1b6cb5989,672933504
3fa4ef366575bc72ca5a0582,613083008
e9205b722e624eba0fd36145,1493469952
e75699a7693c678786ced75c,781925248
23208132621583ce4a46de77,1165651200
558d9e4b57fbe6c7e0a09a95,986463488
1a6ecf722b2eed8cdc19ba20,795619584
11734add51785f1ddb999c5e,553442176
82c9ce0d018c1d620b7a6689,581536384
80d95b058cb11ec829b5ec96,640627264
cd89201cfe3fa19a4eb14bf1,915404416
d0a5f33f0689445e22db6626,846264960
c7c99ae9259b34bf9b8ba799,397222144
73806685dec82cf637f19384,447547040
83007c444fa52b34482ed55e,893943104
e08561df5747246d74136dc4,769733888
5b0219cdbb8ed527aec91659,931612992
119805b72aeb50f05d3a5bd9,1046886144
fd20cc372715855081e24eae,1079569664
e4a021b625f4ffbed391c6e7,937840832
902d4fc2c44ae5ca2703426e,802772608
71aacbd62d72d3eb29a744dc,580815424
7290697f96d8e2101089984a,931276672
314153750510e92ddcecf33c,1289804032
9d576cf721ad30ab1a4fd554,526950400
50160783a9a0503df5a38dee,647958272
0f4abd70b68453d3500eebb5,523997440
42cde300d741cb134a529031,435653728
1e9cb258a0b7e08244d7fcb1,651480320
febc9a1b054671445d756cec,886867328
39351adf139f820864dfe8f4,950562560
b4fac45659e67d4e91fe65ff,569340352
fbe555f6bd0edc1bc950d9ea,886750912
67308f6bb80d2a203e306104,417596000
799cb909791d43a1eb305eaf,713678848
4354c1b6b27a87c451ddaf36,707417344
0b937a3ea4864896b744108e,412863712
b96d8b77fb5ba71ebce2fb26,701002304
f4b1645da3f4286e39f2fe4a,876373440
a2d1de4211aff373009809ec,675652288
50b619ba3e0b2a4c6512bc97,793406848
3d57abd322b0077efa1091df,935641792
652793275729ff3b69e86072,596403840
1e2270f9f49aaf3be01dab49,1286796288
99970db787f55a4d1963942e,461648576
801d821fd6ab7ee01b62a800,788821504
2abd46909a251b8ebbd37133,808840640
20a783884d6bcf1aa5697772,531633632
2fc38ab2689eb24f63e32efc,1186871552
1f592cc4ed728909040f953d,709849216
d1dca15e36fcc5ec14dfd870,709849216
54f7aab6b91b48272a81fb47,412413280
b6d84e7d569d8d0f0d0c9066,842299200
54d10cb2a44179fd4d726f1b,707556032
341c307eedfce3f735f4a63f,949279104
1e057cf20757627d1b006141,513675872
798bf22408ef6814759da1f5,927923968
9ef3691cdc2bcece41b47e78,1056965504
fd5793113661540ee34b8cb8,659672384
9c4ce4e9f12764544cc8bded,838928576
542b5322e59a3273e10dcda9,825104064
af578bfec5d84cc2f4ffb8bd,881497024
a310528e34207b5dd813df8f,876373440
ecf5c9bd618e3976ceb5697f,1128089984
d342a1ae299065045a957767,1080412032
f5dcdfdcc8f414cb7a38309f,816202112
4090c1b86074c8e769cc72fd,566442048
7ef2d4777310765d0c8121af,924580160
39222ab30001b3cf45b7de65,788339712
91a73bedc30e0c2acd95d6eb,1104823168
d1e6d6900eebd9ace65d6c36,749979712
592c9c45c07388359f663219,532468064
738111512f5e5052927468d9,1182766848
0db51d4771623f5fc1026d74,603826688
82c9556e19072558cbe3a7ff,443671936
c1e51ab95336a51885b4c672,1077489792
0eda675541a035b1f620ccc8,1179962752
cf379b41b70374ac4cf82dc4,889797696
d90c961aa01e51d63e50a2de,790284864
990379c9f9f210206c6f1916,1378240128
f8189811dc639d760937df95,717922368
3d1deb639d94b292552a123c,358193280
43041a793a13a4171f22e492,889395648
052d00805b2602cac76fed4d,804369408
c76207e622cf8a208910707a,369038656
ebe33bde2abbecd6d1fb0cfc,526520960
2e23ee2beaf5293f57a5c504,514292256
abbd422c412c2d57f5df62ba,875568000
648217f4d8b5e0e65dea066c,769646784
52e7657a539be5f36f48bed8,1119689216
3a276f0df8c12422e14107c5,917074368
dc537b5973d2b94acf6f23df,978641088
0a41279a5ea9b92bf8cb79c0,1302827264
80ed77aff62d4c57ede6ba94,506640608
1fbc660f780245bd72015f07,1012684032
df1f513009808ebd46ec0847,522804512
58708fd9e83147daf1a80c48,511894400
52b699f9900d81ae85ddc7d6,737265536
98c5b154ec80083bf6f51835,1252134912
588400f7829874f9de919e39,692985984
46a2a88ef09b2aab932ea02a,1039006592
31474c62a8f39e250fb2882b,1425522688
b40873d316de1c295f2a97ec,446119840
bf4b8b23cd87377169684e98,726143872
a34b3b037805f2ec489a95fc,616141184
963985c57392ed0423d74caf,500871872
a93a37e4cc75c069e14ffa00,465471552
071f284d07719a3517c55567,639098752
5d030db414b00948ec10d18f,631845632
6e57de8c4ec2e42832cd4b09,872631808
d9ee40ccf461ce3e9ebb815c,771701184
ee13d186a24af238d06e0c2b,778685056
f27397321c007765244e56e3,835688768
959397711c3f452486ae591c,1184727040
a41222195e5c7d7987dc3c7e,823209600
ad14cc63c36789bfc1bac0ef,367346464
79ea72e7b03cfd4fdb5219b3,545711680
cf68e05962a41395844e9c80,623813632
4a20d03d09fb9d0ee5565ec9,788606208
734c9446d0674b8d6545bfef,1040935808
d9706de7190ae64c83e65769,791529984
b778282fc4b9c43055629e44,1320466688
a4d4d6480b56d6198c0120d4,905611200
7557a9bc12cf0f2901c00264,946717568
41376f69b086937257387f1d,831773056
2910f3631d1db77e4b61f8b5,587187008
3a8a506c99ede47ae2257e87,830928256
25d89911e830697217d460f5,777841792
365a227184022e99f1d2a816,735691648
c6e34cb4e79a729a5df4183a,1154911104
c5c3f06bbf812593d1b95a40,941396544
acd6ad0081960c0f17b144dc,1194374784
344a104d2210954497a5a388,834309632
c0109086d0f49aac6c3f3f18,633356352
c42c99f5da3248e7bcc73fa7,748375424
8e1e9ae57400052cbbaed9dc,1108125952
8cdd55d191f206b0841e56eb,624248000
c1e0b47866cf4a0120e4b3d6,547252672
45a033d121ca5afef24161ba,659441536
bc834280fb45fb308d957640,653471168
9ddc14c8e7fe7ffb078e0019,1460882560
7d66238672def6f73c25247a,784894400
2c12cbaa1f14553c1d41b958,625773120
196969a98960a68088266261,737265536
a5a3cab55661982b7d30bc78,671560064
6464d5cc161ac659dd963897,705913856
e9f44786cf982100af0984e4,1125468416
6302e608d8f37e63f4e5cc27,717173440
ab614a5008d68aebe34aa201,790765632
06bfbccfb3ec0b1f65f4b351,970293184
f7f46ac9158f0a1edd01709e,970724608
6e233ae6294318baaeebb59b,990022976
bf6e713a689f574b532edd4c,1172436480
a7e97bdf2d4f2f62f9889c3b,595252800
784822ba0060eac9358cce22,887828416
13c51ea93d19df6c273a1502,526662368
176e00102fb65cba56279287,570497728
52e5904902e4d75ad87afde7,599868032
728ce22c8db9bd0abe3f20a8,932592256
e8bf121ec117e383c843bc51,1370528000
878ff8ef3c862929bbb19ebc,1203545600
ed80ba018de35d5d76d50db4,952614464
9267fcc93ae3b6df8c12d9fb,653471168
babe27dc477f5e1b7e438422,694524544
a4173461aa676e09227559fc,801555328
f0b2a0602bb5a83f0827ac75,1057430016
2da346c00d6fc39268f12b82,838377152
9ec5fbf8767dd0d2744a79b4,583230272
c85e9bd6e20ee2a883d0a7d9,592310528
191cb509fd44e580ee32486f,665941632
053d37bf1d988505b5e91809,421671744
4d3a66e028dc8f3e9ad9e9cf,986546112
c75b265c0eb946ce77e32ce7,757674368
d233eb8af3ef7e325f6c8f9f,586374528
7f7f5313341b3ca499968716,797421120
4fa51848638f4437a3e31682,710703232
9090236db3ef719edf72a330,1546741632
4dacc190eae91b059dacbb00,1063616384
ccd2f6ec8e9841f1068b7c76,752997632
a354cdbaff42acd1a0b5d82d,528266400
da8d3092ed0e085a83a7d67a,940581888
1181e18553eafcf5edf6fa05,761613632
5b146f1914acf2ae78360fec,952087680
a0fa0aca2f6c2ae65a98ccbc,490234176
038bb35043651579f443c481,710312320
430c46358b85ad4a741c7187,613857664
4becfb041b0439429f2cffb4,628543680
feb87029d5a2e8125e165bef,449679008
61ffbbc24b30698ab8f735c0,592993408
0e3067f71dfb9dc2e03bba59,488628608
b8ec643c66478da376153333,658176768
c8bccdccc9186136a332e995,981238784
0f4765c8929a87746217e957,1330416896
68c145df0ef91fb4d14d001b,655921472
e5b92a0c67c506ca6e92315a,309629248
a482103965890c922a66eedf,768819904
1d917f9f5a3cd44cc4dc8d2e,484846400
4cc968db25c2cf03991c0041,759896128
91ba0c5b21b52734d1e244f0,592107776
d6a8f4abcb02142c6dd15b30,403537984
0587e7e1f03af8ea6c46290e,427103520
61e1e0c49f3aafee6ec9179d,938441600
797da4e993a993ef80277108,757109888
b8acc8e72f2c498fede3fefb,850213696
ef2ae24039bf2cff1caa4340,496605504
cfb8d15c6b0c0e6ee4b92109,997245248
05aecff6fd8d866c6c157a9a,926467264
b2e37eb7cde5cf4290649ad3,995750528
b7ecbd35179a7658f3c11b41,920977088
699095150a7f3f32c40454fe,1408568448
989a4fc1590097414d7c3fa3,578691328
b6853999c45e21646a0d1b20,569340352
6ddb6863958ded0d72fcc6a9,702002304
f6fc3807b54d8c69459c4f64,630807168
6528ca87df8bb477f4b6b8c7,472775840
7bba885503ea7716ffea503c,553996288
846e6f1ba1c94966314345d8,709764992
04e6a79dd3e4d8d17c8b5387,1188225792
4d60db10157fd0b5eab9a23f,843665984
0d7d434afcc5e93050e0b86d,1324015616
bb9ffa04d913d06846d082a7,972205504
80abc4c356813c1e4ead1e1e,530631968
df8979b26c9971dd7c3500d8,917284416
6ea18874ea84b5b4840f9b85,789459648
aa75ed5781e6e8584143daa4,713164992
c8c8d083c9b9600059a8b8d1,540010816
5c8f3b7ccb4340263c255d00,320189952
79b943894c4dd68bfd8cde7f,652602624
64f36d32a3a64853227fa69b,1506623872
d7080c3742cd9d72e9d0ae48,576223680
8333d32b98625a2742cfabd6,934317376
bddcc7fb72bb973f84b864dd,994475200
5a80dd0f68dc2cf9fb1b0c03,560912000
5d82060575bdb7be33e63ecb,1459702144
de416f239b27327e0f78b862,569361792
816f93a2e035e4fcf61ee4c9,1165688576
aca1776ef24acabe172d573f,1241756032
af32aa018cdfd081a81bbc80,752265856
7d133cde943d189c9abbb6e4,501501728
80035ad5b3b4a948469800bb,817207104
95bdebef7fdc2ac0e9541c51,1180762880
d038e5695b32bdc6fff1f72d,776193536
2979f2d91d649a8c14f5453c,483591104
a0be286778d94153d3b22ccb,838242240
57e8ea351ecd1ff0825b1324,997062016
c84f96cf4570158c3832c3f3,799214720
93ab279de0b7b414ce758153,914611392
2018131ad3f6e5aa8f4be704,1158199040
eb055771816b45213df3ff3b,468153216
8e3700ec731701361d7bb7c9,765071488
422e994aaca85628ff759004,827193920
569e2cad5c18a5f393f80a8d,843027392
7b4ca3a8d09968e48c185260,1183419392
12785f791e04b3a49547fbc6,890274432
02ea72128a99862e9537718e,877905216
fd77ee8ca0551b5b614b40e1,1262047104
ffbf6a54fb00029ba24dd3ad,608270784
a295b12b773127f15e83e174,688379392
90f0cf22cf9c8fcc290e495d,431882816
220d466e3737f1f2a8ed06ae,448889728
235c56f4afd6d87f1b3e199b,843854784
eb0f3b14782c9a484408c606,753531712
4188712d431ba996cd59fbe5,486835136
3dfd7e954d6f7f40af60bc9d,417990752
00e80be4feb1e8593b7713fe,528414592
eabdd1bad2bc4351ba4a2635,889245440
850342685ececa472945f7ed,785634624
ecc4d05489c5ffc8164d5469,418046976
2406d47133763272a965ef51,374884000
b9430e8c145c2a0d7efab2a4,850110720
4f8dfb8de411b8a05c55dbbb,1059225280
574b6bef16abb21fd67db401,640687488
e7ef0d61e27de15f10b0d643,889245440
647ec3f486cedf045cdd3b68,893832448
69d83d8492db7ade6c37c3de,948031744
6c07175274fba6a0dc467cbe,829278016
a5a71962df1b8bc45bf5547e,698480384
ff61abc1e7843e20b1bf8656,195332880
540c4d7a79864885d73cca95,706423744
17d0f69ae2c4f1aaa1aca9c7,868030656
80de6a9303eedbfd1c69601f,825996160
7cf573f273b14a6cfafa3ec8,566891776
eb9ab213defc2de5d878653f,649044288
69f7ab8608b5328f106b42e5,1114368640
9daaca90887e5144c35daeff,517886240
2bd08c0964ef4a95295db843,722401792
34f0542a538cee9f3624d897,628360448
847a7fbd4425fd2fbc4b3edf,1018734976
22428154baf95870f1d83fdc,927637568
18e89f083fdbce3da0a82a4a,1182614656
63674e7ddf6f2b4d7c6d5c1b,631875264
0e97f66cf4208c1a57d1fb17,707576832
a90f7cd68b662c87d9fc2d5e,781894592
2086639384041f3a9b519140,834309632
d38353aaffa4af168518c6c5,772556352
d994f3919c3c8fe0ebd538ad,934219648
ea9d6dc517c77ff8bffd596b,1050251392
ff83788b9f8db0297f6c0148,876276672
9d9564415e52518c2817f66f,528737984
9362189c5d784741c9b0f8e7,1060777536
ffb510bd3f847f4ede255fbb,647683968
7d3e4ead63a869bae978027e,802302912
5dc404d1c214abd2d45b2a0a,1091578496
64335f6d4c1a7514377be77d,665930048
b81801f02a73feb1db7f5e83,1448939520
b5d6fe84ee7c6a703891112d,1283884160
af0502ae1fe341c2ce1b5325,647761280
ec43b2789c9cc266a8e0d1f6,787467584
7ff8b0b5ab4fd12f3be399ce,666380480
d5c8073e3ceefbfbb547eee3,854651072
66379c5752189c150954b4f0,612278464
6a3f9046cfdbf4eefca3ca69,611492032
b549a72c938d767ed504bd83,640219584
f48e503ebd3908838c1f2ae6,768447104
e58ba64bfa5280630bfcfa97,835080064
07edd16680605925192efcf1,827171264
70b821bc1c7dd846a8be343c,494322400
d84d7edc4a4896c4a8722328,707537792
6d592a69209ef3356e656c44,608443008
ca9b2ef10b512905af6be620,1154712704
bbf16146922556095f53b5ea,703310272
86e80098f5a3e7dbd635838d,422139264
dad46c20f9f7d834e522fdd1,1106424704
e2dcb036931bf4b2aa030036,894183168
aa7a25411bc0f9f93dcc40df,896716608
e192181121fe58a8bf94aecf,698454848
5aa715bbe2b178ad0c9e4b08,552707328
43b5b5a9a1615eba48ab8b66,667374208
dc91e3fe1b190fd8cf2584c9,665338880
1014341bbcd2fd5775631f78,758759040
7f2e9d302a6ed1770db9f7cf,754845760
73f4074e5e09e52e0e03598f,1080072704
0460eacc73398bb95f0518e2,932745728
5a44be6fad8878eb2c394ca9,995348544
936cdcce007bce08a72112b7,604806656
8334a4cc7db8ed5c0071fe95,394734720
e3e9d1d073b129c697c1e9e9,569805376
dd9a60c3d502ca3cc98d9b73,778223616
949184accb5878f82fd5c10f,605983808
bbc675f7edfa0425c78c15ea,663844416
7436750d73f2e56b4f29e98f,897787776
cf81103f31f74edfe0453de8,708202688
620e467297aed5c47e22735a,518660288
41037a3f8625082544979179,666486080
6a2db40e5f210a31b2f7119e,491444288
0083ef74db679d22463a1afe,650970368
b19be1ad7f60717a943ff0f7,418808064
0906b6a88fb1eb0d7bfb6bb5,719710400
f82adf71d17c261b41a5231a,1055889536
bdda694c42c52ba4803d482f,921419968
80f633154b6f94b8fa24f213,647782144
f69aa18a64d8b8494fd9fe3f,576594304
3146f3ec9b237fa0944cec7b,772237056
5db3d671b5aa03dc33f258dc,603177088
d5239537894ce7f2a9cb5a49,790833344
bc28e66374356a4fcf9b62d7,859859776
3697e556be961a16a621f3e5,667991616
bb6f66493fbafa76d70b0a34,728114368
e78a4111d943044a9a32ed80,726657792
044e2daf937c0d8373f2e914,1319484416
77668d4325802de9d63609a9,770340096
a85ba83751915d8d5d1a0e09,823159232
429460d5f5c5381e945cf449,1296025600
a53dc5c58f7384729ba37a21,706520768
a4dba76865fbd14aa19c0286,1173640192
7573c18a79e5e3ee0610d7cc,795937920
f13f72c1cb469db92b25c2fb,1106506368
45dd7eee4488e88d71d46783,1011036544
dd4fd04b9fd80818bd543f9d,743403392
500a3c5953f89b431184fead,890348288
d2e737461b916ba78030c76f,1172320256
e1e69b5a90431b8a44265487,739066496
49cc8164d94a2afe8b750af4,431296416
e9b054016b281140d2566d88,827708416
32161228e9c502d2c21beaa3,350098272
9017accdd4fe3229fc45280b,637353408
17fed4a312a9b773f64861d3,651219584
8632f5681d04d9c934675409,1048691264
8356123e4d10a479a12e98bb,643664000
70463649ffbda5fdf3c10ec8,885659520
1414ec3cdd3f6ab772fc7584,793406848
937708417ef2642b7d05abad,1133071616
afbe90d764c1821cdb26e38a,830350016
14331a3db021936067b15890,721146624
793efc460dd25b67c644e92f,709457088
0a9e4dd0eec86037a36fe769,1079336064
e5168779de76d99010e37c7c,909299776
016dd08801ad1a1e7f6e695b,994141312
ce509ce153f452ff8a997538,889726144
66d8ce8e6aad18a4963275fc,617092736
8398e3b96d1311c7264f6603,1026712640
e9081115ab418ef1031326c3,480709632
5c8240a1ebf6138f81dac715,914845376
18cb1adb2078fef29a613a96,802796672
4167fdc804227ed43224a32c,1123253632
b5d0ae257748ea92c47d8fc2,700263872
1d17f0ff708e6f0b93a990ec,820427520
764f506bb2aa1ac4de918a71,769536960
7a861f1e3af4dbbf55b2c301,504362272
1562a23a312478d7a05a33dd,745843776
0a040fd24e23a77f0c58495c,824717248
7f0f5931fe148f6187ebf512,889330304
9fcdcb2be94744d00e734a3a,1179830016
f181f74e96a93820a23bc0a0,706177600
5193b43c32a2bfb3aac6b2af,779713472
6cc7718e834ba47a429d6874,711269760
b8d06f4ce0d6e71ba0fddc26,789165760
30a30e4ab286fd822c68ab5a,976688832
f99bdff027d28ceca0caacd1,742095040
f46f5e911c6c595efb5b7ab5,929981824
a7f0c831d82505044f370b1a,377476736
17069e9f4ba45c93738b109a,642237248
dd5c910c2a3d63b8fa92096f,541593984
a33329c9ed11ee8b87aad6b4,346540384
925b457b5df270a68b84753b,543136896
d206aafc71e8aec2afc3f8ee,425483712
f8232717e74332384075dde8,611618944
f60d9f0751a14efe41be383b,940429888
13adc7946bd4e6e3e4416e52,645598720
230cdc90e6c825d391d5025d,498700064
e98cb170e4383546988c6829,541593984
5bc46671989de2534553ae49,868938496
3b98c8e46cf8477a1968244f,731903744
f9f5fa4ad495197a5c9b492c,313460544
0bd42f8ee9d36dae4cf35886,385857600
567ca46ac91cc53e3b479547,508402208
f0ebddf2bd5aac661e4945ce,727177408
eee841bc785b1824b6419a73,606635584
004776514ad269b380581066,549805568
bd3edc7854cffd6b6debfb98,570672704
0b42bbe66e438fa81a2ff77a,595217536
a33bfa6cf99e26bd9c49f8d8,721867200
8b45db8a4f2c0f772c8d44cf,608821056
262b5b0bb408d7cf53073832,626648640
5844c83fecdf7e09b188c2f0,585507904
9cc3c05f0e81b8f6454b80ea,725885952
07c46b493733d74c4f384b79,643547520
932ce2fe93b8e1ec0e7bbc8f,398800768
559fabe06aaee537322d0af8,631875264
f4da2c8dd901cca9cdd51025,585507904
84eb4861db0816bc8722f379,710169664
d0dc69570223bce949a4c17e,488385408
abc2ff9d0e7848169fca170f,611102848
3e3880088f0df7c447e27840,435669440
3580dcbd0a6d7d6d3546dad6,668942336
f123231ff18912a3dfd7cae7,649483136
78a7eac41dd672cd1863e3b4,730917696
97def72de478566ad58020a3,1095664384
e3e2e3080cc309d34014e8fd,654645888
71be583d473084bc0608d066,736394368
ac6a4c672dfbe20f5bafbd89,702563648
f4fc081a112f5ee1b3a09e70,650044736
d8add8f5e0aa562a63c894d7,673378496
88ab887e18e38d0b8315286e,785518848
07c8af84608e6c9206ad6961,785750976
2b352d996677e67156391e25,694063744
ced624c6debaa01c732e9f60,898811712
ef92f63b46f27ccd2151a21c,501498400
f4022026c279a9b77a894ee2,663402752
e2e2218086e6ef5377c01b68,854359104
4af83eb7718f5823ae69fe47,794874432
ee98e745afca6de4550fe570,710169664
bd1fda425d792fb0de7b4499,623601280
86b2d3ad1dacb372734f810e,435669440
98abd5139cc3ea136faf7c8c,709162496
4582ec985de48290c5f1f5e1,517371648
312a6b2a57dc6947f95213a5,689860608
86a47522586da2884181f128,569074368
b41edc115f6b439caf392941,648559872
fac682b61b813044a3e3ad01,622483840
63f4e57fb2cc22659e80d6fc,798621952
4310c7a552b20afd46f930d9,806687808
4f18341de355d2cf57a03983,707576832
a418dbb6d04e505c133c6c1c,1078379520
afce1d7c5576dc49c80bdabf,665157824
5ec12159380f4d1a85e8b0ef,704473728
78d10967c36cbf346bd58f63,502830432
f995364cc33c431b3c93db45,621060352
99b31d0b5d5ab75a2653b1a1,695841408
42d42ad031a2c62be9b5cdca,697085440
73d09646de4e0ab46feaceba,711460736
bef4759bfc25c7d44a8112af,585507904
c038742e427830aef3ac1c17,669385792
e96a7f5424558193663ef6f4,727494848
1af243eb63d893b1251f44dd,501498400
a083fd17c5e7c9d33540b922,401063040
549024cda1c093c9f8bc2ea3,606685568
164cf5fb9a759f2e4be67b6e,871655296
65ff6cef76efb4c83ac0611e,550650176
784b1db005d39c2f57666efb,1095139456
a2f06081983f748fcd74652d,922620992
66e4f010db2febff23b4a4f5,669099648
9702cf3039b86f97c003e20c,706561984
48de5d43e88caea594ccd27c,1043165760
6732c28a236aa1ccc0cb2c86,646080384
8a1d1f70adbdeb233ed3ec3a,632261632
c775d4f60fea55d5511da4d4,723165696
1f4109e1a4b47a9b11c2c019,728226304
31ef69bed8e54b5e1fb245aa,901740544
882907ccf178b23a02ce262e,838041856
2868ac4225657a13f6149e6e,790390528
cf6f0a3cc030024f4e9ad06d,928355968
0a1cdd0d5c3c8b973ab1a98c,1163038976
0d099b1e1a314dfd9aee5293,830439424
898d1eb301c92ab6603e0b81,927637568
9fdf7d85fc65849cda3afda7,932012736
f5ee97750fd4e04eafa9d1d7,682580544
ef9cf29f71434be184a4ebd9,974049472
e4559824c3390efd6282960a,708646016
f8dc73052c66ab334cb7be14,780098816
2e992370de3eed4ec1271589,1016445504
e2bbe9221780d01a265e2ef4,704634496
b65a2a140ad5fc6e3e26b6e3,856518592
3dea0748459a295fcbd2f0b6,763831296
7a1cb1f751cd36bdb6412ba2,660595840
1381c0399ebbf19db3a11820,856518592
479b2c9c12602551bbd0212a,862757632
d463fae95232d30e0f78f93f,856518592
d0df2748d371d98d76408d66,685765056
9551dc6098b721dd495e5c57,890613248
fa736ec3f2f066cba4328908,1146146432
37fc4ce5dfff7faba6bebf8c,872099200
f336d60e41c8bfee91d58728,802618816
65e1a61d984712e76829c821,734761408
65eaf65f8dccb8e49a93b753,779294080
36eb8139a5ca1b8459eb52c1,951075264
c357cc3d2f4b45ca3e1250d2,737568512
4b75f2b374e8674e8b55eceb,1212888192
9c20784acde0823e9479be2f,890471360
0f2aa0d9fdcfe894caa8fddc,757465152
23374ef76774d4f95f022473,1111104128
4224e69acf9fb071d4cab498,1171056128
a41d05f2ae3e022c16088bd0,1111104128
9b30c679d7da9169580773a1,884000192
2795cdb2f4d568a782dcfc3f,1149304320
5399af7ea98c97b5906efe1d,604507072
5e93ed2a9b36625c4450b5bd,956383744
d04d42ff91707e3957b4a29c,1040758464
f32ea78bc5ea15d700d3c118,736151232
8ce2d6e505ad1da079f34a8d,1005437248
014799b9ef7d5244fb6640ff,1018734976
f50a72cfa82f3742189b7fc0,970355072
8876b38f90f5571639b7d879,1141153152
239a2dd25f604c730136c720,1316868352
db297b6ab332cbbba338e7a0,919853376
5aaed76349fc95f6c12ced7b,1329007872
10c94f25ce3f7532bf4f3152,1295704448
d0ac1f63c75987c92038bd30,977425792
db5ea791b33be91840a6d045,894969088
8627562772d9d63bac507fcd,913173696
b1ecdceb6ac00b6b047c241b,1051760832
f499c1513abf0b05aa1f460e,1259169024
0d8b0ca08838d1dac052d51c,1182614656
c54a573c9aef013dfa2abeff,976283776
f02865ea64b156bf4cf4cfa4,1251806080
087b564ba475edbea431d4e4,1153708160
2d3236cf646f19a25932676a,976283776
68b547621c25c7418cfdf5dc,1004114624
097a1a08a389439cc2c760f8,381538848
e9c905ff64c7e2f8c21b0a9c,467185536
464039bbcabc650d659f6683,1046664064
93c24fa31fa780d28ecbc318,637616768
a73206cd21136b209f25c7cc,311842016
852a11f12646f0a1121824c2,616791296
61953f4c9bac7cac5ddda5d9,1211968128
5a5377f2d087b7bb183783bb,624484864
0a85c354c48921e0ca202d15,1096862464
12f9d50fad58e4e40a187d98,1009510016
45ac018012e7dd91d41a5876,768206208
28f905e91295a47d106a3214,1219571584
395e3718423aeac3d40494a7,548839232
1fd7e9b1e717578f751c21c7,818626880
e8bdc4a088a6b99a538a6f0a,620827520
45b894a8b028be29ed137f1e,1266484352
f5c866d489889ab2f124799c,1374519680
3d0de71d822da8a999bb6222,780833024
ecd0b4bfd66fe04c278dd4ae,409544288
9a61bfe6ba2b8364a92e5a97,745410112
e8b8d0c4cb87efc13344bcd2,1228340224
1f39ea319382fb0e41ead713,1329145344
d61700c4ecc128290bc42d3f,371946592
d87cbdc4896e0e0160999520,465698496
d1281c9f037ea5c4fa683b84,871895872
310e768d2e8836432f8b3e97,747951616
c5498cdddd7856e99d21f52b,490010656
d3169d4a467cb7eac41849ff,694524544
2eeb4b0d7afa57b63778b69f,1357860224
7b3621124731bcd2e543562c,762172928
5703b4ab6e77d88f751bc6e7,747193152
2c567face144ca714454abf2,977882304
7169b5a3b9a796162de685cf,1247724160
fd19e1b2e61f5efde879f6dd,854651072
55f0e95dc857256aec65ec1a,1111315200
ab03c034e2a420f395ca094a,644344704
ee3c0c7fe3fe73ad0449870c,1534759552
e59afca092e0ddaf60c9419c,606873984
99e48a46a1a599471d3260e0,410913248
419398139a3aa2ca2be3f941,515669280
54c33befb89cc873771c3be6,1070217664
cb29bd3ae3d5da88c99d3db5,837507776
24258361a4ba8f772a83ba7c,1138000640
539c12d2fe8cbf950b75a0fd,640045632
7b81996f3abd287b50adf8da,902681024
0d9e73c14529fa3f1ec8a56f,658672448
dd178fd542fc716e32b4136a,675652288
9aad22f3d25e46538e1558fb,811817600
93df4118ec3536b312822d90,1050786112
7c6319c04025c4ed6aa3f051,658672448
98e04fd660ca1276d1510a72,277637312
4a8eaccbde5a4a6747818d29,836184064
9f6ae3eaafbdfd8d5c0e64c8,1106645376
5929c81cfde8ae068a8b822c,1014341312
b94ea2b8b847a47140d04008,1224257792
ac1b644a8d2ec042ca91f89c,785439488
8df9256029f526ca313202b7,766205440
e029511780468f4cfbd10d3e,520253920
0878fd8b66aeb22f6af2d7af,367803808
76258b7b7e8778cd60d3435a,907036224
d64a2ad3297e2fad8ce66197,429155488
8af6bb75c85a2789156b3696,399689792
40db880aba8951909e6e4ef6,1008418880
c9e20cadac540faa59d9aa3f,385146880
7d5459e48101349c75d43aec,801217408
fb0664d59b6333ae1861f343,653842624
bc6b57600fa9edfe13fb3118,754677440
d309cdb5688ff7bdbb682d17,635355776
d17ba799e68d7775f2104b3a,577736064
2baa6afba131b74487c94d74,790665792
0b7c8732558fc04f4fc51ec1,777194624
0d8cda2859d9903f6202af54,553996288
0f2913c5aa681a2bd45a5484,827058176
de6010c57fe78d975be38c2b,1004980224
54b474bc7cb126bfe8e6c144,1035810752
b1dea7d384760535b770311a,971793408
9e90e02c8ed3ad137e4c3abc,433021856
b59711a5971a3b482db4d9f7,877905216
2c37a1280b18e095b43e19f5,843008960
fcd7c10d81aff25d9233214d,880299520
c3b8bbc492a7d7bdd63da22f,1322132608
42aaf6521fdf1dc9bc50f88e,593128064
3c268e9119b8027f78f91954,557524032
c8d5a0e9614dcf96a500206f,1061476480
6c778557da9b5d99f90b1238,568579776
4514844d15690b7331fdb6cb,758536768
d8e981acf77bb46a9dbd3109,746876608
b940ba03ea60d4cdc5d2d429,877513472
4fab4e66ead1948498d2a4dd,675623744
a5620899d410af623a3ff4a9,918676224
f45e3be8500d7bd91cc8855a,400478688
4b82eef445edeae7a55fd019,663478336
29881785ae39aec014c4982c,1050343680
0d9f91cbcc9339146bf75bba,388702528
b839e76df5d73e7d53691707,874855424
7ac96f16bdc50ee7619f3548,899106240
a102a0a268840439c2c8f4c6,609945280
e1132006785632e4ec5deb02,846778304
a041ed3fc0b60fc4ce3cf847,817519552
84b758716f47bb0f4e4a2bed,664115264
84394774ab45e0c8b733bed2,813446912
2c1c91f2bb4d9dae38a44360,353889216
8ba9304ea7b8d2b071bb0699,709648448
9a76cc7c650230c670e703e7,1390974848
9b0833992397c6e50b54715f,812612864
6f192e6a537c1509521e1e8a,876943040
d1668e2d35a939ed126a3f8e,1058118528
a17807447696896bb61ef8ab,777180864
d043d368d2584ae95ad3672c,1114539008
7f2e3f2eb5abf86b56897250,910327104
fdb1cffa6b7346fde667d72c,535246560
58a3a9f44bc7846ae26413e5,676606528
af230af0c73a5f2b72787c1b,1128752512
3cd5562115870363ed5d7558,867703168
cb9d8fe7c18dba6827836403,702632576
742fd57dd463c1b5cb79f63e,881722048
0d30768d188b6bb53d599ea1,1046394752
c455b8a15dbfff94c2909f37,636590784
8541eec88f0dd8229b4fb041,525628544
54aad3aa4a166d2d50df48cb,1192429312
eb9a59d4e85a3f124e866f47,1310184832
d65946f9c27e417e6bc60057,615459712
dfbb0ed74ed85bd186f40ccc,339666592
84b05da6a859ff5384f37ee7,428431808
e2da7c1bb33be76b86b9a07a,645869376
456243bb3fab3e74df21b5a0,645203008
a947c2ea296f1da3d10b0a06,411553856
3929df6d73b3ba01bc018476,456539840
ce44699aeddaeb77f23c9b9c,1322178944
3cd3537b5f9475657060cae8,1329896832
4520ceed2e5fe3458850a805,1271330304
00dea98fbfbfeae74c513bb6,1165986560
16da41b1128c039ff8f83919,528435936
111d509185303ed970d710c7,1131186304
83ad1ce7ef6d70842ec986f2,678228928
74f8ffe35e8d3bc9be725d7a,441610592
f5e7ab7c2edf566fa22501b9,1140523904
2e1f3fb2323fa16150f8bc88,626613312
f8bf37a8f81a310e299385a5,590378112
7b71229680a50bc26677a427,581538112
1f7daef9ba898c4d8ac1c81b,572487936
415b68c7a5cfb073676c443b,361880736
856559e93205dd1561d8ada3,553336256
6d534e4baa1740d7839664eb,638657408
9ea78159ad117bd9c0b04291,634438272
38faca2d6e338d328428f986,441835776
fcc6c3c10bb52776accaf06f,859636032
9120f0e5a6f505a2553bfd58,1153434368
583a8d8c5d7fa63125f62155,841842432
3d04304c8644c81114c36f98,734444544
21fcb5c7e497f0580b820379,1282616704
6542b39cc8d2d13dc828772d,1121197696
091f6342ad934f4e7f84045d,1228859136
fe8305e287f6a8e7899c9459,722611968
d4492ffc4aaa4ca9c4dd2357,761780096
319b9accf9980ef2ef81099b,929256064
fa84c07cc90e2a2058b57c9e,621395008
c4749eb8f59cca469236df01,602633344
b8a5928cf1f7e704e9933bed,837135488
c2ffdd10fe424afa1b09f31d,851805504
f221dd5d745def063eeb7258,846599296
319ba1ec06c9b6ca6990f4c1,1410650240
29e7796eabea247af4e8a0f7,732076608
ddbca69ad74877086c4110e6,940702144
c858f0f3f5594e7bb0f3b6a4,1413928960
88ae3f4a8ef76675c66e925f,1425385856
27e0810a702796d97878c34c,749409088
7450139ad1b39b2a380472fa,954804672
35ae7661d8191507cf9e7cdf,717350912
93b8ea95ca1c1ff3881d91d2,482430304
8e4709859d50a75dd08b03e5,1013284736
7026113e0cd7b2d17f8a3459,817808576
9af956dd8d83bc715592b97a,641867776
df10ecb67d79e645f77a90a6,900056256
14feeb619f409386e6eaeda5,409355296
1a6b9a6d92ec5e905ac97cce,684141696
057585ba19d6144408d4e2da,394855488
72699647b590d11ed9b2f2e8,414622112
cbc99d6202cd3a31e1c14a16,512220608
ce1d63bc4411a615b816a76c,806020736
04f0fd25e2456759753bd2bc,735864704
8c0154eb5be437746213aec8,1366127232
e23017438478050a655f6d67,816726592
8f0b6d6dd914911c7e90d302,1083097216
4b38595746dcb78fbb459781,806200768
95aebb36dc0b4ea86db49492,1115572608
f900f7a9c5e2ea51689e8992,1296930048
3fa0d9e247f28968a5bf8476,678030656
1240f50cf2d8ef1d8713e671,420406848
14a55e5887af840860b41ddf,625773120
3ffefb3f453c54585fa6ef22,568579776
c3b357d17afd631df02dc39a,737737024
a15aced0fffc97e219f99545,514292256
cf707785919dbb92cfc7b5f6,949821056
70ebbf6a402f0f707b893979,896791808
aefb3cb6ad2de9ffa90b9534,686860480
b2809471a0164e3d41b8fa60,1197739008
6d11001f164d81734a82ec1d,599683008
ad71acd782a4fce4d9af04be,789192384
ca86f53a857c23b15eef428a,999021376
580452a616b4f5170eb628d0,1032394176
7dc609a3c7a3ab1f9a3146e6,664413632
e8fc9a1fd4b39f946b914398,692123648
0d3bc6532812ea618d154bdc,1172040192
1ee436f045a0662037f9d2cf,932988352
8697b1d337145af0ef8e4619,1287597824
9a08127164a0bb61cefb3680,659792384
e08e1f260e5c3231c49e5a96,426634784
b96502e30fecdfae7796f1d6,735543296
a0b178016cd26a1d2072e7fc,447510528
5e3d7da3cfe55ad1fe609579,1230833280
30f77637dd52e728efaddd6d,1405522816
2202c5c9a16b771d1e242c18,935564736
3dc8277f29d0a2406fa25ce1,1002792512
a0f86ac00934b57d85b44dde,804089344
9168a08b1fac4c5448626ff0,755601152
cec8daf847f52cb2845a9f58,1030939328
ab7559b75b340275587e50b7,1547701376
a392f7f9ace844d712ab2b4a,1158585600
dd21c6799a32ce6ef27f5281,580440896
275ec6bd936600c7eceac599,1321490176
978195f1745ab7e3d69e1f50,1202273792
0e3f82238c54e85ca4229977,864779008
bc168cfefe964762cdf8755b,747067072
d22d5776b6305308c9e774d7,670207808
94d3fe901550dd4ba77ffbaf,1224614400
63717ed97f95e32b2ca321f3,1128303744
a7df0496d6ce217fadfad10d,1143731840
51a696388218fc2e412f8806,717380800
a918c218ff761315988c6335,889726144
d3609eabe59175fcb4441ac2,1413491456
8af2e264b801b3e155e52be8,1057744576
76e4ebad138d50c690f0aec1,621232256
9a9553eb431458a3e30fc672,1233794432
117f37774a78d65f9e68f906,507072544
0c8b133effcdbcd49d52add5,966071296
5e8b2528c1c0a5c12a476919,962561984
38d6842c2807d54f386bdb5c,1021528768
55f747145222c070fdd50175,957430208
ca7d715827b39c417e5b75ad,602238720
b219848e66fb065d4d2441bc,1011260736
a04d3f4eb8810a346fd29ab5,1351885440
0b06da0ceff947975cf8951e,1087430656
3f35c44229ba13940d8a705d,1012223680
8bdebb8914fbcaad625b1764,465698496
f4635193372f669612744011,1152258304
611a369172eb6e3e2e4bdbfb,1189144832
6689af92cae5d7c9c3e2f215,1505919488
e382002b0685aabb01891743,602045632
edbb6dd10f8c9e7596368225,648344896
89b0592a715c9e135967f947,684209664
a67c6f6400a176e0a07d6772,982277696
5c6e6dae74e39d33621c7119,1457684736
0e1c100d8e57de8296363d6f,649186432
e2e639b53456889ab5350ba0,804255488
93acd9176ff299221e0d2152,839396864
cb482d76b3b4904c595f2dc1,591113280
a0e15809e0a284fde27b16ee,1100559488
9a958690c3947f5a8f05cc80,1287269504
889bd77c8271961a6e4925ea,867520000
dc082fe46a714afd43b9dc19,571196288
99f8eedcdc31cc0ff6fda7a6,733253504
dfa744f733abef97d82dbb32,619496512
d50b80d68eb3b928e4bb4317,741266816
a58acad50184e66794d8d704,778140992
52871480f7bdf5ac3d785630,831107712
8b083d7ac086f52fd2942a82,589816576
301ce25214ddb4b5144373ef,1204508544
6d76a22793aa9b571da64572,954386240
d7c48db0385bdbf7ecb7088f,1542807552
874e2c6f3e9f90db80d243d0,560832448
249667af8d0835c9830e2b37,682084416
75d3c9e0da9a24f4849f2078,498222272
9e45b127ea0303f973bac9d1,712102976
daa0be53e7a1d7ff76f32955,1092013696
bf7463534babd284da6ca671,587596672
0283890ab76b10547b27e634,732783296
5fd213a5236154ae5206c372,943328576
317e95fad7d399673719537e,771869952
fb14ddcaa459b49a3b30eb3a,1101644672
4cb5e4aa83c476a5b71d77ce,1014400832
f54d358d26af89636906f686,1361425024
f002603a6990ec405d82cc47,1070217664
e3b7dc4e8990f3cd436bf738,693601728
97c799300453ab511bd06361,811305472
3c1ee7e502c6bfb20873b47c,967142080
cf7741583fc5315ba70b70f1,938044288
36a0a1f0432c954604825b6e,710556288
9836bf9b64f27104c7863b79,695162048
68a3f9ac977f56cd39a6a1b9,1167653120
b676ed2d0af6807cc2b28ac8,1387308928
430112bf4fa9324f0149a879,582931712
fa00e05d83ee890a38c3a686,950165440
7d503f126b5863fa0626d4bb,994463424
ec03a01c961659f2cfd9c973,651425728
6a112af84d5a81f3d16dfc32,849032320
4c5d3dd8802acb9ee22ab912,849179136
d029158b36963961fdcc3974,1235865856
c2071e85fbffa3d2c2168319,708039744
60a04215bee81d26f20cf0c3,655368064
6d4a961e099de1939adc6496,1160789632
2383b8bc2cd3d307caba34ba,649494016
d9357452fcd193b6c5284bc8,927595072
863f8f2aeda01a9fea1cb3e0,890490176
d1a6132098a4bd640321c7d3,574189952
6edd2530070918074c8e7d07,824371328
1cfe7df5431f3dc6a9289551,1148197120
c617d1f15d294f0b0aea8ed8,743231104
bbdd78a7ed332e679c8e526b,563614272
45969f25857aa7263927b400,909403904
cdacddfdb6ce41a3eb752496,627286272
3f87d08afecc4aba03587848,1049934400
f21d2c0802e3858d493c1984,1079313536
660f3f9ed9a72d8875a9efcd,756058944
04e29dbe2175919265c82463,1008210240
e4082fa99f92fc7a89092fff,807442688
05402dd344c77623fa053ffa,676242496
c5f7f0323f554a7419f78359,744504256
501193fb57014ffbd7bf218f,981064832
0922cc27581d9058e55a2239,423133984
4dcaaac494053749f30875fa,881948608
506763d35b04358fb0e967ff,556643776
8c40078231bf7af2f3a06457,675638528
53e14e867f8b02c6043ae02a,436910400
2364014bfd851a68a824d1da,924280128
f788ac4a8b2a6dc11c458c90,760314432
093c849ad2bea8292c4d15f9,1124673536
71a8b68f38fccf71a229df76,793130176
ebacfa0a8e569ab603cccd11,381538848
c963faee3ac527dfab08f61c,591224960
ce3deac5963eeb96826c14f1,690367936
5607cef08511dbbf3288a5bd,583549056
8a9e6d0839f9fabad2fc3214,765364928
ff03a8cc833d067d439b9903,817738368
d3e119e8fa4d96abaa8c43c2,725223040
25b893f6073bd66258a9cf03,747532288
0d70ceba3aea278cb4a2082a,1105640960
07f9017eb4b8c169eb9de536,1095568768
7cad62cfb4fc3ad9acb09f1f,530607360
41d174db6f695472063ceef3,608626304
4ecf579a5d5e70d3b4314ef7,868980160
41df29e27c0bbb52aa8ffe49,992559296
cd77cb445eb0f72df89b9fb7,642225344
65766c8572b629744f00b45c,702906048
946eb4523f76bb23d0348309,943656192
453202a234f5b370ae9e586f,802443776
4e1b5798dcbed1842f260b17,675343872
f1cb3c0b97ae1c6819fb86e0,977869888
24a89527a6744456750baf54,869545216
a281d59b685eda4978e0c84c,939853440
6cc9d912370da36c38ac2cbc,853012864
10563c278e7ce8eb2066d398,943458432
a1b0b8d18cd78b7cd555dd55,1102235648
3cf9282136fad24af0f7ebb1,763729664
077659c14c3cebbe192f8247,1059106944
c372834e8e7a4279f861aa4c,416609824
29daf0d5008fa9e3f0f30132,406912512
08e1ad8d1f0be0287a395ef6,550464064
19c07fc2b01a0edec4784e64,646520256
c2b5216a8050ea0fe4008f59,1065152896
29cc054742b256e6fbc6da1c,653033472
755a3e09dba04bb6ba6c9851,815680512
c98157c582392cb895071f28,673719424
84f47e531a916b7f7dc1f1b3,849445760
231688922448e4d64622120e,689766016
9c7c68df14c238ce0b497dd2,1327008384
d5e29042106130114cf3694c,213805568
08d4fa42a34c74c94db5080b,950614528
e89fbcbd4d3414e30c30fc29,867731520
22af7bb676cb4c9ffe014506,601525888
b20d6ca58e91ae70b6e0a1a5,1294121600
5c372bd1e01f3243256e27ca,584878592
1242d7e61857ba8ad285b6f4,1061810944
196ac46f656726bcb8087ba9,820396032
ae513b65e06b69e1ff2ad8ec,385513664
bb26b45df6a70b6414958912,385513664
9425283b41165156aacfd43b,584502208
689b510fa99bda54284cfe7e,1128685568
c57d333e383039db0fcd2620,1089461888
86e98ed0bd2565b661b81ef4,834320064
0e694269bbff1e45395190d6,1094678144
6511180e3128e083bbbb6940,1020365568
59b271bf9e2d29ed35352f5e,385513664
a4c324b1353d2f7ea3ae9727,385513664
193ff8d291a9f163a4f3301b,747404864
8ee4a7cef562d388b8444c29,385513664
53bdf5c3cd800459acca551c,409433728
35ef99962cd5984ca87bd326,518751904
dc33d5ffcd2aa2b7d56d2ad3,666157248
05c47739fa4c4f00285a2c48,934415680
a51d415712d8d6c8add7009b,711742272
71493c81121558b8ba18c1c8,385513664
853a14b680761098d4bf6136,830010432
c9d5c08973c493f3acdef892,341594592
7dcbeb0aef2e2cac0d73315a,621232256
ae5a4da0000f79f12142e2a7,1178713984
1f6050fd5261a2d21d5a178e,569340352
e3f39c6e4a41fbdc4bc30e0f,963932288
9d157878dbb41c14b52a956f,651694336
e1fdbdecc84b991f582a2e00,414113376
3a26efe201689493724ba464,735543296
6670cde3fbc11c263c6c3163,980781184
780ae52ac9eae675f6fdb312,523392832
24f22d76b86498d5c3563288,525336544
fda25a0b6b9f62f92e3ea6b8,799109120
678ba0c80536dd27e385b31f,423616608
ba0d0663943a118228fd12bf,580048192
81ba4b47e9222c15c4102992,553996288
d9ec26c1c3e1811e38f070b2,599463360
aa850af0c6203104e6ed02fa,510016288
c697ec00214cad882d5e9812,727235904
4b193d78ea6e3740bf37b36a,715352832
08c61259a756e617d976e8b8,663225280
c1c1dc8df6996a94ef3c7d33,470687872
3fdfa23ac43d1df0503ccf1e,1001829696
bd4526ea5b404df442892788,676483520
1062419f9cf94418ba88b6b8,526684480
1102f91444b8e1abb636f1bc,900859968
b96b4bf38bdbd61d4dd0bde5,1021528768
45ee2db87e9ca0a1a9faf050,837711424
556cb23459a9007127b3ad46,718919040
a613b18945052b4576595c4c,1040935808
fce385656705a8f4389cbb6a,957430208
bdac560af3e155db33d13d57,810020672
fedc2418db2353b7c97a260d,1082494848
4565bcc95c54bf0c8d376eb0,1145130880
5fc559104e0ba1112ce00f5d,1442557440
74fdeb4c56b29662f13aa8ca,1271600768
fbaf74ce4c2c6e88950d3fdb,1320466688
5de0f045039122af0052c544,737737024
e18337bbdfb106a3f1739960,785299008
e1b9ae3e0ce3da16f18e1079,920505280
a57435d71ccc5f032baee302,777297152
fc5e8e45dd0a338ab5835428,582154816
918bec54bd7587daafff66e9,1031188480
86137b9624049333f7e0315a,744592768
0fca6767d8f442da1f8bc6d2,540510976
3ea5478270517f299b20bd06,663058368
dfff73eccd591bb26453eec5,664194176
e2dad5c148ecc797018439b3,1044896640
b5a62d480bc544f891fd8521,824435136
cb09a84a1d7b929607d01ee5,791605056
af067a8546e1177eefe24916,500616320
d6f9abcb58befa3d05373a72,1051691520
ec2f16aabd36fd9ee2203276,1362552320
dcafab7adc7b763bb934496b,759813824
ede43dcb1715b959ba34a37d,943157952
40dd67aeb6e9979211c9345d,800450496
31f630c44db4be5360a57640,1024631744
ee8651631861c1b94283a953,1119383808
b7d245742eef110adc91b5fa,863118400
ffc49242bb0edf3e22076501,893323136
5c5963c17bafef1a1bfd5e03,1133071616
6c589b7e6a3cfad34e98bd87,929737472
71ab3644da08b8cb0a0b34b3,1192103168
aa668782ae5d0c16e57193fe,1080438016
46673c69814a0b3f25818dee,1156486400
b2a417a8d2440f9124fd2ee8,1048383872
3e0ccd899ad73579898fe73c,1360131456
e6f2c7d7317fd433e26878e4,1373407744
2d91b3a8c62b890fd246183c,1175200512
fa653848d69ce620a41a73ac,1031264576
3b6c94e3e3684eac73b3e7f6,1266484352
a6a07d35b3834bc6f81beb6d,1343757824
a39617b7adfeb6ae7d5ee5f0,1442005760
95e5e774dac6f0159e8afc0d,892629120
995362e3fea8e54538ac135c,788218304
42525c57e13abbfafe9bb395,1209566208
1ae6fd60628e7d186a5e0174,779525568
082293a465231208059c5d53,779525568
732615f6d1526ec9bd519eda,536605408
99e9c4f8fd7fb7929da10a20,655683136
1a75e436fc23e7f48e639b9c,536605408
54cdeb67ca9ea56205e4e533,1011415872
c412ab869616d6576cbb8309,816514624
b17840ce59c9d9619b46534d,661288192
a14f071d8e5c338d9ebed23c,524311840
84d8504f0e860b0760c3592d,772183616
a3d03a25f84f4d50d2a308b0,737265536
bcdcce01d86d648c4502d42f,550464064
33379968a83c8a90c23e77dc,584502208
ecc36a3a4610829ee3f88993,385513664
f4eca80958b7a22922b0efa1,385513664
3b4ce006ef95420847da20b9,385513664
4fb644a95cc04f7bc6cda786,385513664
f8fad48343ee5134dbae918f,385513664
6e8e08e09da8dc598b8a8b2b,385513664
56ff1f7e81fda0c8491c354d,385513664
444f102b4d54503044154ff5,385513664
e0eae2174807cc7ada38c726,582931712
afde90f91b01b0282bb94335,649494016
1d35c364daa0f021ef263c60,563614272
8c47395a28f8177923d7b75b,586541696
98c98982020ba42198aeb45d,765364928
ff424474d2d10a2c2a1c1892,627286272
971a322e9087b67650689ea0,1079313536
45a7517c4d29f5bc7787dedf,655368064
74a51274abc8358d628ecfe4,849179136
11dc32d92ac579720303c019,1014641536
4c25d939eb3ec218403dc4ce,950165440
55597a7b8637f24198415ed8,834320064
eb7173223a27076d16b87f33,981064832
709d17b62bc95253601f243c,1235865856
fdcf0e439ae8b2ff5730680d,676242496
2524e62e917e8a1aec5c9c26,992559296
ba601c13d20602c988d57246,867731520
397a7d1cfb809e34797f2bb4,760314432
b54d3ce25f3f03cf3fa0127f,436910400
d51bcf03d649839ca803c357,679745664
e9fac47a0f02f27abc96d568,962597184
a52bd93aa6b0d965914f1101,824371328
16601a92574531c1fd57a359,666157248
0e64230b70f4a227b444115e,1008210240
ba2118c330e19baf4f3ecf94,1014400832
055e29f236bb61603d4ce9eb,1102235648
7c5c0f2d9a0e355069fe1c64,725223040
e781547cf6f8cb4ec0742b5c,763729664
8caab74ced535ec5e75acdfd,409433728
9d64345229b60ad1853d94ce,518751904
d128186867f91603af4fa481,817738368
f8fb6d1b0dafc28920393dab,817738368
33b92225cef255b0e4b4edf9,760394048
7eb78d4dea434674a230caa6,943458432
833bd3c8ef9d4da2f304a94a,1105640960
331f0957d55d7f03df7fdc4b,1061810944
cee124f4b9031f59c4fbef47,1322704512
8a9663cb622a55f2a1a8e3b4,1327008384
25d4a0ec9301ba5d53deb780,743231104
38d4b1837c595b6d9a23e994,881948608
a21923caba05da05449d60f6,756058944
63cff4b5ebb2b6528ad34cd6,771869952
948c392520e1cb3a030ce86c,924280128
b2e7fd7bcd93309664cd225e,711742272
9d6be7123f2c6e610971374e,927595072
3676e34e4824101f3fd9aa2c,556643776
f849ad486e84a82190675b89,1128685568
2fb8b2990751692b8ef1ab6e,744504256
5155f70c7f8978e487e71479,909403904
4f076c220dad47bd9bf248a6,1089461888
480041bbef3a540df2a36ea2,735589952
4ca66e564ed478d06c471357,708039744
454e4126257189bcce9b681b,848134144
10ce9c7a0a58aad19778e5f2,849032320
dfe8e2542755d41d920e28b8,633145024
5115b0da9c95559dcee9e58d,1067418048
8a0053376ffdc75d0bdde77a,1195582336
5688288ee38f1a69894ac77a,926186432
1fe514ada76363511cc79105,1081920000
885a312d9a5bfa8a8db5279a,627876480
c716d4dfb5a3c2e1120bd84f,857068736
689aafdc12fd1610c2393a6c,821832320
c0c4ecc8d3aefc53c4c06a38,789191616
30091c32a5046d563597bbf4,724788224
2e58c9b6fbe9c57c83bc0aed,1086976384
3f7c5d8304fc650bf97247ee,1101299456
56334a9db3ccc24faf138edf,676482752
6d0680692396c07afc1a260c,896809920
9e07dd563b6ff4572f5d9031,1353715968
1278c9fd86258bcb435e7127,821756352
acf0f98cd8f8c8ce06f30ab9,1228206976
5e3785bd517f4faa2bcf43d6,1161903744
cfc61dd41ee5f5dcb76bacfc,564444352
2f171883b97d9c02b90f93a9,385878144
46aa67b5e0abe39dae442d76,385878144
50cb49d65d04a5d166f96e3c,714568512
06c1673c4a7444e7aa80abb7,671824512
53881f29c7a6bef0ab537466,662644160
2b028932adc74c961170a4ce,553726464
f3a1bbe01d265470a2d7332a,354286304
b42d5b5b38686929eadd56d9,574655296
bafc63f23f097c24d36c76fd,635175616
f164514211012e3a1686b148,454640768
82b90288bffe8c1c0b5a1259,584133056
2fe64bad1bc8a43fedfe0700,766363840
da5b958667b31f4f9a1d84a9,735643584
b3bc9a04a3ebc1b911326735,1155590272
9ff3acb07666d53f00d1f1db,843297536
13a44ce5066ce00846b59ae3,1196238848
bb45c98dbab56e5abe20ac0d,767007360
f88bade1cb7ee0fa643f31ad,641431040
e9ab6916a79b4d5182d33bf5,1083888896
144162ecfcba71bf09048dae,952070912
19466034c2ce19c24a179fe6,676999040
3787f6da3e961c0e10d30e6d,1040667456
908330b0d2651093c0bb6719,823949504
66b7baef9c6c3c7ad24636e1,928044608
69cb0f3d422c2c78373c2e0c,872035136
1e866483995b30ec7f79d9e8,575955136
866f2a55f42cf30c4105631b,575955136
fede7e1a7a6f23338af6f40e,1031891648
7447156f2967391975d335f0,676999040
08451af5a81fd6a63c4012cd,780908544
f63608198bfcc858abe1ab0a,764698752
e9a0dff7ae48bd3fa2ecfcfc,755807744
cc97f62e2fb9d3e31ef1c00f,806203904
ed40f198ace8a4405cce7a1a,843455872
bf17b59bf2ac2d06894bd786,931878400
e118b149654cca1c0b3a58a2,1066994496
7f9bdd2157f6c3d488c77ddf,1069300608
9350225547486ad75c0b5ab3,1005634048
d1166776fca47427c77fa8e1,976499136
f719b387fac4f688b57dc646,1430062208
6ce8991a39ec7b9883f85000,1486590848
353743db4334fee80ac08d0b,1049770368
372a3934e8179422b5cf5729,957747648
81516aa72c98ded9223db098,825205888
9e80db4c35139bbb18775644,1090639232
12ed2c22a923c840ef616a3c,1220462080
7bc57b136bcec053cbd073f3,1051232448
77a06084509952c6cfe8f501,707371200
73578b4214e2eca83b1e70ac,891658688
527e571030a7d8fbbf1a41c4,1006881408
961baf163a07179bceba67a2,1025761920
76b41682fa6953a3b20d3f27,1108134528
cceb25e83ecf22252aa92d2e,1138178944
210ff5d4404ee8578a5ecf9f,693389952
398274b1c46fd88151420c6e,353747552
5b328b80dd844db2e946302b,575198208
4195fdfe50e42e9981fa2f4f,898026816
2d4031f171f965d7dbce0ef6,931548800
fc1b713d5605b0030421d5a2,1178383744
cf6092df1f22a7c4b8ff9d50,831281472
8dbdd7c8971a514eb7cb4d3f,1256158848
c197faa8bdbd51c075a6d3bc,1006167296
1985a2a5c3b2b0c7eca22afe,792773248
92a1a8b617b6d2c3669167a6,627655360
2a330fdcebb247d6a6fdea23,1051960768
c3dd975d0aed59a65a784e47,974365184
608a2339d558a6cea9478756,1283908864
c0ccf6d535d1316e37e1024e,1057583424
229a7640d41a8b8d6d2f8f83,1230836736
e3950ce025371da2b4ad9db6,870197568
a7e41393473834db30f2c1da,851323776
7dcd1597e11f83093cbfd7a5,1091184640
71235a69058912dec1d355a0,1355175296
349602317da0e456d88fe24f,1014241728
ddccad3e5a4eaf791ce3a7c9,682263232
776d7d1326576f07762ab3c7,1252134912
1b88c06bb3c1bc2bb39d1b86,749239808
1c5c4f4c731545aa3388c554,714097984
aaa67089a753d255215c15be,921430144
d6d5717a4b7e2edaef162b6a,749497344
0ba20e953e8e76add161cd6c,385146880
13c39860029403ea94b5439a,1287597824
d5436eeef04e1a8e51a38912,368013120
21f00ad1214253dd5bb97817,1336330624
5a3119efc021fd0f102ab958,568822848
331c515e7f0dbb4460810999,594880832
9e360588b18cb15aec3b6609,690032384
a7cc7d2ceedf4d69664dc734,484650208
4e78cffaea2008f3919ba0ae,618581440
452e0518f7164287e47e6354,758352832
74286242739391c4eaecefbe,672065216
df06b65985649c7107b794a4,318249184
b6a21387674a509514fa5518,1078294272
6752fcf8f1af18d61124e32c,589054656
a7e40088cf53acfc65f4b3f5,1151199360
61b9307a25be3119effbd0d2,469332000
3061729865dd2d68858600b1,488065376
ad38d5660b6f1eef23b76039,632291328
1d493f3954b15e84c41afc82,413935488
57744cb947a923584fc6bcc4,615471168
16f60cac352cc0d668d226d0,676607104
accf7bdeeff29ec7a209c509,413112448
a694b9ab05641a6325764e63,781908800
bdeddd3f84cb0ffdd1fc27bd,632536448
de9ab30042562789601833f6,648216320
1a95522f43288e32addff2ba,346460384
3cc722d5c764ac261611c2b0,487972320
aba85a8a7ea2def1fdd18587,588598912
b272c1025cf5c1e1df47042c,663330048
5c449356b8b2d7e0928cce59,754673472
a56d3b5bc13c9849cf676750,804759424
942c934c0d41ab822d60c795,517018368
b0fe09d086490092f1690fc2,725920640
7abc8a11d3d6c905de3f567e,688209600
16716773b2a43df0332622bb,541577216
98fdd3fc6c9447d0f05eb1c0,497487136
a59f39373ee368259b441de6,435592992
cb778195c5d61a7c4185424c,1101915264
c0277899d5f185cc78fc4a79,726265408
44effc9574c74ea4ad98ede4,700267904
e2d00e4fd93a02ea81895355,743005056
ab405cd390c0681c3c67836e,694703360
86db204f7ef6e0e0e6687246,721164032
97b791fd94b2339ba115a75a,914790336
3897d9b5fe3a0cfaed7c18a6,578527744
ce206b82f2de3793156baadd,724162112
2c924b9d45667f7168bae6ee,953025088
358eb586d9649d20dca9bfcd,833887936
71b1fe15c5bffb750c99f648,694110016
eca500b92ff96f10ccd45e54,705794304
7b63445c5e1ce95bd12c31ee,708677120
97d64459dfb368b1f6067ab2,757120640
1b09874d5a3e4c9e0d544198,883598784
54fb79bb019bfd10e5481ec9,816445760
b3b63d292523ce0a925b871c,773153472
09759befd8899fc1e359935f,818351744
62e0110b1c8dda16cc7da89c,830188288
d98ba43504fb49a4f0bd9c05,1067562816
48815b454dfb64fe60e2cde4,737830208
40a65310ce666e80a9611d4c,872824448
a8c5674b5d110d99a1e097af,667314368
ee9e7dcede0ffc20442b4407,943385088
9e858250fcb7320b65bed9c7,1158958208
bc76b078832a3a81b6d637f8,984220160
b06d3ee14ccf3d46fe2431fb,649804096
87332a7e03cb851342667b98,875244480
faa37a79a1d72e4b8b0c80a6,875244480
0821109831351eb2501e362b,1167438848
8d01d6561223272181235c69,783189120
a0f1c94cd34fcba92f59a59a,880929792
f6a5c88d1bca87c1e89d8084,1109600768
55118881731616058c929b1a,1239755520
bed1fbafde11c156b655e04f,832300160
819d2a7c3330480b7217577d,1093105024
e1967b56ab8ecd035bf39534,568999424
08d0615cff29645ee70e20e9,1273173504
2e8af16a155fe18c8c6730a2,1089732736
882e8e77fa1a71288f6b61cf,1158304000
7930bb0822caea5f6451bfa6,1144306432
993a18ae04d78d374f854262,1416480384
e5527bb25c85988e00da339d,1233741568
07bd45129563bd2fd974deeb,673558976
83727953ecffc17bed632d94,640045632
2e2d3f42f4f8369733b3bcb9,735670912
3b23a71bf40e800a66bdeab2,459213600
894f346e0ad39c57fc0f369f,1057612096
d1fcd31555048d043cf084be,948005824
8d48f73816b248d1166a09db,795000832
32d5a20c542a8194a6aae965,793406848
53870de54350a8cd7c13f014,788812160
31cdb68dc6476128c4bb2f5c,1145107840
4be6d93d8ae1375156444f05,580443840
33a7f6aebc3e2d480d287199,1194374784
e1e188d3f9940f9dad98488c,1154911104
76167f6ca3d2c404104b77fd,926467264
9297c340db8a74e10dbba148,754845760
0e001ee8f27e1a2fffaa0225,1045795264
ae3868ac8c44128b8a955829,710710080
bcbd20cfc50e2f032b174b56,667374208
253560c855216bd9eb102595,665338880
c9c769e7ccc99016f61269d0,696633792
7c07ba1982289ca3abcbece3,548110016
c5c024d11b3ebb2cd088bf6a,1002847936
f0a8fb06fcdf8997bcdcb03d,951933248
806f9ab2a016e774689ce2b9,371946592
4491bda913188aad3c66ef20,786479488
0c37c0d27631960f9e0fda1d,864859968
b50b45bda0905a116f238c1d,777841792
f0f8e755058d48542b9cc4e3,836396416
b3005057f48c1794b7974f4f,830928256
e1e5b0bd721a67318a3848ed,469697472
d96155b72c02bfa04f7ea98f,804860416
3825ce5030d951ef0fc2f7c5,655921472
99587dcb4237fe90acb15b5e,566799040
452ae373210337b8008ea2a3,1108125952
09ae7df5577582ce7e7b0aa7,513339168
b98967876009fab4290736f1,938441600
24a4a43ae4c687bda1066227,1188225792
c509f2036a11b7132c633d2a,903622016
bda914dbacd42b2b7c6c5179,710346816
5a681060eeb2fc8f1b3261da,726331200
016bb199b12846ccb0b03191,780669760
ba94676bc0385678ce3780a3,574950336
b2183e5bca67574df7d5985b,475049536
baae43ea29f7e419bbecf998,727381568
ff1a7adf260e637bf316812f,629249216
8e56b5dbc4cf628ac12e5bef,1492916864
c8941b8d7626f7b33628158f,1321930368
d504ed869ece1b1d6e724452,550920832
1acb5576ccae1f0534f614df,714639744
ff228869121d053ca7bbe431,1036532224
ee4dea05e93581750d613c59,749497344
5d507cdfb7c233cf96dc6a83,675210816
faae4324336f1211ce4c7809,684097280
9a8e471c8f4488c3799483ba,419321888
d040e15e50d655f4d19bff54,436948416
efc7e89ddf3de559154d8e0c,1436721152
e91598736dbb7319952f0dfc,1013058752
4046ebeeb7ab85affcfe337c,905782848
d12059af22bc7d6ff170430f,1023296896
99d39d72083d7485e8944a3e,521974912
b9ab2dcd8d1855e4bdd540c4,1115133952
97106114a8d353ffebbd07b7,917979776
d5c950db90c92be5fe753189,815828672
119833a13f3f7df22d2b270a,653074752
b2078743e33e1acc49c2d2ca,1069300864
fb9371f86ca6f4e62ae374c3,623290432
6a39a747417143f0cd24f3bd,1506623872
7bc0c9e2760e4b1488522768,1549808128
3898683e5d24bab9eea24d30,925115200
be0e466ca7d6942282c8626d,724098752
2d65980024ded46854c25260,1129393408
87aa28825a5b8ffbac5f2e2f,789598208
918b0d900ead8267aab4cdf7,669021696
0c85506b301862fb58b467cb,653091904
4bd031478b15017efd41b2bf,934899776
48bee96c1f65b8e283d67483,685927296
7618cb8d215425c931f47886,608785984
a7a219e7cd18f3c4b83649e0,593128064
9d3f5b59b9735da05588b3d5,536456992
6ac5f5f52cfeed2f0ac9d018,669974528
d885902c923752eab7b619e5,163815344
b183e2562cc4816244ce0e1e,751280768
88622b66e6c47cc62c3824c1,923327808
01230eede2a4a74ec4ee5105,733733952
060451a9e3e0416ff41d253d,824367296
3ca0e7723afebbf53e390297,1058465920
e2ecbfaacf11ed16fd71abcd,675652288
1f0d83013ea5e4c3f4beb583,876373440
450c4eff7e37a271fc24ce3b,768819904
a70d331be751cdc3bd0aab29,407132352
41ac76d4fa450fe0c377a0e5,375255200
2ef8a530db816223dcf474a1,737265536
d09c1af87ddad4ad11b82626,490010656
35b1cd8020e7efbb9ba5adde,868980160
6714f846f2fa3527641ad96c,762172928
4cd5338bcf246ebf263baa35,666509056
0878a639ab8e6b6e69a3df41,870090944
f4c118396d781c140d8c9b08,457456736
27151512d4b592014137ac1f,756659072
8e5123f5ef1da66571ccb600,1547701376
c491a13a87fa1ef595b35826,883633792
52d6c4bcb442eebdab338116,1247724160
e23d93ade25e73614d7bcd77,1357860224
43059ceabe98412315566838,1504876800
93b7fc7c4f07a7f117e687a4,857938112
09caddf25db3ac8e1a98565b,1050185088
e3034ebf243b024cbef83cc9,959883712
63cc884a9c5c888de176461a,1034884288
069fb1f8d0f06ac2fee87314,740113664
059aaea3859c4b9662ab4df8,602149184
148b157ece514d99be0a7f93,592122240
9c4f397c093dde7de5d485cb,1177877504
e28d8dac5c1c75d295a9eb3f,602149184
a804849802cc0820d25f955b,602149184
fc43df7f26644fa464ecb090,446977920
608b26adceba64d9ebc5486d,602149184
be8bbf40db0dde8ed4cf338c,602149184
d255f73d4066fe559065266f,526668320
c552cfa8e6b8c8be2c963ae8,686152000
5ee020d4adc767b3b16fffdb,678505152
2a01945c2ce528c02b391c61,839247104
dd7ee555ce0b2d58dbd8a9ea,404290880
a732aefa7ea4715325e9e80e,498387744
c6faa40acaccc1603c29df96,446977920
fd8caba10cd4d1df27605358,430081056
788c49c17df556bce0abf6ce,797027648
2d0d803cdbeaec6e2626eebb,767490752
0872074f7bd512dbd4609c85,738512896
3f97341f90b11e6a7a7f7c2c,814339520
2bfa301ea435f929e6c0d1ba,683122880
1d029020622a600aad4c2991,668979904
8a100bd7f5da66664a2680e8,591485696
1441a28c376a20c90d72cfac,510016288
495eeef459e80680720a0ec8,726554752
df81d07cc6e8fb0a01c0f404,610683712
e23ae41983b9f112f05bb703,796191872
a2ba273b099221390bee92a9,498561760
63dfd58a5c43cc7c0a468209,614430720
27aa789e29e52ef8d78b9bf5,1294965376
fbd613ac06b6bf20d76822db,482806432
2a805135d8030b614d9df9aa,1050033536
22c9b57a67cbef0920d09174,423784928
fb76da6072bea5801e407990,672430720
9050b1061469970ce28742a7,647511232
96f5db1dd0f36d1087172fcf,796140992
38cccc333e2c38bd608e1880,637082624
efede59a47d17737f90f4bcb,887642432
bca5301e6460eb859b7ef34a,509255872
a23a13e43f3e08ab82c6ef82,431323904
8437a42a8e7ebca46eb088cd,400586720
6e3cbc252c449fd4b758b97b,466890208
6cc6b0672aaccb8909f3a751,597862272
c60c2efec3c12959d86fe3c8,496571936
d0e45d520227ef8a1f53ba28,633880960
e45293f1e6ceb2fe79f6e0d5,573855616
4202dc3f8255586e1ccfff46,395286272
1d04d5450762d664fcfab674,1120521728
a3f969063f78dbd95e6ee795,823377280
2e3fc1d628f6727880d3d4e6,466890208
22ea31eadbd3a54216443137,614430720
6490a1eff73727bf62458b0c,610699584
49721aafec7123f6ff4d8010,852066176
bce608b4629b6c8512ea2fde,663225280
a7ba3ccc4831ae7e539f0cfa,658224896
959b2293af0ee4f7c9fea7c0,718430080
bbbf74a3abf9cd8718384a65,727235904
680a71ef7ec15bd919c06320,691319616
0bcdef6d56052acd2afad93d,642683392
1bb885a07f57936b919629b9,720940928
8a222af682e2d7796643ccf7,790947840
3370a48ec22302456c41ded9,715352832
46fb04e7578da5741f6da4b8,429778496
e9da7f2549d914aab6a30e10,257794832
10d0506d84d778da572ec635,659759808
966e8fc9af08e76f8b276245,732981952
0da2a849e0f83b17b006e50b,1041322176
f7101a05db93cbefd6a3b31f,404381696
b74fd7f7db38ec233c6ad71f,713555392
0d63e52a47fa884e36f10810,639092416
77fa49bcb52539888d481ab1,550973184
6f412fbb33519fdd31e741c4,528815488
6615da422a3864d415b28fe9,581514432
f258fdece395f0c4f4da6a96,884016512
c54c645c340f59dd5f47bea4,404536480
bdd287e9de82903f210878d6,690800128
e110abe74ba0ad062c9b575f,450817472
47e5ea8cb7f5ab6703803690,1052252032
e71c6f7437c633e2d9da643e,623674624
783161faf2e3501c38c0aaaa,647834176
5fc3de15eb0cd87be5ed2e6f,807587264
4066155e224520530ce985eb,688065920
7745863791b5cc6d49f84c8b,1139605888
aa7551be1b8d6278d38fbb00,1064611200
d654c9bbda61c4c0ee1ae2cc,549805568
d224080523a2bf2e81698d15,641031040
5f8d0a2ab1f9136de446528a,688887872
405fec98d5a3c8981173311c,531943456
2a9e77fd00aaaf773d130914,700115968
279b76adc4bc9f8dd86759b1,458953120
f815ec1a63e980717c9c3290,508513856
a8fc825e34bd9bd56ec5331f,720376064
248ed6abe6e528dedde951a3,1079382272
2bce6544d58b6970192a1838,461710048
352a76b301243d22d1b31f79,473480096
bb9991da696d6e1f13a32d0f,423057984
8e88e6cc55ca769e472aadfe,635114368
339ca7bc687766f517ab3274,385869760
93375efb2e74f4913d21d94f,371660192
17d7e6d321bb7394546e6b7b,423417504
0f601f5ee798174ea9d52caf,668720128
8ec8cac469f2448654312aaf,928621888
affb62139f02e524692ebc5b,839819328
c01199a4b2fbf0f6cbdf2a65,9.89e+08
4d1f49443787c874ba19f968,1037387456
035c61042b7dbc7ef888d1a7,1362552320
0fc7d98f75bc1c0b782a328e,1051691520
b1924a5697dfe829b5b8ad76,625173184
d0100c18dba3c334327b29e1,929324160
add1a20e8bba47aad2edec69,1343222784
fe8a78de9ba7b59a112e0046,716743424
b319d049a3a8e4a095940106,636269888
303dc73dc1130de9aa2f70f3,621886656
e471b2ef30c388893119a010,1324184576
9309d812688d0d2bdd33d830,789559936
fdb192e57e3e48f70a492b87,774403712
c514c9a35632e5a9c0476a31,876160960
3bee8a9981a1e9e13a05cafd,698722752
9c942287410db3d0739e182e,752128960
f59b9c03bcd4e0e06d23fb47,881505408
4c11f4ebc622483532c24a06,799374592
1f53612f7029a21e2e9f74e1,642541184
1f4b6eaf52fb940e666c1c93,977762240
dc65f0bafddf39c6c4b2c9f2,735589952
344823ba2777540ffa2a8fbc,1072946624
8cef9b18f20e9c5a32e7ccc9,1159856640
413d6e4fb772beff60f73e2b,778517376
15d3ae51558bfeef80b9e97b,911506880
b81c26f2ea6b66c8315d1146,1071378432
c3786f81345d39fd8b353da3,736768896
6c568d2287dcf12b2aacd388,697332480
e6482f3b6184515453d16bf2,1252819328
32c7b848ef60432d98f415c5,666211392
1689c3e3982382e27a4ae074,820598208
3d0cc51b7a2392f3be3b1666,433330880
1dbec7879e793ba9685741b4,817510080
82ff2a63a863c089ea90bb5d,814827392
3d9856c3ee0a4b5a833c69ab,860277376
6f293451319bae38c71b8266,443285536
dfc817b569fd71d2dd47e980,1485016448
c34d46d83e76f54d53cadcb2,631350400
e08ed8c82d05dc3cad8cd2c1,544081792
e21f2a8d9c641e45d442686a,1246563584
f1793973b462cdbffb1ad648,1127022336
b15bcd6248958d98867ea585,753345280
e640424f3b7d1db403c36ba0,787550912
658c0b009a09339a3f312145,889096512
f01fa45466e2730f935a4128,905837568
b4d69c7bc93efb3790eb1422,1132003840
c2242a77d30c0abbed667ce4,1156680832
39542105a7c46ded0cc373a7,949819392
13f42390057bd294cd787822,852420672
183d99d88d1e7d995180918c,766744192
60dd7dc49139e7816dd8b143,706825792
6d2ec752890a2f1c4094044d,1130577664
0e776964ba3733f3ac18a7a0,978920320
92369f73435d1ac3fa95f185,615650560
8db285eda04ca37b86dc9724,1085660544
a7b14faa46e7b73ee4e95ee6,740139968
010e676743f6afc01fd0838b,1365432960
987199d3a23c08ca887b301d,968457216
4fd8643e1c43ce9a0c18a19e,1003999232
4d0985935e1432b3916d45be,693610368
4623317e8c9044e314ccc4e8,752134016
ef8430c4d15e5887b8103bc3,1329653632
cd6ecb0f77acd93cc1c9038e,1016239104
b0962bfdb6a2c79a0ca84e48,787410176
7bf592c5c34bfe6a5df3dd40,826612480
9337becb0628955b47e45b98,1329653632
9ed0bcdb62b2223d716d40d3,837507776
4255eae670033d9c9e9a6e3c,784431360
c5346c37454ac2b13b92240e,1103560704
94fd4bb5f41087921ca12b58,598836608
ded674ba9c7b76cda404bac6,764585984
ce25e9fd3bce9b75050aef5d,1187276928
4e7d3cbe3c62123fa7e2d969,1121650944
dcf5b42ecb23800a458562e9,1268403456
0d53bfcecf0397ca27e5f78c,612122944
f4ecb15ef992a677e8b4fee7,802743744
46eeb8f186f86f7859274d4d,1155418880
b5a7d4288dc7a7868678b9e4,936052224
34f99327fe595ba6e32d89a1,784359936
9a53016fdce3d3b5c2baf3fa,998566848
26be10d0ce8b763e9b457e76,883082880
2e111ff939191cc6df2c59bd,840682624
ddcce0b9776593e3ef3ce21b,712825152
937c0b6350beb0f51e53ff8c,758452672
f50941445773dd62e87e0416,1324184576
93a1aefcc4ccafe4866bfc76,902382912
70c0a72b31dbc1b97c102c13,1365432960
8aa9e1e89993aa49c5c3eced,1247782656
2a5ecebe40fc09b45d6ee5fc,791955968
5f798656baebb094a3c83793,1074610816
596b6f435f76058493a16cd6,1394137088
1c510a71734e955f75187106,1048383872
07de14db9dcc2d4f9eac0dd2,1173847552
29503210dfd57bfef8f16802,1022776896
89575a90c7b9b960c8f4e052,1111263104
bb5a6045d18e19613325dffd,1241469952
f984d34c8f27e3cdb7c2a44a,1131537792
90822d4e3a369948cdc4d998,964208064
5b9a21a42d5f50ed4b10581c,998346880
1be01d052c6a65c5ed286bf4,1361425024
b73d317e1e8ddc3d5d0743ef,1061661504
bcd302e3b5342ecd8cc056bd,994081728
eb8956f0c4a885619bf1ff79,1280696448
d5b950c5510c19ccb926e7c8,915191616
1e37ea0918a00bcfaded3453,853877568
1d55f4694f3e000ee3ce47b3,995750528
cdc3e114698984145df842c7,1120655744
9c611e246a612ac6906abe8e,1373407744
c0c820463dfec602a6118ed6,999179328
6302d4fff078a118c3211794,951796288
c98807fc596bb2f505b4da9b,1153754496
cdde8657b5a215915a04126d,1091578496
3b2fa7905fd8fcb3e11ebcf2,999179328
59764968800501c68631aea3,927116160
9eab02171cb5f15963670172,1137156480
61f84e5a07f37865c31d4a07,982747520
1494f223c9d3ffba26e42738,1205554560
ba137cbd10757ad20e5991c4,827952384
d2fb81a477ef3690cb11c93f,1280014080
ec4f7794cb756b995d5d207f,992646336
ea4add08aa912717cd42f9f7,1175200512
f11d7627e2f18c9a75595501,1099483264
8095589d5e1a55a76281e13b,1201895168
f5add08cb615eb18b3153bf2,1312762240
1894346a27970572aa703cd2,879538496
805a491334f865f06ff42329,946194880
062d5544f5c96db90fa3a526,1381255424
332201e2583141f3a02dcca4,1218507136
4baf1bfced8e85013eca94b9,999179328
8bc002e1f02beb4d83a6f6ae,924084160
adebafcf3eb0d34ae31718ef,1360131456
60b5b0aa0c1319557cd0cc85,1295449472
3393fece8a6ed311ad865e66,1236497024
df4a1968046eed5326119599,917384448
b044b9a587b2c6ca00447177,1192846208
005ab848b35907e42aa0f4f2,1411395584
140a0002732574ecc516e9a8,1107435008
bd850d1ccfc4b21a72f3ec44,902599232
c6dc8c201ce38ff2ea49cd68,1114044800
572ae40f693551547e13a196,1113419008
b39d1b2637dd8e307c8ba13f,1245291392
2ad02d6d56b95ff3382b53b6,908590720
5201393754f4a5f2a476ef0e,1408568448
72a66bc6d15390eb05a5c688,790429760
1f1f3e47f3593e4b2824e628,834392704
bb7e14611ea6b5e4abb5b89c,972838784
b82f8abc8001cd6731c4ef45,751569408
6228854021e72af611d2e59a,1158031872
6d21e1de9c880bfbb17350cd,820926080
7cfa0c98191ef9b7c45f0520,461009312
a739d80c3fb6b166a2c2182b,879381568
36f85981124e858c157f83df,845315584
3d6d51ca99f2747d6b92dd19,900712448
092b7b5bafe25bf485de37a4,619375360
f2e0163fa07f89820739dfcf,924647296
ba47346e7a53412e78363ac4,911670144
f86e80b2a831572b85b04e55,610617408
199a6f7df516a685f086dfa2,514209536
81f6d6790aca5e9270c3d1a1,503594592
74f099ca0d949c8042569d51,562232000
4df3717406f9852284576caa,878238784
5246f7d8023a4c178af6d10c,512159872
69d9908e13bf7c8ac4c30531,462190592
e336d9d892441c7ad886a98d,676761472
f82e1c70884ee1285e1bc491,671980736
0ffbcf7d58378c85b4103c7a,602182656
3679e1844a35c0c87fffefeb,436921280
955a15a734e56eb287555307,732564352
722f262a44b2bb6fc05ec35a,668636352
48c346042d9cb826a3714466,562232000
bc4b7bbf5df92f476b6be103,804873728
667685f89a61aa2ad5c9ac7d,684064704
8be5fca8f4339712c6f3e29e,1053913600
09a5fd22f920267b464e2a00,1016217408
f6d2d31af94a6a73912dd9f5,675535424
0e9a5ea81f6d91038d8711d9,708549568
8b2d8edfa6788ddc0c7b3eba,932242112
2f48a73bfcc91272161afd39,636497536
a78417c74b8c99279912e427,835035136
4d69f7c7e0e837879abbdf78,847753920
926a7b18e48cdbf6ac3b396b,685581696
a06733f7b3ba964c20ae2698,804692736
02d598a32d864c289e3ba6b0,863905280
3977cf1326ff502251f78f66,955591808
c3cdfd0733404ec885eb3edd,629504000
a28bb09e30bca82627e595c2,639323712
0a2f8c8ca6094e6626d4e8b1,840312128
ac9baabfd96d58e376149a7e,952668352
700a052900adbfa149dd5b6c,1326728320
4b30968cdae59b4ef3298f19,1054678080
c673d94552bc3e451672939f,1010703232
75392e8381e1c891377fcb29,980539008
a55d7074220aa6a750297c08,1083693312
81eea19e7c12d65d21e23648,1336263808
69df7bc1d82d9723c70eca70,1075414272
815cfcc4d26738f74cbb67ae,817599872
5ea150753f8d07c71af45cd9,958761280
f851b02d18e74610a900bf14,946717568
76b9af8036e38d5d30ac4c7a,1096862464
4ec5ab39cae4afc3b0e69438,933929536
c74020c85c9fcb2a2cb3ac74,653407936
6d6ad5e3ebaba1c11dec0f16,804213312
acbe4eb98668ff4967a8cb86,772970368
16a40e3dbfbb9c703e04028e,689637312
ee5fa0932e098cba28d950b1,1026233152
5f9fa56b99677a489a9966bf,972838784
4045e30cced205e8c5b2373c,806393792
eb2c7a973d4d6ce8e6ae87a0,1072223104
99c69eeb96e1016a7e53b33f,877705792
aa7f56d05ed29183b825d61d,723535424
4630a9af58fb79c0008e5fa1,708465920
ac003932eba3a174c5b998ee,633471552
56a7470ed14454665aaef75a,1266484352
a4e4f56336e07304cb946b1c,718919040
00ce045307538da1b0bb7972,980781184
cad720be1395e2ab5869807c,446977920
344be03236aed65e74b14a2f,385513664
58a86bf535b4c16b50dfca06,393585952
d52c3915fd7d2ef8c92a22fe,385513664
8a4b7e86a90a296e10a49ea3,213805568
e1717a317481b0765a7a6a0d,587187008
97fc10f5ce4a6fd7357381a6,385513664
428f4bc76d4cd315ba8f89e9,650113344
4d882ac2b82569f74aa08824,410913248
948ba87dfd7993460c967cb4,385513664
1bee6a5aed5417181a3db77f,584502208
63cdd73026431f5566fe246e,416609824
013e2a07f94a99323b64d370,1211886208
ff56b24cf15289dc6d14800f,777240192
7bdb94165857bcd37206cf18,804376896
1d1e29d9601aa0eddb4d6c2c,763343552
a8c9489973c54b93737dfe20,592107776
254892c6b84c59ff5ac4f354,316799904
c6e9772058edb2268434d7cf,816598464
916a413537580440c4ac6028,753437376
bab8e472424cd57faab87ff2,845096000
eae5eecfa2fe828afbc94b0a,309629248
da26059a2cf36e02b8702320,812182336
e18fecb7e40bbcaf26c863cb,796267520
a55906464634558b94d9298e,869545216
3032ae39e739fe46e9e198e5,837898624
663e062b85f16c2419f8456b,606382592
aad0e527c4bf6283f76b5bed,1189429120
32fbc0f1934f7325a404a2eb,834320064
07d1137c1f0aaecbbad32f7b,655557376
3058b792e3f6781e438a2e9b,940333120
33d6b1bbab4524c3aa03756c,476653568
c75d43b8089321e359e14264,670207808
29ea1796aede16cab8a50497,496148768
bed21c41b31a3bf2095aa273,608626304
ec232a7ee3aeac713516614b,943656192
bb7c68c2652c7e124d88631c,530607360
697b6c6f7666391fc689cfb9,840858432
d912e45dda1a3a628fdf50d6,646520256
96fa88a07329d3988b6b41b3,842228416
66019487c37339e9354ca999,802443776
fd2dcbcb8a31e97f31d22a53,939853440
1a309175498997e1b8f0aae7,1094678144
e83119808dd08ca090f5ed85,759896128
1a26960e24de046588ca7837,730614592
379c4fce87557848548b0944,584878592
b2d7355eb2aa975900776275,806565696
3b05e06aa0bc40b9db16416e,601525888
4a5405b1e181f5b10fec35a6,787778560
aff22625564f00844ea2610b,427103520
b40addfc0da42b0e530503f0,613152832
9200d647b6ce9aea67ff8ac7,1128685568
3057660e38fb757dbc8bd898,849445760
799be2171dae4763df530e4d,690148672
819265a930d32a97533d132d,839059584
9ba689b29d0696fb7ebc44d5,1057744576
0f7e28b6efb9d550ba28a1e0,797390272
57551742fefae23bb32571f4,757546752
9569a50febeb4163e28c192c,1089461888
1d03efada56f8a70bdae6aea,633356352
bfa56d6230b858591743473e,757109888
ca54914a1cf1028b9c8b681f,808139456
54304b6117b797791d266cc0,675343872
166ae8e3d0704209d6715240,837507776
b56659e70367566a4ddb81b2,1224614400
2641f220611056a1f5616dae,1083906304
08a82bb9fbe4b7abb50cece1,847920192
b40a9888ec0379fbf85516a3,1070217664
d35462df6c686296a3c7bb23,606873984
db244703ce223e6acacbe85d,653033472
a90df94f959030227fa015b0,496605504
d97d462ac4f5d9cbbf04e9ca,830610624
7fe6ac57e87b8126ac4f8530,950987264
69c28dce8eeaa86605143419,1152258304
2bd6682ad8343b69fae1a59e,1092351232
2e6fb29cbc1ccc3d97c92c72,912811136
9eabba4531191127ee91621b,941396544
d0c411218ffa7c3ebc10783e,762096000
0c61a011d7fe0227be2b3575,815680512
2c47c3ef9e139d8c4513a090,658304000
f6503aab62a68ca16eba3fec,977869888
e7dc05756684b070b36d681f,1138000640
17484950b143d0395907ae6d,338994816
3d997123b33373024bd2cbe1,1065152896
ddba305c2a3ad29db24a0658,995750528
b65efc402cfddc0aed4e1d76,735691648
4a7ecb05c9886bc35f6b9160,651181184
b4e14604b888c994b64f94ba,850213696
ab37764e5f4e00097eac947a,1170590848
764da64c41700da5ee80b8c7,881238976
8a84a073b855e37a12327357,936052224
5a6878f8a47f1fa2fc1d600d,1152511872
505f3d545ce83d0c848f828d,1408568448
6687a2299f38c15598d11eef,909128960
533134592237b2748915eed8,1035144256
daae80933675e767b50bdd17,920977088
945f85a061dc4e95e779e27e,1282597760
62dc69d80cd6ea9fb7fe52db,756686144
153436858070f7e724f0cbc1,748375424
7f9875a5336a32d73df2402c,998346880
ac11141115d391be44e6426c,748915392
f8243b7b679dfe8303180d73,848134144
1376106ebc19c929df27bb62,833134592
f591597c9a1ddd9852eb3cfd,1211886208
a748841236a7a7fb33138845,830350016
6ef43ab43841696400d91859,726331200
601310d800d88f0d387235e4,1031264576
db81ec58863dcc5d12839883,796562048
68d35dadc6d0dea61bf4b513,692581632
ba9be0b67571b1e9242664e1,827171264
1690af2e30b05da545f1576f,1266207232
fc72ebf9381496067101da61,545709120
3a2e95f5eddda4df84b2e2b3,458899584
a660d5809085b4823e287a5e,497806304
799301c01a3e7fc2af5a14a9,1220364032
824cad597aae34d7d59ac939,545365952
23cfc154896b93bce4356ae6,433176032
a9b96d2a23ed155043085e87,1109424768
f5d529ff6a35fa78ab14de21,549363008
9b337cb1451a8fb078dc9a07,940569472
cd1fc7362660bce494b5117a,749885376
26454cbe44a07cd0df12ca07,1060902528
cc5563550bebb29c83ae3054,805181632
109bb36f29b223a81dbfa340,967542400
31081c78ce92e1d8dbb315b9,843720064
502aca1a1097438b32eb362e,1227843968
4c90ce573f1d61d11294d05c,1074714112
87f1e9ca16a7ea48de04fa73,1008627136
224f6e839dcbd91491f3f1ac,374464256
8ee7d2e0692e49bf9d308b4b,725223040
a3ff6a1fe37a1bb736b1100d,817738368
97d49e61c1ef55451e52c8e7,817738368
b6514cdb1e2cf37e3ff8090e,1018734976
