property_id,price
d56159653f5d2abc5ed5acd7,1516168576
45550aa81c0151f1fd9fd8fe,619477888
735deef3382aa15930482f3e,713157248
0dd49fa8bb7be52b851c6dc9,684716928
7d3220a91e78f8bc2924d1cd,967024000
d3054072b2175deec2c1f8dc,437958784
b7574b06d593fca4eac59815,644176000
79e822115c5c1a4531366001,398588064
d3ed5316a463d38c1bd321d0,1254657792
2f1880c9b8f7ac2715e1236d,1131427328
dcca1c7f109175760ff531c6,1069501760
dfc4f3facf91bbd93ee0fa4d,711113792
30e134a6cbe61d7954d0f56b,378323360
385fee7bd9ad7722d45dd034,448177984
87199c236bf22903d1aafdd0,352336544
19e19ad0cd6b5e84d8aa970e,464484800
907f968e78d748fde69dd44f,1309143424
be094e5db0f784e3aa013aae,466158688
7ab96f83915bc84f8c03c1bd,117965080
07f4aa9b9ff5b0b05d31e6c0,1516948352
e9be8cd37abed8ab510ba1f5,1177131264
5f6ad58df27b562db077b5ce,763583744
ee96d947484aaace40f9b77f,1045584000
15c4aef8401208054697b81e,1125616768
22d6cb11333f2839b8112b89,989898688
288c09c33907dadbae495c11,1811142656
f71d2bca0c5fe2720a1544c4,547697856
451744cf3ce55a98db8a3562,452357184
fba9ae05a6a8a9e0c6268a9f,308243456
1338e58f7dcebf5a1ea59388,814377984
a817e8da0ada143ac87277ee,397153184
46d8bb3e9a0ca584d3c7a317,805705984
b2506aa9463aebf01e1e00ca,192711056
7ec025b9b6e6f33bf65af41b,370488320
2ff531e27672ecd2362eed55,961818304
9b3cf0d1b91b9c6a2a887647,541251008
7db5291ce4602d9b2b266872,336927968
65d5918e826c33bb950fc008,600968512
395c34e4b8f52cbdb0522459,891450112
855f4b67d2bd6d18fd03d8e7,1009920896
9ff06409b37e5b5dece4604a,488005440
0508cd7bd2c77ebb6fea1e56,463525440
b45fff2e718e54772d46a3fd,737409024
cf4d2297b73dbc357d21e31b,459410784
0ada7044c5b29925abc90879,784682432
6305f02255274ab5fb6bd39c,1363062016
d9a94194ae1350512beff3e6,279489120
e3896296cb80d50d9ad3f903,600250048
6514f355887c64136edb5595,1083840896
f03400cc18e12903b3ffbe5a,620107328
4e134600155a64783b3f8c3e,757367232
d63ebc63c82fbf66d8b6ffd3,1438600960
1bd64811bd59706844230198,895723648
a83921284639eedd4a511cb6,426906880
a2f3f7a1cd573e2a33f52e2d,830288000
47344a66471fa51f61c64652,615931072
78fd849c9429091347d7e5c9,1282057344
c3daf2abea55af99c9579319,685439872
52864916eb1984abca41ec66,1111782016
c62494a9d7aede44f2f84023,1501211520
a2b576643f7a032371587e5e,1195347072
e53bc68f0e97ccead24f3e56,702157056
fd82c710aad91bc90af490fe,957985920
d436abc2ee37ba3dd561e940,1674552192
216a598114a403676011cb51,1012667520
ea230d5eccd2b687888173bb,1169543808
18bd0dd7580f2a7cb19a90b9,420218400
b143c8ca6d334f6a73c3f2a0,485104992
ab388cb4fa511968783bafee,589584256
6a4f08cd04d558a56af732d9,760833280
7216c895aa047c4f405c4941,416504160
a493488dcd906dc74cf8a604,930364608
7844b0b2bc65dced90a355c6,380948160
c1976383069b6b82ab29d092,570729536
e5cfd99e2308b7b73581dbdc,305237952
c18c2ea88f4ac53970b53d2c,832985024
842c9f0e4edf1e5a672ce15e,618056960
7dd1e46dcbddc6bf5ef694de,593135488
6cc4f32b39180bd1ec7e117b,618056960
79e643789a85dc4ffad49a25,1212937728
b3402a9173d289d6db78e09d,1114608128
a446507813234e358db8b573,893774912
c8ef57ddfb35061d1876f94e,596857344
360be0df2c003005e3db080e,1202962560
9ab245a4c91877cb7a8661ce,1586861568
a57a34c7486e7a40e8deb316,565119936
ceba7d0f56f6cb03538962fb,533808896
d5475993f9db58c3e4baf7a3,579503104
d37a1dda09e30da13ff5bfc3,716793984
68a8b8d077a8232723bf37e9,763583744
e1eea7716ca6490b7640717a,730023040
4ae6d75b10848d259ecba576,279489120
17afbce5c0b56732abbea936,609986048
84a2673eccd3cf3bd7fd3eb0,1111782016
f2f4e6cbafe527b155707f01,760991232
de2e3a592cda5b76c9573c5c,618469504
fac651cf404a58f24dc7d286,1137543552
e6f312a0877af26b69855a3d,1226747520
333a643c623a9bc75f3a40f2,1536365312
64593641e470908ef23b46cb,687315840
ce9f2f0071be658ae75ca6f9,1402340736
9ab385e399a4673732b6a799,1032284160
3429c774b736cefc051e2c55,459338528
a51ad0372758b2bbfe73f8fd,886493184
8c801a266256e3fbabe7e3d2,707827328
ca2f81b8fb6fda20aefb0ccb,1543663104
3c1b1f86087f9b99380e387c,951168768
b0cad5d612954b8cab18101c,1304352128
7eb991f4c69215377e4dac8f,683483392
0d130b8bea4321300396fa34,1122969472
8dfa059401e1dca80ae65ae1,1303082624
3e3f264cd0ac7a65ed2349a2,975834944
112dce80bf512f3f24391d23,801080256
ff25ded6333278149f8fb68f,1246948736
d555b82c192794e87e9d536f,1025403136
a787382d96ef9fce8f27bc70,1470549376
8c3aa295f7bcfd9a43eb2037,924384256
13ac95652fb3cf6c43dafc66,467687296
42fc6a80b882c32f6264ac10,243329856
1e9c53e09220d689a0210ab9,665863232
3348706086aa3db5c92259c3,587229952
66d402a9b7d05f29282ddb00,812241728
cf88be51d6f31c10e5868ff7,434097504
30b3f38716be209a894b0942,565749824
0a5908a92d0ba3e36f54b1f3,698530048
dd206b6ea2d7f6555109ea39,507499584
c641febd8bc2ece3e4d2d8b6,1013334592
c11fdc02a288af0572a2bca1,995302528
35dc60a65969b264ab283d6d,623654336
d9cb0f637cd4feaaaf8a21c0,1437103616
7e8dfae9a5f1faf8afa706f7,604147072
a280fe7610c254b935c9dcfc,558132544
85524880fdc4e4daf90e96fd,651332800
f361109d06f6609c16724b39,600968512
3f6b2f0c0876c21755369cb6,1363062016
de26819064a290ce78d8fcc1,480523232
91be1260a84ab7fa3521c495,941564864
18c8dc4549d38c918af2972e,858758656
782b0fb8641849c2c34291e6,238549744
54933f8b33a4fd6f031ed5be,1020541120
953176c9a901b4f61c030432,495579616
357e2add3d68167a4f3ce15e,776496064
90332d50e91925eb9b614bef,1199434496
11723d1d472bf1a3fdd8b72c,1508970112
01f8b6799e2910f7769db175,1255120384
a0d5001f7dd42d7f0c91d2a9,782613888
d4439c35bcb88e1490916c67,538943296
4a73dad0ff8a5262e8b07c4b,992102528
3dd8085a65f24b497ea59557,1154990208
39ef085809bc80e32e7b6af6,1229997184
b98ee16e8fd7d1c75a9da13c,1291526528
16deb26bf740fa61e258f545,1197746688
732a3bd457d7798e1fd892f6,670413568
1376058cb128a1c7729cd2e9,698530048
cac7e7c3e13af91bdc7107e8,1669919360
9f3dfa6e1422f6aeac527c61,418041952
4dd3d1288ccb66ee4fb9c097,1128062976
15fb97d6a43731d61e95d004,1149530880
dac29573163315edf99e0e7a,586141440
b93f2864087d41c3c92d43c3,540791808
cd4656aed92f5c0a0b6b7c0c,540791808
556210496090b42ac10cf1b8,1195347072
762979729fb21e56a32ed14e,1195347072
ea935b76abe664d5e2c4736f,600968512
40e9ef1e7c6749b7a8d04ea9,269231008
058265732a484ac8d5497f5c,565539776
6f52ea8340cdd283f9a79720,791554816
cafe7c1ee67458e05c84d5fb,1363062016
3f45ed2f08a2b03b738fbb5e,486393632
f203b18854b75c4564d7a17d,752207104
d5333f639d11bc3ab073ed72,943609152
c14f644116669a160446a945,302045344
de585856ff546e00a5a4672e,955362048
7a80663cae7c191b5d025fa0,1033344960
71f80198e68fbba902650b1a,427264288
f3523e0626df8cea803ead0f,947462784
619abd5f978b1573761be86d,476084224
17a2323b855e93533a9f09f2,1356009984
38e8630f2c05ea38e2257c21,508150592
1e3798d739f85ee0e5a314ca,322878112
46d0544f411bbfb6b452858c,637461248
605e7a71eecb13b23ffca0c1,743245376
7515b37b7ae7c62f3dafbe7d,702680128
28be121ada9c9303be802474,719060160
331d54f8a1bd3dabce73d6d9,855212672
22d167639ccaace593dffa31,681438208
36cd68fc3ffab79fcaa340ab,1175316224
db924733e88c361cdfab874a,1194273664
64eea2e9a13a8edfe8ac7027,851883264
97fe6eeed892111bfa20255b,1426179968
b54e6757829ac95e2076d954,657358464
dd59b8122458557041903207,843151488
b35c58fc1c05a77433025318,948623808
c41964afa164d8b75f8dbe92,642480256
96b3ea80cce599b68f96f86e,321647168
a4bc87ad4f1ad97c0a63d843,1108631040
16e62269e6aa2ea052d05f71,1451830528
518b37b51f824fa0fb5075d3,1496377856
e083d83369cbc93fb94842a1,1002119552
57deff02895d5286eda10d89,1313565440
7ed35835fbe694bc237abe38,760167616
b48efa9ddf36e85164354f26,1245615488
5910c9b29a1025bada93a5e1,1053090560
10a650e8cb5425c97f08f68a,1606714112
9e0feca2ec3043ae6f840631,1245615488
35ce37bbecac6b164fa21e6c,1285586944
c4955010d066e013812a85ea,967590592
d5a83c31bec18d1c3eb9af7d,810444352
70217bd08583854329722821,1245615488
28e748e7aa0a447731e06706,517672032
27929c0a3e0fd2d6d2969e03,380073120
5c5ea0d8bae75e0a5c88414f,1012711552
2233f50cf7b04791cf1ddeaa,781450432
bf430621f17dcaf17fb91ac7,653931776
d8dc9de06461e0220bc55906,1212443008
d988975f8c4e6ee8fd8dc1e1,1091293696
bab884e0f99df269805e83a4,840037888
8fa9b20af1508af7a01e2267,1147973120
b6f195d44ddbe10b78b97191,564062848
2ab0eeac4a228d5769fb4365,522770912
347a4deda03bfdde6d1c163d,878119616
17230f18b30b94606fea047d,476117152
eab4ae491bbbe7b8ab107229,757249152
07c753474a847bf2bccd55b7,825604544
b7ce05400f0261743073e072,615188864
4a33d213841d2af537aa967a,737240832
04eb0b590ce7483c615b043b,684810240
a01a51af09a3dc387a18b58c,364188480
270b930a9e22d5016ffa4019,1532238848
5ed1320fe84a518e267ff537,1205862016
f04b574dc221473cfd616e22,406851648
6f7e390aa6135019dc5a828f,1241125248
776d4a19fb3852fe6dcd3ddb,475379456
b7f164b79658952248866c34,890154240
aafeff5826516e363471e439,1215798784
eba6a2b80a17a846ae560ece,485174176
90e62f8656ae504bf6175e0d,583934720
dc4331d09a1e36baaa6bde53,373021760
372d67ccb9d251e290891f0a,12108973
a7801c67a0ddd71c50ba38d3,117965080
e4d6b81f169cab8ea0244d75,835532352
cd5c6655243a4be0912bc92a,565119936
f7a7281a19733251134364fc,885476864
a716ec25a219961fbe90f367,760991232
8bd45966c16d4eafb49ee2a2,940094080
baabbdaa5e8f69fc90d303c1,1166000384
8bed46960db1b2a7954ffbcb,990951040
dbc123f9502159d660f375ca,997975808
a4683facc81ccda10e9ae388,1402340736
3a576586fa1aac85c2ffb75b,1623734016
b1fb98d0ba25b21c6647d423,1009796032
97fa4be3ed93c37c048f507c,421807488
cf184cc576effe39c0f857b8,691073344
784f67fcb2d009d352740ed1,401204992
f4d6ce332121f814aa663fca,746315968
c87ae84ef029febca1e633e8,743455808
e876c6fd9c161861fb92ad5a,1581889664
9047c4764f2c6b1a10b87e99,944925760
234c94e9a248ae57bb5a0771,399784512
a49c2976ca4f24f3a6b622e3,479533536
ffc171cf73514bed077339a6,481464288
fba83f5feea2522888377066,358061760
1a593800d5785ecc36c25ead,993886592
ab157c9601861dc387a91b82,587361088
f87f8003f15b0fbc12609514,658482048
f44d035ea2b15b2c69d4da50,1042688000
fc815b59cce7934f816f0502,715686784
32915b77ca68000ba9eed6d8,377193024
cb083fa7ff634f424a351840,801347584
4f3c7b9bc78f882f858b3d3a,382592096
53d33316e237830ad463a26b,637196864
f5d852e25d51377686c43bc8,476543840
64731b6eaf4fd2bb6c155013,587361088
dad7e45e4706ab2564ef9cf1,449718208
255914e9b13ad94efa6ed365,638707776
5a8950a64b4aea4ac13dad45,968687680
70f51b4abf26651111305b1b,1310381312
8919ca18fff7571002e440ec,1817725056
f776a4e0c8c82b3d29756b34,1195347072
7ea4af39a7e577ffbd600f0d,180596016
45fc0d46c7a4df7ff6976fce,1525677824
7cdcecc706fc7c79cce45b20,916193280
3503f56e09e639be4762ff2d,711386688
f70ac0d227db6f5333aa821e,754872960
20db610da64f80afc1621b12,348779200
c80ef212c870e2f20ed2234a,423500992
7dc68d5cac1b7fcdab35586e,516140608
a478fb93a131fee4119bb9f9,982405952
7749b2b534213ec7b536372b,794232512
43e59f5312e304fc21c1e052,970679360
82a7920524816f3db7f5a4ca,965328320
1a7e331d9ff88ae5efafa8ea,911638784
a57350d4c79a415137281cb7,492958208
f3a6132006d54d0e22a17e84,855306816
14caab87a129f51b2b70508e,680045248
ba2423d79744d763aa3744f8,1285686784
1caac10c1121a795a172889b,1500471808
40768729f2697b87ed6519d1,1035673728
843234d3c6c20bb60a17fbee,688843648
cd2e4dff930a1c7a1a569992,878655168
5a6eab133b7e95155f6a9012,757367232
5bba6c40aeb129c433d2c58e,1369726592
ad3c644b506498127c7beef1,592911680
a379656c49f4cb1cfc5b3f03,807651392
998c1a6ace613d8a7468ba5c,757367232
dd610d7ece83bb02dcd7a22f,415936768
539467d04a2b3e78c592b11b,370488320
e40fe4ac43cabe82c03dda59,416909312
5561eab714583013b422e7d4,380948160
d9110b2b5b1c02766da9e24e,1088546432
c72cf05b93b9c290c063b08b,726335104
d71cc157c0c43935989009f5,1276664448
4199eaa19ddf8ac436bb2ba3,1114608128
d23d12bd86def2657038a481,885476864
ca438e13d8aa6285858da0aa,1111782016
a173eb804f4bcf6bfe889417,760991232
9b3677d498c2ccf69c756ec7,1195347072
f8c787390e4c6d2e99fc7c3d,758304832
a188aa896d1b4520ccd6b65f,629887424
9fa39c9eb4b10a20dda6c3c2,1010571392
7bc9022fa1eadbd9ab39acd9,779029120
46f0731f62232b32eb733dc3,849723648
b6767d1e329ff5e28c42f632,891773248
abde4b06769fcb1d5577fa7f,886493184
1496d159d31717ce254f67a7,397360576
1470749d0d2551a93827e441,375464384
3ac517f74dbf8cdc8feadfe8,609772992
fc6616c62030a53d2aa46b12,761516992
8497f34947cb4c0ff18a0eaa,673739648
3b2936127f5a4684a1d3de22,656350144
dab58562904cd13a93d913e1,812171712
69d1e47b6bdc57512f1838a5,826865344
23c7f9a0534a4ae6a24e38a6,922808320
640e9fe41fb79ecba89d8951,977965184
31f6a25d56f3bb36386d07ae,777552576
bfb30ae71cdca27f5a5494c6,1403579520
baacf0dbd690644d74f3a929,1024024704
cdcb874d2e62220d12230632,1339139456
1421bdbd9cf7572b799b732c,733766720
ee9e5adab1455d38edfcaa6e,1080773504
1fae43a9450fae02919962b9,624796608
5f9ee280509afd55d24f39b7,443680224
82902f2082dd405ab538ff58,591606848
eae52c81f779a61f57cb5b58,1457182464
4ec0aee1b202642d2739068b,916523904
f4c6c3210a3c2eb935c6d5bb,1315241472
14a14706d405569501327924,206921488
146a5a4f3d111dc7b955ce42,672193472
99bdce7cdea643b0442976f5,414753888
733c7cdfd50db77066a67140,220350560
de328410e22767c66d919423,734866880
d0116b53467b3081664fb268,855159680
dc722ea5c4d62773f9fb6bbc,756352512
e84605e3aadd50b064c8eac3,1358952704
31a3719e57ab1425e7267fad,1191949824
34993717af3f861b9735df6e,1518123904
543822711986a454cfd764e3,1250097024
5bbc4ff9cc3ddacb39469e27,1421281024
d7ced905983af0800c19b7fe,1165694080
02d5bac2567ee9e19041ad42,1475833728
f4897a8a0a911a2acfb8e8c7,760991232
4ba19ab08d1fe7f72d0dd37a,557435904
b7c07f8afe037d55bddb8e41,474278528
40b20b5a3a986802d64f7675,851507392
01fb5931cb55f5308382818e,1559268736
7cd0c7174b957df1f004fc88,1705780864
ca13bacbf6dc8d1b09fe4c67,774176192
0ed0dc77661be57aab63bc83,783809856
d03558acc19951a882bd568b,462687040
b8cca0d70fb46f3a31473e98,380484032
f665a58fa8eda69547c1a159,846180160
8aa5ae4637ba83e672cd3ab9,325158112
a6da1996f66e545041d920d6,1421281024
b828609eff041a68fa243a12,888045696
3f39a260b81dd7de1dff2b31,495247392
40fd167916ff071afdc44792,329836544
6ca31945172976c3a11732c6,510813792
1437d1f1601d26a3dca7594f,430142016
ebab054e5f256bf4e382002a,1195347072
0838d0df248d723da4e25ea9,1302237440
7a134e45b9ebe710c6c6efe6,1047147904
6e9c7f27d6b89c5f9696fae6,589584256
bd12c705950c46e679c34bf6,990951040
fa2c1092f17ce021964f8953,682004992
e3202b635974f7a3367c0ff9,1114608128
49bdf0f970af03d83a57dcff,1165694080
91af29fa680d8033188ffc39,797276928
cb626b981c0997d254388e76,370488320
155a8e4186d1626fdda4d0ee,565825088
d337476c2cfa780518523a6b,363059552
7c3ea8523ece273991a190da,1021213824
674c02227165e1c7189c54e4,1484268032
17056748001fd65cb961b384,1078915328
f56bca5bebfc765162c8cae0,1048788416
5f4b0ec9c7452b888b33c3e8,482432192
13dbc077e552640736267a49,338178624
cb645955c851790e83e696a7,634183616
649cca8c83352caf7442f20a,1031195456
fc8836e71725949c5f3fa7f7,989898688
4f431d80287051ca323f2c08,675756160
42defcc69fa22e4c858f3c24,1008921472
291a2f9022933c9d81311e81,1008921472
d48a061a2040d851937413aa,1008921472
55d2ad80322427ee3426dceb,1135952384
8c41bfacbc1a6ab831b26fa8,1008921472
c7214222fefdd8d2ad7f8f8f,1091024384
b3d9a095c9c73004643c9e78,1008921472
d49aeae19e13909e75dda2b6,995203072
dd10dcc52d2549df85f2a8ec,601120768
6732b448d2e4f32679f235ad,1291093632
f08a5c2992cfee4c0910f68c,1008921472
e3a62f080c25f404ca995e06,1075660544
7634d584c3042533942e2dc0,755787008
ae58dee872922a9c678dbfcc,1374510592
5ec01e911785dbd5b49b166c,503283552
9bc12d9c9ad95064412c3413,1053178880
7acdaa0cee1ee62e15f4490b,712459520
d76d5b14d0acc5295b8057e2,1346119040
32f3364ac1fabdd13db1cfe5,139746048
8cab957b322f1aba06bae4ad,1374659840
e3dc8b417819e9afe3fc7d0d,438968160
c71fbecd8f7310c201adbf40,635483712
54c9bffcdc46819f67e4b3d1,902241152
4d94a2295f612b96264a0db8,1518123904
874f4a836cb74be301e068cd,780758720
a18925f908acda4171bfbe36,587246144
a587c7419568288d68c46feb,1395832832
19994da77ce4f2db3efe6660,558770496
9c4dece6127f1f3f3bc1e0f7,439660320
09c28a830f8093802384071c,444521504
5766f7cfab59c920081e3046,439660320
964b7d9de17c1ce396fb83fd,630977024
44f77a86369d6607753adc09,948827072
7f25471be85adf0baeb8ebbc,536854080
6859481703fb0cb34c1e564d,658358912
7ba0c14dce0cb09ef5735d9f,529489568
62cd6a29e98a5b7a5ad38050,1500065408
9c6d7e6260e4fe83d43706d4,638180288
5dbcb55dbba823dc31b041f6,975834944
85abc5c0353c5b678f087824,786139840
56dd1bc39664f8e9f316851b,878972928
b23341faa7307d9d6009c6d8,752517760
2af941adae2e8dfd66542055,1547539200
268f887f25d416dcd3c0c9c2,711386688
9ddc7272fe43f07035d3da63,1139228416
4002635ca8b087877ad22d5b,1353931136
b515b1caa608ff42574e5a06,273092128
710542343cece039a279dbee,417773248
187a143dbd6d4bd81d6d9c32,478652032
26db92c003c8e67d92d88aaf,1546526080
641ac8f4f60ae2b9cf6add93,616595008
784714647351cb6745c867b1,417773248
5fcf1e2ab4edf13ec844decf,180596016
2575d932e98c421bbb38b267,1378268288
af9d2f5f62bf74a7fa9c74f4,1546392192
4db8d529af9f718e6d81a85d,370488320
9a3368605e5f563e29182f3b,586463424
5ff696d8369101b6dc60e2ed,393903680
95ade3ab8dc04237acd6441a,617924032
607ed21e896eb5ffb50d5ead,354793472
40d9a852bbed67a6036c6d8b,616892352
97badba651a94721af5df3f0,1276664448
b2f089146c30929c4836f0fb,537663488
936307e2f478c3ff7b9652e3,828914304
b6d5cb459999de084965e993,1220729984
aeb66f808982c6308d891f55,611507136
cf8418c60f4e54dfa09b1e6e,643479808
1dcf71e8fbfef2c6534576df,763583744
c78b16f05ef58855da0d4f2f,487406048
19ecf1fc86396ada203c2a19,480835808
985fc7ab5aabf1831ce3d298,791171968
8aaeae6bcfcee5ad928ce28d,1276739584
1a93cae134c79a43b13ce656,1114608128
ffad647e8ee35eaea6378fb6,399882976
c21a3eaa136ef8a912ce7b74,1201918848
fabe0f299a4e4bc6f51d54b9,467305504
5af99278b1091dca9b0b0332,1031195456
3f0c845deec1c24472a35efd,1600733696
c10f25fd39dd36287a6cde73,989898688
f37d31c512866b575780c4b7,1402340736
5d34f871e5a5cb3a655a0b13,675756160
95bb852a958d7b16fd676e3c,1291093632
24857a7a80d5f13a52eeb054,773357568
f9796e9d13fe1becef435e54,1260168832
1c2739878e452a340a4e8972,1142768128
698f3f1929a2dbbc69865b65,1158528384
bc230105784ca8640e499ca2,495247392
622fdba953206a65224f2c82,422196992
6765fc17d98c08142d3d7757,1241125248
6f35fcba4ffd6a58bce85892,531765856
d8654c08e95b39e3b4891cd9,549565568
33305df46dc2186c7e3f727e,1048788416
0cec193a20d720af010383b1,1302237440
734efe04fa6b326ae1d072e8,845457920
69190139558b2ef3eface18d,404844064
bb084299ad23f245d7cc5b69,290369664
d4c7b3372d70b898b167b92a,399882976
4a119b1bbf04b4bd6051c5b1,565119936
f844345b6224bc76bc3c6f91,530545344
052505ca8210e5e651fc0b63,970261568
5731cdf8cac0b8371d786c90,846180160
594d8d78af90086bf8cdf09c,578834752
fcaddcc78938f3a234dd2d3f,287506432
1574958978c9b5d23d9521b5,418760576
55902baa0ece72e2e8c869d6,710553344
46161effff173111bb6c3a32,789678144
b3fcd9cbfd485e4e1da6c89c,447557024
213ddc1761cd6b018349786a,628912128
be3b1df5f008636e14bec3fe,739423936
dd27922be5b6f730f8b4e058,312855232
cd2aeb1b2649ef421102def7,684810240
a226b4af016a772dc7e39ac8,445296864
dcef5b332fd31d0ed8d754f3,431231840
481492907baba4574d4a6f35,1114608128
10e5e54ab66b58b3f41ec381,587361088
d48866a153ea0fd23a858cd6,785858496
d273a2075d28e343a657d9de,1231198720
90a711f776d53cf654614649,1477799168
f87c76eb5071c5b309e3ac3a,1261645824
74df03749e60c216a3e1292f,443344576
03a84af05df0f577e09d60c1,891203328
78682041182f01ee4db04e8e,990951040
25c76b5a1da0c2d8158b3732,760963968
af8f09175265e1546200ff86,526268224
c8d4ffb290aa9cea002e8d67,727801472
cb89ad8156c3428ac80a4db3,505240960
7602cb1e6fef087d8ee81aac,719063040
00c75d59ed4777481a50cbd3,558548864
fd36cffb856c2a14982a5fa9,696980928
06ccfa37fa6b011ac38422de,275027968
257b533b6a66b40d0f097c55,495932544
736eef4bb36681acbcc3c41b,639391616
e1a4437b17f7bec650d8cd97,1243993984
ecabfcb8ce9bb47ec3089c7e,1243993984
a5a46af0c9fb5c0a03855660,853851008
920b50f4355cd2674ceee068,901724224
410e5af026805ec8088f2e71,986014720
efa0c01632d13ab59f629ab1,432750592
5965d19a68a8414b0419bc68,807079744
64955a117f2d9264eb59fa82,1238692608
8cd46b5c9cbd056d3712f155,1158528384
65f736c3fee3d14c31a57d1f,972865664
66e9c614882d58c022de7a2c,846180160
8c787c1e6161b18601e6d7de,138561872
29a115ba5b198689fce5f93b,478796000
de8ee990e70c8e5ad167dc89,509293376
0b65098a19c2fc1caa6577ed,1114608128
70ea0403b722a1dae1ff9b18,399882976
5c77e242474e477513b60ad8,358525504
1655a92b20740a11a5889519,403342912
1709b1446b20b21482dd2d36,1111782016
e5dba7fa0cfb81488b0c331e,904725824
d09dc3a3270073e5f1cb353c,565119936
368e740cb71b9175fe5b7b6a,1048788416
b8a8ad4c0215077d3e5aa472,1737354368
1f4a78e094987ce29f054fb8,558132544
aae3a99ac764b8e9bfc562cf,1383866624
a63ecc5539e8725af4128cb5,561650432
a29e18f37ded2e901181d7d2,1335158016
14ead7469d05e5eacce6a575,635904960
1cbf39c44f6b0fdbf9554845,280663424
9012294b64280c565a88a1d8,1162188672
dc0e9ce44b9932c6e48a9390,730016832
a4f272acb4b3b4f5fc72e99d,964283520
b0a7295da89516be1c44512e,935873024
b638b937d4f62949b9eb9fce,971128064
cadd4a6e1075b57f7b74c63e,653975936
a88f4eeeeac5ccd1ba9b8a4e,997246528
29616bf14b5f1cd42786a91d,891450112
f03f97ca55e9a43928c18237,473172320
5fb9bd3aee2e1320dcbea448,519938048
34bcfc2f0cefad790922879e,858758656
8c9849cf3d20991e5126420b,817691840
ca7b9296080c9fc9fb232782,1521154944
63a5989d0dad994a6af7734c,427264288
7d25023ecf668945c87e0666,943609152
fde3d4a4a819b1fa40530238,640227264
e3338ac993873aca45755dc8,1033344960
bfeab1b12dd82efa96efac31,302045344
2d564574f0191164ff1d068b,947462784
5529d858e9c9e3e92ce8a95a,564503296
2755af908b841e9024718b3d,330362944
623df36ea9610ed5c58dbd8b,541291520
77924a3c7880310a4822e5a7,955362048
24fd0b7f75feda5db89a4127,176341824
c2b9a3b2747f32d26c8219fe,476084224
3c3c7861a9727bedf5e3cb29,2050631424
822ba8fd3c7392bda84461a4,508150592
4625168852b335b223a05bb3,522233792
b732ff1637ec53286e890865,637461248
706bddaf0b87e4f076247450,785225984
917218fe1425d2c222da1ed3,1356009984
7ac0428c4b7197ca14f3b86a,681438208
e828e83be8651bc2e07641e2,681815296
4d069f925100b6cad0b657b8,1175316224
a50640d13126880a423521e8,855212672
45e92799de1a5334c3d2d72f,322878112
93ca9e75cbeaceee69b4f0e4,1194273664
8fc4070ce12262679c381515,851883264
63182bbbd5f94cea67de2d8b,653931776
6e163c3a0e30e7bf1e909661,1426179968
3cd016f68705e73b819cf74b,321647168
3da41d55a2b9f78c2b10c75d,1606714112
0eb8f10c9d5ded1b09f60baf,1245615488
330c37fb5065311564fd35a2,1451830528
b849cef46f19e13d3fc9d5c5,1053090560
7bc034984b19479f29886cc9,1245615488
5cae4522fa829a1614739b64,1245615488
bf6bd06201e60a4c98c8623d,669113728
549ebb2f616d50ca778e92cb,1492802688
448ad6cf4b43298a39c7b5e6,1212443008
e9a37a1a4150461126dbb6e9,1034048064
1d4c50978603ef41377af057,843151488
bb71a24bc5ea4051d84ecacd,1496377856
286ab2411118455780314355,810444352
045108344bf09b01b597e7ce,1002119552
d714e15ab5c2d5a2503bffcb,641812416
60823c81f0b98e8a57192a9b,760167616
dfa988a524343181a0d3ead5,1108631040
fe8bcbd17b16ad023a202843,1245615488
69fe76202cd89637a15de1d4,517672032
e7cf67cbc08fa04be9f0a3d4,1285586944
670583e7a2ec6e337429fbf9,967590592
796935018bf2b241646a2dae,642480256
5f5856dd16c0e5131835e650,380073120
ea2e380226005bb55c724ce1,1313565440
f40defb11ff73ba4e3db7611,1005611584
a4b2dd2771f49951c027eef2,948623808
a949ede7227c8f8587715029,1091293696
83f402857435d4fadb27fa36,840037888
36ab522893b5f01caea4cd0d,1147973120
8e4875b7ecd0898571f0b1ae,508291712
7ef3f8bfd0368696369ac957,340606656
73ec13a5687c542137eb9a41,269501312
6334eb4a37d102ee00c6e2a1,1112111232
fab91f0b03598c943fa425dd,544888832
c57c3c7edd591e16c0b7c1f6,590631744
03aea1b6ff072f117ec733af,435947904
91b57e8d6c41b7afe949bcba,167585776
ebbc5fdad817b304af3585c4,551045952
0232a50c9afca03cbf4277c8,812700928
05b12b1916e51a804419c654,933312960
95c9cee9b36fd1d68f647aa5,419068704
3d31144a77cb51647f3deb02,871362752
ea87e3259c2b0d6263d39a2f,506223808
61f634438de4a10a861f42c0,763074368
c3ca43d0474dea2f2dfb9791,412376704
a13a3638569b89ddf1260470,755191296
124959d1429de095473bf5a0,518512256
4d85bbc09ae56cd85a8f87c6,486638720
2c13f29a8b9ac9b464e3a582,685993216
70215712bdd8ae7585520550,367011680
3352469ca509e8ca652fad1a,1007761536
893caa7433c200e0d43e9f27,2181611520
767cb14f03c909c595c2a731,309677440
11433baf7716402e8c58bd33,1249591680
e07ca567b0678126a1aec803,1048625408
b2286067a73bc0049328b55b,495932544
c85d56080167254c7bc19303,885788480
5b9ef8d6defdaf13dccc5ae9,704460096
f7972b1936c6d9e95d3f632b,961148928
defd03ae7d0c0a44baf80abd,616479424
6fffb7958a58a73b0e16f2b2,1188345728
5d86a1db39e324770ae58efa,292198080
c56163e390d9e5a7a76e77be,587908672
fd5ba2795eb7b5fe338d6b4e,625398400
24d6d85cd0e2dc3deb2db896,795067904
feea3a2bd9f643219de51c46,1809179648
055d7c66464d7e327711b497,1508055680
046aaa4162cd410e92b216d0,841285440
b6bf2760cfa26cb28fc989fa,710455872
3a6262eed8967d695182e435,942876864
cf3665f24927de548639ee4d,921283328
4c243fc50d5511a1288bdc0f,938942720
d753227b5c685e93b378baea,1298075264
149e49c22fa0eb163a36c932,740448128
8baa01b8c6d29c82a6108cb8,1847148160
2d437a09b860d9d46644ea23,799139520
66bd80fd26836fd426be5733,1029609728
a30e69524af9c1bddbc5de34,507098624
fcc96840d952d32a7300366c,1188480384
659bccaa707b94f303610225,1207639936
df1c66d8dfb9520c6818a32b,1315832192
dd1dacc0c90022e5b40849bf,519370048
1a06bfdfaa9d9ac754ad07bb,434162688
a0ecc8ce0592a40959bd755f,846905984
739c2b9be0941e4c126d2f3a,1678365312
d723eb2516802250027312b4,890338560
04cc75f46642efb1192f1875,406877088
9f37bcaa95fb0044aeef6075,524555680
7be8abb5d23794ac47ceda32,575878464
c06c737cc0cef7fafa3fc4c5,1011177728
48e71c45f41778f8dca24cf5,438632544
b41f7c1cb9cfbd188f8e0233,750801152
32ce96d8adc8e549b90b4a8b,301138688
c6bb4ca5a0c839d38dd8ce19,1378268288
1d91edf33a141fa2181abc4b,1000626752
aba4e24dcc6998e5020731c8,301138688
00af33cff3ff7c6927306df4,228034064
6d2328def08bae481705e20c,953047040
7815163b8e4a54843d121dc1,707971392
c9f92088dbdc0d81412968dd,1014342912
8e1bd01ce4b7910d42f59be4,411874208
5fd89a857727753eae6632f3,1268036992
332e395d4ce62523a2e3208e,253786816
4fc89ee51cb0e1b9d6459819,1673275904
2571fe181b6ab939eac19d2d,913910656
af98a0e223a825cbab78ae49,1178934016
ae187fea3c46c3fbee7e6e8f,919700992
c681519ec1ee1a28f6a3607b,1347269760
bebcca3e75e747b5a01f5485,876576576
0842a0730545c623043b1d8e,1142084608
973afa2d67c20297aa108bda,1080919296
64a9f0bf04f1c890cc6e31eb,1128141824
9e92b27f554068b7dfb640cd,1269601920
57b7aff18c444fa3c577b079,760372544
6b23f191d2ccbebf9166926c,987719168
b80c961aeb98d24d968c71d3,1260695296
064c1cd5e94efdf8c7262fec,965562048
723078b6cbdf02c88286c596,1683378560
e239ff5eaaebb287beaf76fa,1295896704
b3b30d8b869eaad2382c5447,1262290816
3f295e6c14e23cff1468bf82,640732224
be78bb0e06d5768ac1908247,778463808
4daf52564456895ca7f4429c,1178274304
c832701653f1e7f01913660f,1169149440
82433a009defc21498037127,1026791104
b53d3d578b1d7d9e00c8a00d,989859584
36fab4c38cdd91de650e6abd,723645120
bed932e11a599f7cd4bfa31a,1268410368
1d9addd835c9fe8665e01500,302120384
d8216aa4e029c0d3d646efbc,685487808
c1b0ddd3c104ec4482d5025b,241235664
bd0f754b0fd9b7af284419b2,2219205888
01e907d7672006fa2bba8b0f,455506528
7ad046b20064565644ebfaca,392469408
1ac2b23683ba89e9175d1b99,837915648
ab4c55e78eb83d80c153f50e,655964288
2ad54bda875fcf8c6b675bf5,424504448
07e76c765d1137cdd7c2ff53,541291520
5531b9663c5a37a2bdd97e9a,693861632
c740655aea4eab7066446c42,1083603840
3b6c37e7e6ff1c03ee4fe995,828062144
1b5d3ddc71634099fa1f04a8,812936256
1ad916edbe6fd38f40289a04,607156992
a1368aa4d3ae850bbfd90bca,911638784
0f728f676325ece6a001b4d5,870744384
0f98c4e431100aa87e6fa6af,661168192
91a08474a18644c43224c62b,462588704
185dd9366a6dd1e820880917,769757760
e364018f4d994cd15d4af374,1241125248
77348acef84ef77f6a076268,413526656
7f8f506137780f4cf12e73b6,481221248
809082a38e6fc3faa66845b9,484307520
2072a783a44474cd0dd10d7d,654543360
b71905255273cbb0af1290a9,800209536
c7d5f021595b58c507f47d3b,1447377408
65ba1feafecd7efdcf214ed2,915590208
72eb64cd02ad2a54b65083eb,1304049792
35d79b2ac92083bc439124ac,499982272
2f7d36523df4a5eee3edbe05,867186624
b0d20a04106ebb87e2cdea37,2014446080
43650eb8b70dfa256ca64979,180596016
311fa1bf3c405f9bed13b38a,558132544
d12dc721a59af021e8ac68e5,558132544
36f9a0ea831710344f468bba,558132544
1eacbf36422a54f1327fa291,558132544
9567966987eb1d3117677cc5,331936448
e5bc85e227ed7dabfccbd005,558132544
d1f39f86c82916524273bada,544745472
deeb837c2c6bcbd01930431d,417761504
57aa22792684debb8d4079dc,658482048
5b0530f544da162b9a8ff772,774339456
b7d66c5f1ad06dfcae5b33ff,138561872
bc353a421fc579770e432176,377193024
45ae1e929b0fc88718151191,575227008
b04449c499843cf46ccb695e,1296613120
e4d89c9d33a0f2659df21185,774176192
b2a7a8ccbbec39b63e4cd028,1178274304
3be69554b1cb31ed5732a836,1014182272
de7f584df6103e8bf95f4a37,762936576
0f4de499e5bd2c57fcc75013,600968512
b4fd0aa09f993bbfb1fa8abf,439660320
88a83e58eaf136a82ab1fe37,453674976
379429ee3675d1adbf816cc5,450445344
c6084b85c8d95e0ededc25d1,757367232
8eae4346936f8c6c67be81ba,627514816
a13fc9e9b4e47340a5d53bcb,564548480
7b8a4d701066372dfbdffbec,734368384
a62a6094ffed3ea7a54fee73,478429728
bf0ad098fbccd3548d834ff1,439660320
0a231779f131c36d8e6910f4,543679872
51ba7338f5900d8ef12206fe,886493184
81b14dbf863114fdddb38579,460696160
adaa406ec9ac311e9f9c0bbe,321702752
4cb11f32806c0e07b4251984,536435552
3fee486268a1451a7b9fff7c,878695808
5666f3c36f0ce4eab2c39299,591928064
8a8dff62516671aee2250cb0,872390848
ee4fc6a146e888e993a4412a,588681664
5a16b30f4d580352710e92f1,802277760
424bb491c71e913e900db76f,740528704
100bdfc998bbde3d00548bdb,1245615488
d793efed9a723e77ca8272f8,1358421504
725c029b7c5807a4b0ba2bc9,858758656
b6d3345346f43dba053ceccc,1250097024
888bc3c4ceaa108e048ad28d,769004416
267e000c89d3416e551462c2,869952832
0ab4a4b8adda35f634812221,750801152
823ed628bddea9b56792d108,1363062016
a189bd7e4eecdd18ebc7d353,1383340160
da16828139a19aa11bd94ffe,964283520
874102a58234cc7888902d42,684810240
789e5d19fa507823cc4c5296,1138168960
174bcb77be3b7e408e61d7e1,783334272
31a1492e589f317a58a79df7,443680224
0825f2ca4baf5b34231ecfd2,1304603648
ebc96ea800887a647422b8fe,290425920
969b956eb7769b6f509d3ee6,1705780864
6ef9135481d8fc882a1a735f,1038804032
5f501c4532ade3f412359a1c,1245615488
c6d075772255b1efa52317ac,848209216
535bdffc5b79d62aa6179c48,1475833728
e95653d504208e8da19fdd03,964283520
e4e529e778dbc89f854252f1,1042171328
ec5866fcdb9afffad2d7f5c6,1072676608
814694a725a50c306d774342,1278328704
1cd6531d8539468cd5f4b315,362468384
0c3e734afaa6b7c370754082,802277760
f80eace37237614562f942aa,999265408
3aee70815bcf6effcf0e5fdf,858758656
ea21ddfa37d60737492509cf,784217664
67c78ce1b8a64f36ddf90cf6,1302237440
fd2efcb61008dc9d11756381,733766720
f51658b9fea670bd943d6db7,992102528
b83b0a53ead29faf9dffc0fe,1508970112
c1329245f57c5d9019105382,1521421568
98665b825fb3a06b914d39cf,1304974720
24e90a7d9a2bd0c30a4f661e,885476864
6e64677f8d730e1f9ca240d2,1069074688
a742819d8e4cf8fdfda6e094,898061888
ed75d1c40109eeb51fd636f1,618466688
cfc2ab56604b4e3734d7cbbe,1111782016
ed5622c308bfd10602e939ca,456673376
5f537d233678443192d22642,1246169728
aaa79ce67339dc53b4f41dd2,1358952704
5f467c6c80023b0174823d85,1706047616
46fcc0d53b263beae95b8eb9,1508970112
2bd47c19e5d29a3157fb8465,1195347072
9c9c2f05352c92c02d080e96,659376704
cf8fb8db6f74c236cad0cfcd,1547462272
f42a53a05dc90e617e0e4c38,855165888
bd612d494e2f21051556ebe7,1148645760
ed1c8ac25a3db5120c92525f,787541632
2c30c2736472590fe45277c3,1005586688
bbe2c06e6f90c4234a7781ab,1033485888
b527813993b7bf4a10c05683,802229696
2f610d2242d583654337d468,1139228416
dc25c9240c67effcf655b02d,555945600
c35f5ef73168d03cba1b1f4f,594087808
e88009be52bf5803ba3665d3,340585088
12a63d4fcb56c1d690e1bbb1,582696512
1d58ad85a82f7731e0f198dc,1066927808
a2fdc7da13d098cfeba13b76,483463072
1969ba34b72e61337246cb5b,628417920
8be43cd8653accbb8fe8a270,269555456
10092cf2f8afb3658ae475ac,664083008
0fd313e5a0f02df07eb6b104,117965080
9b5f013e795f5fa610d03238,801080256
b1ec4b8badc955f9f4fe2131,675756160
e491adef93281c097ab08dea,354793472
9a65fe451b30c59beb3d62ef,787683712
0d3245463127143a8a52014b,1177131264
a0e3198470f97f6a169044b3,975834944
33e4901b6e72593513a02207,780597184
f45234a3f0aceb12341be024,1020340736
a71d53ec4fd0d64f8c06da2c,1291093632
f1b30c4ea99f19a81d12f73b,989898688
a52e2c893f85b49e2499cbab,972784256
b2fd7ee866066f3ae0dfb3c0,1217812224
5acc9d767e3117bed0fd8464,399882976
0449a82dd1667c8c564904f8,1740398336
a0a8d63b5f43b87c0c7e1fb1,883922496
03de77e22e987fc3fed4eb78,845757440
3fed1dd17fcfbd2b86e73143,778463808
04fe204d03bd1c9876242ccd,708610944
32bdf33933c29b1cbf89539c,443680224
3f6c05c97778fbdc86304bf4,541956864
478e13e8c1cb5bc80f1080e0,1158528384
3128a4896665d38feb72b456,399882976
fba6203abad5f4b3b721f29e,209981536
b25f461b3d48d833a73316a9,1358952704
1282e129e1a355b161621dd8,721185664
293320b55fad21ea3f4a5899,258013072
de2f5db1cd1024a9734871c3,392277952
200897b1f8bcd7c116a85306,369970624
7023f5a68e1ce9cfd23fd021,386226720
13faa4142e9d60412abb4184,359041728
d74d0241fe5222f5c5b67222,686751168
0e51111c47813a0b0dd51b64,818539136
25e3793214088669aaaa4ca5,906937984
43d7b77a99e86e8bd21a19ff,1268190976
38b87cf007043b76670207d8,896693312
8fedbf13ebb7cd3475fa3074,1070821056
4be510fa977b93e34a789f26,450445344
8f165174bc07c28f9fddeee3,586530560
7ff6f389e364e67c4238df8a,402787456
2c91099736f3158f7f09778f,673064896
7bb1bc81e6eb3b4390440165,587361088
74e43ea3081841278c76cda6,398385984
9b948f070b94c18e00a857a7,857051264
99340b6cf8f818392d501e9e,1185233920
b27088c3ccd93e7d8d5571c2,600554304
4b45cba0d601f29c2b7db97a,1454735360
362212de783981c9ddb767bb,1026215168
5aa78a2bc8ec5e2be315fbcc,1345550080
92fecc04105a999a622ba3cd,530452800
5098115b26f2473c812b70ed,1263775488
e9860f6b4c3e6699e62f6c31,406776096
71273ae563da6bbc66aa87af,531985632
6c6e7af42a6ddf62b04c35fe,444521504
484922bbe02cb218ced0e779,527817536
76745c2648b66151008f6399,390625280
2100201e0851e80488371b67,326495744
5885faa4aac834118c5e4351,264962784
f340405bd7f2c4bf524c50d9,401967456
1951c1c8855fed5db8031e5c,895255296
7dd96ddad0fa88f5c5978e39,826474240
db7535339826028d0fb3355a,501655808
4317746d5b88142780e6897c,381431200
5796e37eb1a995db5cc06eea,807256192
817915cc3582112fb5541a49,1023168384
ba524c4e2f13109ce814ea38,772284928
c2439ab65fe194d1d60eaa07,1013754240
92e4dcc5911b42e7f70311d7,733583616
6bf86a580c8b510b7447071a,816955328
975482a692bb98df98b2f243,526123680
336888717766096b24215b26,508227936
ad79f4fa23a28cc84487517a,533818400
d925c1d4dcb68990c7204b33,296220512
f4658aee77fa0e35a71da7f1,517173792
210d58091ea74bb902915250,1010433728
186d4731b3af01bbe4d08b23,569980160
b760fde2d4df27a168ce0e80,478824928
2e653d2567a47067df169d97,1397974272
8b63358f3cdf8df0eb1f43e2,706460416
c09d691e4c7d7b8c8f6a8370,1284100736
4502e2809bb5bd47b2781212,1010327936
d03101c7f823dd7d17e49a83,1077642624
f5dbd7dcf63b08f711561e58,1062638144
9855712ed7be7e865656de13,404630656
5a6397b85f45fba27dd9311f,930529920
4d1b0315b5aaf21bac150d96,834490688
32c7a2d032ee21f8bbc6eccf,442249792
beae197df95b84881128790d,-363322784
0cf7a6d43221664a060ef681,531160384
c431fd6dbad57351a497fae8,463045888
b1f8fdc8e3e25517ab80c065,370888544
7b346d5a5f5ec7165d1f8644,416222848
947ba86487536d611f548142,1114713088
8398ba3b03595704b5897704,1015033600
3f895518a7fccca44e534578,354793472
232e859fc353dbff75c97cf8,1020340736
b234ef225690d57e7c2af4c0,975834944
393e2e7ea1f20eb6b4148d60,786139840
668db5244c4d5b5c76b0b395,711386688
646de9441934226c2ffeff77,399882976
de53880a3299626eb6c2cdf9,989898688
07f10df13b244dc33b464582,1031195456
e4aa393309860fd5e30f49d9,1139228416
8c714badfcdef8ccc73df9cb,1811142656
0f8ded86be8d3543a5069b6f,558132544
3e9d73530ff24d3f4a543091,481941184
076ceb408227ab2563a663d0,33180252
e0ae474a5307ef4057da4994,390831808
d41fc79d800458b1691bbb87,774176192
dc8262e1493ed593103acfa6,349560512
bd6c24498bf413b6c5adf81a,619408384
885c77c839d705ca7d04d383,1099986304
b8896656cf6f5dd7c33ae46c,614844800
34a9e3ca94ac06347d879942,1165694080
ca3b5cd3505049f1471c47e8,544209408
8c05c66be6008af7f6dcc10b,615736640
565fb93190cd34ac8b01f01b,615736640
6c8119e00b901efd2dd40f0b,1338650752
34c92caf68dd0cec9fc383ef,1857511552
68939c438c34e79a317a4f3b,1003528512
dfaba547699e319462abfd6d,684810240
dd1d2e305d37d9dde55393b0,763779328
c32df77def9978a84f8ba7f1,972784256
62103a85a8ddcfbf5e40e284,1177131264
93bcdd2a8ee1d5b61d00d58a,711386688
9700892d7133ff2c0d1763e7,1048788416
fca6d7455056792cd61e2ddf,536612992
4e84c5953b493be7ca96103a,1635144064
42fc4101da60fdb41f41f0a4,1613222784
12d40725335f83e2fb9b937a,1671368960
2b9681901b216f2174af0089,1677077504
9ab74e81283becc00a779172,524097184
8f378dc1215f9213f187c02c,943645888
4a3a6698b5490216e8f8e6f5,1450936320
0dd795526c080e8efdf8eb0e,609045184
3e7217f628a1d0fc9bc47071,446432896
157195fb2358bf2d5051c439,1207369600
37063e689732880621e4e733,1069099264
3bc68bc2d6a2b81f9e3b9a50,558132544
ce21f368495d385fbd98de73,392792128
1a6af7fd6a5b0602052c4c27,257010224
e38259adbfd953bf085a69b6,1215709056
0cb6801c9b57e874102ca349,816383104
79f1a5bc0be914956d632658,1005293056
f571f85be35a72b2ac358d27,323965216
163bec92a997aa8263f5a909,1011343104
9ce3000cd80aeec2c5188e8e,493716352
6a6178c4cae2e92a08b0dd0d,340585088
d52cd6eee468311666218625,1074173824
8eccd2a6352c33d8c7abcea7,970492992
53d3e32b1dc782308e352a33,1016925696
be26f0523e5cb13846539384,830230016
ad7739088e8febc68abb42e5,1302237440
add4f9dd26fa34829aa25eaf,1076451200
17005d6ec889a947397ab980,295769280
3fb3a581a9a74146dcf9b71f,258198576
51c4a8b438bb0d97f712af31,511288192
0aa1332c56bf357f492da2c0,300265216
6cc06c89c226a062fc46795a,605506240
682b38de3539b2a584446922,312984640
1cfe9cba4c2015e7b58f05a0,920167232
17d34f9cb105ca5010191142,833242304
1fc0faf46f3b533f2cae2c06,1356928256
12f9e1f78c630defe302f781,1086523648
87bd6ee6f17d2bd5b61b0ddf,1242137600
fd4ce3ddaf79d1b97043ce0b,990951040
97aacb0847561f45a5540f21,325158112
a6dac56445613d70e49647e5,1073914112
8b1acd29eb268fd684036180,1106565632
656c13ca7a1974df58e1b826,1547462272
56f72c2d672b7bc3c264f7fd,362429888
3771c66b9ecd6db0b201d4c4,668387520
45e2395bee937c187e3486e2,776025344
7c6880b05c212c66b8961b71,774176192
e0ae8d2a51c771aef5f245e9,1287730944
3573093e56e95a982a41879c,854996800
0920b2df9df4f0e509a7efb5,511072224
43600371d44fbbc81f6b6fa3,425429952
2684f67bcc89c8a5b95e5592,742601088
ca463fbe3e5cacc152aa70a6,668387520
0935e87627068206f6d9c0c4,616310208
10afe23f1f58f96422c97934,427510560
f3c8cf1fbbd6cced1fba0930,1320678528
abfda926d174a8da1d946e27,915271424
fc9fb2f209a4b5e66f89712b,786139840
15d10635d71919d0c9663fde,439572736
79733fdf8881b0d25412abcd,1095579008
7254c91fc9b51e76c6fd2a99,800824704
b732021729ecf88d6297b48c,641695488
edf4e11d1f1aa6f8080c3156,1601631872
0706ce398b2bd64913e68d39,863000064
ea4a797b3d73d1b2cba9d651,1323069184
6c598362e322971968739673,485588192
130a119701171ed3c439c527,591158400
849c918d78991c57f32f2031,450631104
036fc9e01b2b1e3ef4574372,1074489600
e4ee1a81aa121aa5f55e20f3,1073625024
de926223fe4296d96466c685,1424293120
340ae520163a220061bd7f28,702256896
11e36a3effeb0119b8bded5b,443680224
2492a7a74edb57f784f6361c,1526127872
1900e7808046a5fe89d8e440,855159680
fba35c04cfb7b6db50cbb57b,1023214528
daff79365fd94d1d3a2bbbd3,616308544
51230c899cea0054bb74cc44,569629760
5e04875f99a5e4476c0b4186,1326872448
542db19bc6b9a1366715dd7e,943155904
a117f625c794b7d52ec67cd4,1265540608
4c59acda820b7b75823fa277,484307520
f040a167241599987e7b0967,1242501120
4a016eba4744dd01954f137f,70372336
0d995f0ad226dd21bc96ff6b,511356800
3d44c742b1aa4c022a968ea2,409145760
e47aa2541fb576b9915fd625,587617280
61fe9ea90c8a777971db8384,813568512
4a611bd82c9216a3771ca7b6,1205370112
0cc5caa9b48a835c92da7653,825630912
9a7f24ba55c92696d377bcb8,1014301760
32366fe92222b329e3d03b29,1001775296
aa26461420614755c2a52db2,1056319360
53a447ad5e011909080c0ecb,1139228416
9d790c8c474c9de2afeb00a2,468687104
dbf200ef5f1e15211e2fc6d3,939222464
b96c9e2591a4cdf9c4e0c09d,1335748608
78eb6f51d94a61a967da24f4,990713984
fb338e93dda9159476b8382c,885788480
72536bfda19f78d370d95f26,1162785280
7c581e2b9daf20131803eed3,1251521024
50cb0ad562ab5ef4e06f84ed,840556160
a24901956dac4ee0e4b0c91f,435092160
c1b386f478152f9be1f546ea,495097536
1f34129d15f992a3b62d4b21,644176000
299117d35bcdd48afa4c2eb0,1039316480
4ff6c53c0bcfd1d24bac7ad5,1056319360
2e52008bd11000eb776bd80a,1177867776
56b78bb57b2d1f064c47891f,552834432
ef64a8989a6444cc529dd1cb,764597568
078f7c6532204fe046b13d14,1195070976
28c0649dd8b294574a876e95,1367872128
6b9b9d28723c7ad176a9306e,651451648
a640228932682c0c04538ac3,1102921856
b19efe9cbc26d61daff5ae90,405944800
dc69d70e4d2713fcdfd93dd9,1381447680
358e85ba765ddde3ac31be33,117965080
5e6b2661bb7ba0ce4776d483,390831808
0b6dcb5c1952dcea931e2c20,621433216
cde84d2435eb1d0d4ffe2a43,786139840
bac550d41b2cbdc6a110ec7c,369460960
78fbb49efe7dc0d8e144ad83,905475840
606affed5c707249158c4b49,601403840
d44778d36fc789f8b8c745b4,918080704
27ee3504d1df34ee8ae5dbb2,699958592
60bae7a45a084f117eda823d,1378721152
98aee6a36f208227a992f9b6,653815936
388a6dbda422f886e503e685,1139228416
2869a2d2689af65497775b1a,1376216448
19993833220392781bc15279,510813792
f0efda3f7fb18af1b44d6aa5,1177131264
cb915d1ef92dff803c5cceae,1402340736
4bf02d040efe5358d4a5940a,1061350976
1382140d8fb634851d4d210e,1524955776
b8ea07763f2e1a3d635eb23c,836925440
8ec00d454698c119085cbee7,283186336
30d5185ca2ac2fcda2bcb79c,726030592
d0ea7bcd8cef8588ca50c778,421264960
fe6c19c6f54606a611d412c8,469085952
f22ae3d17c92427f5227cbf7,567676480
92b3b7d8dac6b2f6d5fcfd9a,398542464
8c44d216517f5c59e2611aac,422583968
b85fa4bc59149a7a25447537,230154144
99f10097f39b32a478877340,531544256
44f8d5ab70828e06198579f3,615736640
1f674965c913f9fe282d07cd,650760960
60e768892afb284b0e5042bb,735016000
8a6d013451e46411d35c2b6a,732176768
6f953b9964d60f6a74c81226,516518144
05076b448cfbf9dede72904a,1620557312
47051c25acf866250b5d3ec4,1138800000
0952c73b02dd5432aebdf2c1,542423104
cc3ef2f4fd5568aea96c257e,519760896
834fe4a1e9e4efeefb5aba08,950237824
104cd052884247b14d697673,399076576
8bf61f106e60d6be03799de7,1506946560
c13e387f56342f88c993f0a2,684810240
ae664789baac0c47d13c3c19,1065522304
ecd1e3003c5d74a3c7cbdb11,819087168
561cf254aba002fdef8258ff,813520192
98799228c26c9e4899bed65e,1058480832
03025756be203027ab75aaae,909656192
8997555e7bea06f7b90ce821,981422208
e91a3f962129068a3a76d209,1162785280
4bd0a354d75759510ab6bb46,579507456
f6c1705a83c039f7a7d46255,684810240
0c4afcff5f5a90cb79807682,1660350080
d3222a7545e302bf10894658,702256896
03463535ae93b8b123eaba8b,885788480
360e5cc9ee1282e5a6ea17dc,1241125248
07f24808e42c9e11a7c20232,495645440
b80d0456fba49a40fd774e5d,678111040
f865411c20924c43a080794a,1241125248
c578eb2dffe903475aecbffa,885788480
d639498fabe1db1236656593,1241125248
e6e3bcae6ba114caf108049f,702256896
7dd9760286606c45e6a15926,711522432
2c5f07a9402cc93f4c683759,1329468800
e3295e732bcf306a2d338387,327227040
240ccc45a242f80f817b04d9,885788480
a7ff59863f8719590146e71c,1241125248
e6477c2014ad081d22f12b9d,421972224
807687fdb46614d9aa139b20,484441792
317d8f9d18599b346639a4d1,885788480
b85acd44e18ab485d3ac543e,404767872
e61476e47d7e7be706d23fee,684810240
270a97e07eec2be02cd89a86,490614112
4c9dc4494a3428435457f575,267602192
26e58d0b13e7f7f5a54585d2,1213082240
166e1e60acca831bfad07736,684810240
aa25d9f8737f142b8cfa970b,1041033408
44cdcca08e1e66a1496fac6a,495645440
d75b7730e8c291ed41d7caf1,1337183104
6d1534800bf0ce97197efb6f,1322339072
8b13054b3318289aac1f13db,554504448
c6cb6ccd3f5876c9b9e29685,1213514880
0356797c1683d002bcd94899,1369708416
558cb38bcb8de04588bdfa30,742640960
0685f2225b939147c8482e6f,644176000
cf1ba56710023ede80a8381e,860889152
2d4bd56e71f90e6fb387a2b4,1549027200
b96b8e1d636f0c10c63e5c6e,684810240
534be635a841fe21c7a702f2,981670784
dd5b4eb5d20b8b9c813ba52b,481897312
46941e09b153ec19f86c0c2a,1221735552
9f06ad3793ede2ba7f39de43,749836928
b3df8c66475021fc04f107a6,1088435712
468df200fa490e667bfaa31d,1578384896
8130ab67c5e0d96a9a67fb12,789644032
f7ea437311c0d217b0d572b2,390121216
ca0b59b35225b44447967ef8,189326608
90961073d9887bc1023315a0,455315776
a1421c30fb33a249bcd54394,848343232
c87d9677bed80b0fe06308b7,432268064
d331a4d58875a393080fdc48,359612608
2f3281ef06475d2114fbf9a7,316382080
487ede1f7f155194b69c531a,117123320
04308f869d7c992ed3ea646a,724749760
912471caea3c71e3f9f70877,380948160
1baabd705f72393167dba5c8,542851840
aa4c66791884ea2a8357924a,416909312
1ce08c19161bd0545eef8a16,774339456
01eb0a2c1033c30830161321,584288256
b2759de47d28e8cc05c94e36,608440384
bcdea05b890394a10d24601c,477424992
db9f66f68aa772fe29e37edc,526980064
bd094081331ab259b1076261,587260416
81e7c8c1894e0c3a9315ff27,523860832
7cc9cdd32c209a62908a18ad,729859520
1e18024ab7d931bc7ab5873f,1226148992
baa146a6537e8630180fdd35,957699264
8b788f742021f2438ffbf528,388204640
66d41314804d77ea0f440695,1597288704
72dec1e6e65f6117e10a2473,295837152
4066da904062a0041a809b02,770597760
b7570bfc5ddc7caaf610908d,729859520
f6c6eb3fac9658c4951c4222,729859520
5fe25ab9cf4ea071cd6287dd,820493184
0ef36d33e6c378c946b8a65e,798079808
991a94dd1e99de493672da14,798079808
798d87a368f073efafead25b,798079808
9e8cbeb53820394a460f0879,770597760
7b5582907bf47bb9e873a513,75586616
0f21ea53a480e4363b8d7aa9,888045696
ee667413d1cc49427ad448f9,812171712
12bb70a95996dc6e286086ed,1149215360
9e9e3655ffa5921889cd8ae1,1111513216
f2bfe55b6188070fc5c3f59e,1464906752
1f00fb18ad48b32c666fd319,826290176
86f15ce6ea8e97837e6b9383,985299200
7002d00c9acf8b8a4a5865b6,1048295488
3e85deb0237521f1a7a8fa84,885476864
1bf77cd1c4037f4d2ed28036,896392704
ce8e1e2e4a79fa55a8547457,760991232
73a8efbc036911954c07b91c,1111782016
9a2051367d6dcbd90a4d60e0,1541922432
3804d5b313b742228ef0f1d8,1508970112
fd7b741b96080ca5b964cac4,799446720
c4cf9ab3776289a412684892,1114136064
1c51566c7dedd4a46503131d,869577664
62259b400be228a30a655a59,1290360448
e5092b4a94f1c231a0c47680,1195347072
6f435cb10e5728ef45be9f29,1654970112
04a071d777e60627223e28d4,350969280
1117078fa37ed101e9120923,493270688
d56fda10944b088d9cbe1162,1626999168
e01c49250329331a442615d6,319958048
30ab0bbf876dfa515b266c9f,418156032
6aaefcb58913bb3f49954b2d,1358421504
629a6122db92e378f0eab96e,877088448
a8549fa4bb56a2bcc0e15b11,-22399280
34291b30d129222905ffdaba,1014182272
cd5658fc146ae4b5d78fb565,517449472
ce14bec246191176c16c4e27,801329664
46529f0455fd35b2f4a489d0,478429728
52b3823c59546a6ff3de4d09,357846112
959b7ea50d93bf1c36e35005,964205184
5c6edbdf110bca5a66a51585,-22399280
d4f6cc3cc6e923cd37d0fbb7,538510784
2865962bdff8929888a51341,872390848
105bcd15e02d39f70ec2ecb7,734805632
b2357bf117ecb5b9082871ca,258433120
273cb73a7bdec0d291e845f1,1626999168
1f4cd62152d4940990ac6a9d,736178496
a13ff325f90eb49363f59052,1139794816
40871d7ade3e592560d0b3e3,450445344
ad2081cd75928b8f5e506944,1873884288
1508ebe40f90f90a68f6dd69,1626999168
d3cda82d1fa53a7ca1b46a33,1114608128
dc20d46be2470d85ad9e7e45,502240832
0a7fb26822c2ca556f62a257,517449472
40a1cefb3cbb7e2972e30d97,331379968
4c3a2b3e3d5999f747ae0d53,1407272448
a8870552db951bc4e76e7f9a,670262976
cc48e66185c23195cf958612,851909824
09d4b5b5c2f97ff88215708d,681666624
a59320023948e2d915c07306,443425888
a74214a0d4d40b898ee2be88,898971456
dd9f28d722d43112651786e6,628818752
275360e29bf3309e09ec41d9,654188288
1e21ee2ab4ef88194cc85166,340606656
268c1e17bc17dd646d1885cb,388205120
33e22ea4154e8f71062dba8b,399088768
5b5db88fa09ecd8f4b9cef6a,936896704
c41dfc0b917edb6e6ef7b1c8,660539200
3ba6b07e752fa580f630eb8f,1239598336
fa6db64bd7cd8b0f1c0e2453,1069120768
2422ffac7337b402339dc550,945874688
dd6d47e2626e2bf24f842f21,810444352
bb433dc1bd769d684d8b3352,1154990208
812ad0d57e4291da184bfae5,523860832
51a0a1a680770b625579e25b,1139228416
a91fd5b9b1a791a6af59b70d,830561280
094da6ca19427f1a943105f6,1417875840
7af0a604d1901925aa179436,933086528
890df90091e14d1c3a1b30e8,936477120
aac17b54a68bd216e2bd1d45,615963712
fce26c7fbf0bc93937ea5198,794973952
b4245f075bc41aa29b55d324,1128782848
bb70d80b0c6ad3022160c8af,485658848
ac85c8f7605ceff58dcb55cb,382842656
520415ebcdd1a4059d18e2fc,539934336
81547b223494084af3e15bf3,546248576
a0f1496a0b4a7cd8b850f010,727005184
436fd4dce2ff0f71232f4b6c,794942976
3923f0e655615aa6b52721b8,593098112
afe03b938be9cf14e98d4a0b,513129920
0f1c472b94feffc41f1caa44,398542464
5b76ae185e6b41243777cb4a,514294496
d70b133f81d6f1c9d93e2ed5,243177728
865459f5342a0102d255fa07,514298240
fea5eb95dfad452d6786b042,555607872
415622d0f7adb1a9f7009a63,304979712
543edc342ad39b149501aaeb,319071168
89e1d01cb5bfdf567faca443,766569728
e86b99e5dac8ed0d8296e950,828437440
2c85b19f02bb3768c10d14fc,495645440
c17a3139c360750a6de5950a,863249536
cf76e6077d47a14abaf0cfb3,507886464
82ad4b3d5a215f17e745d77e,690347776
dbb4260c89524c78de7433be,330959040
5b312ebdf71ab7971f9fd2d6,446583264
b3413352f0280412f53562e0,275908960
28fc5f188c5e11717cdb4a98,507886464
c4d7a906b747428aabd368cf,997621632
a4dec2ce375ab5e4bffa5966,1499491456
546d570784c7ab8746bba80e,511356800
cca9a08bc4a91f317b851f11,924384256
bf43226ba66a3e2033d32fe0,675253184
c2717194de73e1a1d8dce40f,483463072
acfc06021a7a81313d85f62b,507023552
2d531a26f8b1a8afa511e3dd,952563200
4a8acae29064919c68fc8600,605963072
691b030abfe1190802349715,366460864
a302ef23e1d0d6a273274cd0,567232000
a742f415d6c57e8493762c57,953276032
4672d1c9c3b04fcc87a0ae9b,1134841088
371a0ee537001f7a9d58465a,886046144
ca5eecb01282d4a84017bd50,684810240
40eefaf8c26b8b4736308bf7,711522432
a7ff08f7e09b19c1546453fa,983086528
07a6da2c9c4833ee4cbe8625,563537664
b2d32589626abfc81e44cf70,684810240
aeb68eb7eecc4aecd5529717,1242340096
3c0b438c7a4fcbfaff9f678e,1241125248
c37b357d57918c3a651a5760,684810240
b65c0544e9deed76615a3138,1905680128
3a8b7b9048c82797fb01a8a1,1316214400
7549cbd5c8003204c85ce1a5,875854784
21b4c1ad11bb1feac4d02308,1241125248
b972611aaf1b68340de16545,326126144
eb3356f3856526dc140be7f4,839829248
93ba409ab36d3e10eaae18c1,870492416
5717732a654405ba208c0f5f,884939648
aebb556fa6c9275a9b5c543c,1320790656
fc72e535900c592d6053b806,1031115712
04d77c8ade9a55fddd28b00c,1241125248
028adaf559a05c8882893767,1508970112
95781f187bd3fffa3d1b19f5,1266900736
cc2c78d41e3fe29de0b4ec4c,1377032064
f78886545677e19e472fd0c4,1015749632
3dcdbb92628e6a200adf48e8,930284096
4993d1487d78cd9ae2c23619,1706520832
a8a2c61f2b994411af5d9bde,1122969472
57fd11f829e31e198326ac98,1470549376
59b9a5730cc8a41bb7a1d16a,1423633152
85b8a65f1b00f78e67622bfb,997803520
971c610e55f133a1d1e6c2b2,933767296
0f9867abe3ea0b9c5363982c,1104273664
086521dbe18727963538aa7b,1031074368
bda3c74ea6f73407a3c0a17e,1081734016
257c765ac81bcf773473039b,388019424
80d2415c0460088d69574285,1512766976
1554f8aa4c8fbe17e9e82d0e,1067567424
00f6a62599f25ac506113149,483309920
ae26e4726c16cb2f6a6d3f2e,1087104000
8018df1613094a9e4606c875,1168621952
eae4a1cce7c039c644f01c6a,812107328
b07cd6c30350efc5de211a8e,1232929024
5a2624a08494481388f6daff,1380317696
b8eb177e22c63e84738e7788,1383396608
ca02c904cf5eb96ad20705ca,669887104
8e6dfdcc28f830f2696de9cf,642304704
99fdac6a2ddb1136f7117f0a,387319456
22e9f1b4b5e887cb5f0dbfd1,801080256
d89f812c7edfeb3121bf639a,924362368
19957244dabc3f727733527d,427881952
ad1322132f3b533b4aced580,441899008
40c2ea5f89f5b77cc09d1455,399784512
140c4de69883df9f3fb3a538,269501312
5529091bcc05ba5cb2156b15,1103394304
55c5e58ec636586755df3dee,391476352
6049fb02c166ec9b4471a7c6,327992416
758b4df32244a51b2271a891,618147008
2ed1ae5e6fa77e447af230fb,625932416
527a1c27e038e45d2d1fcd9f,764060032
1d0c3ba50087cf01637de6c0,637196864
d0804da971548399183ecb85,615736640
46a7d0f520dd1e78c0cbce0f,615736640
57e5120d0b71ec6a67746a59,870190400
b5292c1e1683d40be46bc2de,1094446592
01e9c7531cf3c63c04b9189f,848507328
06e91b526821a6ad1372fc44,694732736
34bca71dc9c74a2072f11e9f,789234240
22385ae2b3e7640e8c40411b,506957696
6e4adafdd872a2837921276f,451052416
8cd3031963c612efd0049f8d,1072839808
43b2fb09efd1593a94b61b4c,505833568
74448f56811e9562536eff6d,1505793920
44f0e088fee626993778e7fb,810444352
6e6f7fa167c0f617f50c86cb,1062706304
83da5fb4c15e3daf727a3cc6,1146240256
b45c8a6224ae2656b4189526,870521344
0d926a0b5ef567c627a7eb0a,1134084352
c73a1177d787a5ed72b8a9a7,369015456
75c1083db5c940e626c02f53,650067968
b925c9218f5132c6c81f3a18,378323360
9a091c59b3cb4c730372b34b,686511616
bcc704b2e178dd20497e073e,117965080
6f65de020f663622146b89aa,974834240
9f3680d00c86707fba024dac,883184128
18d5cc463455fdb4d443a6f2,418959936
f1d76d78f9266d9552bb86f2,992742528
74dbd25d407e51337f883659,910137664
88ff73eb829a6ec5bfcc0222,1403579520
ed5559fbfaba86299e87ed89,1150624512
5d97aad3e83e26b551c3399a,1069464448
2258ec00dec6a2b85f439135,1069464448
6c94fd185169e708a08d3535,220672864
ddaa88a11432ca21d3eca774,702256896
2749b5cfd2728ebdf124a0a3,424504448
a7546a6c6194506dffd65360,749836928
6de7bfc5e8149ebc40ec0e4b,486132128
6f83f14861e13af92a2b8cf9,338746720
d71d0c8357f09fe2f77bedde,460135712
90b28f5125a0b8a0e3b10580,1033485888
940e08f8fc66ac29f6d76687,815666496
41d2864e1f73e29f222c61e0,1764579840
f7399e57df358ae7adc9e08f,653644608
1679719f26e7c650f24eee6d,802229696
0803ef3270948a30b3fee2f0,843763200
4a3defc2b7d2cd751c9c970e,1037097216
8bd2490f83568ba653cb74f6,718812864
b4ffd0a2cdcadfb962578199,1094966784
7e5064603267b61520d8f83b,558132544
88964e1202647db0519a8a00,728628032
f3d94d0616744b87ff139533,549487104
60704a08df293592e4cb5719,444233632
347d5081f7bd36c8edc1f352,1719780864
41d3afc1118758b5314db48e,656213184
80a1dc97797c41b61f46ec6a,446892224
c0ff8812c1e8eeab07c698a1,295735840
a9a4a765b1daec2f3ed59a80,720808704
33258f995a375ca192ca4d3c,317755328
80b6c823bad5b4c0fff46657,793657280
719055eed27f361071cb9eca,1458204416
9a354d8c526efc5bcce59dca,1306231808
9850d970fe9fd9bae89f09ad,828657280
f2c87b07466aad7328b7e0b0,786639104
27ca0c2320c520342717355d,270247584
e958bd2b19db118c31f893cd,270247584
46dcddfc78444011abd29870,891450112
061d3fd39da1b4b1397054c1,546182080
3d1a8884a9687e53e5fb0bb7,1464411648
1c0236d4bc291372483a9151,397959104
c1420f278d45b85c56f415fa,995221824
ce6fc507df0105c68c29214c,288496544
e4f26a73bad4e41c375dd897,1018957568
719190aff81379902beb6497,1059896576
da627dae6941b59d1eb98e35,859591936
2189d3297ea703e50ec34d96,822031616
c7205874bee601a7b01a0cd3,1173696896
a22bc19d0d83b13a53630b7b,227736624
8acebaa9fd7e917d7e3b391b,313101536
4e104916ab915cf3c0bef846,759363968
b0df95e9fc94d9aeebc960df,993671360
ab419cd48b81038c5a30c721,466228128
5b9bae6f556700e099fedf08,447429728
989360149d9cc6088391db4d,891379136
bad7560aac04600e1ec1a9ce,1015749632
08d9f04bc4ebdc74e9d80b16,1069988096
f4311c45516bafcfe8864c70,533818400
c84e1db639ee43ad83f930c3,552834432
f778fa43c92344cfbd700432,1340524416
2019bd32dbd09fa285a388f7,576571456
4db834146c4e73b515d510ce,642163200
9f9f2548425519863e2cd6b6,847602112
6c3bb7e1696df587990161b1,753505088
82f08aadf1eeaf2058b50592,600968512
753e74e4dbefeccf3e6b27fb,787043392
a26149f589edb9a903782a3f,764060032
bd264728a0464376e22b6bee,600968512
2d5564a502635dce2d46ef8e,1101582208
05bcc7d7db8d352216a4af59,249979040
4794d9994512f01a4bbb6c48,980576256
64a4528640fe492865ebc0dd,452757056
f655ec98cd42b0bf2d7cfbfe,809647872
b09de5f1e028d4fafeb8a22b,1363062016
4c79f17573007a39bb2b4b7b,916286976
824894236c20b081af2c9868,1075631872
107e76f0c913e19217662faf,663096896
d5e2bbb69ba3876b93af2d3c,866438784
a2905faba4c1177603e6cd5b,1881952640
d13e3d432783206eecb0e192,808085312
6fecee4b1e5f50c0b27dbba4,1164414976
57891292fbd530872cbe68b2,1472915456
d0d6a1b5c60ad420ebf2ab8f,610281280
711736da4f0e8282fc8c9e69,1015412096
f32a3b542efba398907ec912,454600416
299a94a02e887c6ab1de59c7,176341824
ad844bdb1150508a4c6d57b8,981672832
78c17e6ceb87f7587364c873,500413824
22e8713e2051c88cdafe2364,786242496
79c5085c14068e492e402a26,1204573952
205e9d987013859f391b27b5,987560832
36aa7d0cbfe40adf3c86a134,625626624
d54d787189cc8f014ae58aaa,795892480
fe2f1459eb0a380dc31e3a4e,1002461376
ad663952ff2ba1953efdc460,657739392
b7320c35e90f33fbb1c28813,814387456
8f90134b8e68948cb18fced1,470729024
2dfeb06300828182d4109c43,995240960
3f5a0cbba1433e9b6588dd73,785790144
f952c40e24c9df4ab2d62017,858801664
462c7546b358b00e617ce012,885788480
e0df3391aeb8d3f4b00f418b,488080448
1e48878318d35476c3e87520,638153600
e3903705d5a48c6d9f828ab9,680543232
9e590ad7d22105456bebc767,1279461120
d0fe3d393eee5c0cea5bb6e2,637487488
57b3791f2c5acffb0097f7c4,986890624
e11f9a5cf9d6ab0ffddd6096,1135952384
9a3920f803b087c29b487cec,414906272
6cc0fe8ddc318f1bbad360c5,1293559552
3e0c656b64d39ab38201a112,546320448
cd55abdb54bd56d54b11fad2,1293559552
7cd39eb8de56700519d8f287,645965696
d762007a4ea5de370738e875,920167232
f4fc67d9b9c6078003f9af35,787412864
dc0a4632d7378c25be351760,1031195456
530a3bae5a13291c69bb8474,735990656
32b678be83da2a07b37f3012,575085504
349768047d470d2fa6ff1930,711386688
e017c3311e2fdeb50a686547,1710300032
bd0329ddd50f2dc4dafebd26,1581889664
f6252e878aef5f8a641c3d6e,441844992
45ae8ffacfd00fb4a4f53d0f,1139542656
d186e369ed884150e71906da,1020073152
7b9e6b7eb3a5db0443193fbd,546929536
1ddeeae13139b7c9ada353a3,676993344
a1ae6f9f5d02548c89b23904,810444352
dc298d37c5235e15b4cd68a3,1341433984
f640753edfd8fb1a995f1de1,423659200
69a1f439de0f06e1143a0006,602159552
98f253233bfcd16533e2a448,1710300032
ece6f8c652d4227370ef0fcf,1017024256
599506739a6544839bd97b81,1114136064
a12f49f4ac3c5bb0dc7d8d20,517583712
9da00f8ff8e19d26c1342274,929429824
cf5213877dfb4df98f0dc10f,628982976
84c7006b5a63add890a224e8,1101038976
88aed38ca59c09e1a6202672,823452928
e6bda9370c80a5f7e5cb6b07,965536128
3b54ab53b6e3453e333a0939,585983808
e72ff7414cceec6b162df345,814239424
f2d4c1faeb7694370bc65ec2,959427328
e1ffd027cce28c44c0d2f80c,969158400
5c5039602efa36222e64108a,1410752640
b50f2c871166ee1009416be6,698286272
5e7e36116dbc08932f5fcbf0,528302240
325ce336d3df17a078db5166,842548032
a26e967b288a1eb6d8e71d46,429811648
139331d23d9e3c40cf083a7d,704635200
1704b2d5f4a33401fb153608,728898240
ee70354146295365bf241d9c,587617280
fbb0a76f05908c118f7a3df6,472885824
2aeb794adc9892354aff7240,371044544
b0a32581cbb586f9710dc3e2,1012977536
ad7f3aae29fa1e7ec900b563,1148645760
1695225258263bd2f463b21e,894395392
f72fb486fae49fc1de1fdcfd,1224696320
6b8f7074aed7ae7e6cfbb090,1142060416
619dab52b321ab297a604185,1397885056
b5bb9af24f9de68e91a1df76,1139228416
ac3d21f51637207d3e031c2d,1363062016
2aac28d03c2110d871b5f274,391947616
9ef498b11563827597c82947,851564096
4f2ca698ff03df0c6386e48f,380948160
606df4826416ea0f146ddf99,384281536
9ff08a6ca1c63480c563442c,1522151936
ec27554aa1c62314f4d46fc8,571808960
762374e94f17a8783a66d598,600968512
83ca3a41ca4b5337107c197e,356055072
c166a9293fa27e910e1fa9c1,715686784
57f8a1e37c4ffb1b8cbd342a,613889536
393d99ca47315ae98fe9e7c8,1084278144
9bef4aacc63605f2b2b62292,418041952
a266efa4e41df357ac4edda4,1029559488
adfdb0eda9aa97f0d3005c4d,1073490048
f05aee3e433cb036653b4375,1284720384
2dfd1808bb95170a088deac6,578781504
dadf0a00434e8ceefb3e26af,1008921472
4336ff9b2dc1d97ac8f9694a,372272320
eb14a5813f860bb74740da2b,596040704
3d580d0df1bf9dd124c282c9,702256896
49bb5311607e4c7600caa03b,658482048
78a39ae05ac53535ba0fad2c,654543360
936e18fcf06ca3c46eda7c8c,779882752
23f12add67accdc9ed40f59f,392285920
eb1b9e15dcb88964f79e6a4a,377193024
e2b7f984616fff25e3dd6a3f,1165694080
b8e2b98548a234a245d7935c,532845312
79382c56606e701e44d55033,1048788416
983874e637a1a5782f31089f,678309312
3da9de8f610e5c40401a5b78,885788480
cd69a049dd8a3822e228ebaf,1316214400
604f1b5149f770a8f370fc75,429811648
0d24fc1c5deb78eb1a0caa51,565437568
583af1118e60e46c347ec593,1317165696
13b181b46359620191e6e4c1,145577472
50d8333064f0560cbe549f89,704357248
d9000c1afed253d05de7819b,438564800
792ac070d1a314f585f09987,657559680
3e874c25176a3abb336b31ac,454997280
419ce7158ed62eb6897cf09e,458185664
b6b87c05c4238be76d94da2b,370424416
980d809e549333b475477bf9,455148896
a7df3d344010d5bb7dc70bf0,399750112
3d474c6a88ceb86e00f68b3a,250024384
be4bdb73add69f12f7aa6d06,409917504
fa5234ddf23dd0d9cbd3cac2,1025248512
91a08f81b621333ac58c3845,451522912
702aaf395bc78986a008d70a,458677472
86b0c9c1277e9143ee765b43,297847040
9c2c22e70cffe6836f554f24,339322976
31f56b841b122b35615bae2c,371400704
41227dc9c9948a5f0688e426,677192576
781989d4b732f961f91bc3e4,656408000
cfed0221146f4d83d641e1aa,1531805440
8ec491780efb2c27df8dc08b,721307008
8a5866428508658b4a2a4cb4,518312160
156dc81d6e14a71716aebcab,715293824
c24be8293c8f4080562ec0fa,386464448
7fa11c05ed1c123c1a457b1f,515069440
a63c36f6e7e7ce7c7e7fe457,1218044672
f9bca38d3e08176649504e74,801878720
3d389130627ca7bade643f47,592367808
70314b0bd995a4b03c771ae7,396499008
a3c3c9fc04cf2e2a051a12e6,542728896
4cbe75a162b076c4c454dfe9,372125760
0c62d4d501a426cc8fde0c36,448803008
533363375cf2cbc50d86773c,469695136
21d0f28d5f30a64352e60ac4,527292544
471b5135fced50f7cb4197e2,639333568
1c7586fd8a1a38bbda9c92cb,393490560
a0f28aaedd12f3d0eee8c6ea,348407968
8923182b6dcc9f2d8be1ab53,1011177728
67f694b29bfa494bd9d9cf44,1232844928
b721a5846527d5338322c9d6,424146784
ed09fe201c9ab02a91779dcd,1008814592
f49045b312d12268eefedcba,341606656
22ae194316f34d482bdf404b,386464448
4f450ba5de4766e5ecb8a4a5,542317376
235a2209cde8f8b0276c845a,746247168
f563f0899884de7f9bdab405,963000064
5b462279f602c5b67ada82ee,633414464
fa4af69aa064a4306cb110d0,910953664
a70d32ccaa78ae9417aa7e4f,561386624
77c9e5e3a6d965ede708cda6,1235108224
5637f3d3278ea049333afff4,474173888
1b1c220eb91c9448b520b76a,504155456
f4a6ec71ad7790df9578324f,318472448
217e1715fdd5db76ce93cfe2,474829152
2cfa1397c901b4e940d9f673,440502624
44672de0d6d9d0cb3b4ae938,803889280
1c50477e5b3a67f3d8fec62c,1049285952
0a2a67e8b310471b115c60bf,721307008
06220a42e68510eccb4d790d,532288544
611a3e1d63c6ce5ff8779243,826090304
1284d7ed08122731aa7c0461,378400640
d44eebc871d1fa6981c32ccb,697569856
43272151f217feab78190393,724764736
6bff92260afd556a98d3e3a5,957858560
00586a92b53f4a8f9f6b3022,879575232
745e7f6a83b55196f231466f,1038541568
9c558e10e5bbf230f16968f6,906476992
1b425a31cbb73b713f291e19,924833984
076ccba20dac8bfcf184b8a8,587361088
c8fd8b729f4ac6270aff9c9d,875567296
52f026e670e9851b08c70542,301138688
00304df33a3c9a7e396ddd3a,1156026752
ee27eba49457286b5ab76172,687454592
97b57932e5e20416bad6919e,1307407232
e570c5f58a20fda42bfb535b,534301184
79acb227b5ea365414982957,666756928
d24258de8d2ca10186660a1c,544870464
8a8c202c069c20696c2de85a,899339008
40f301afabee5be092ba20ad,1403753856
afa842858299a6ebee166e31,587361088
7641dcf512a05ca754930bed,958656960
8c9b472c55d4b99e44041de5,590825856
88b98c026b7650192034535f,867478272
9bdb1bc52a9ddfe92e6a948b,806467264
4abef5720fd889512ecff70a,1117091072
58b139bc16fa2731e4b76f28,577006464
9ad9ac8728cfc2387285c24f,1361717632
75fd5603c4de9678627f81d9,863908224
9f4a25a5550f016ef2370229,587373824
d4f4d0ed36ac9affd71f302f,603543552
51bf7bc1c19fcd42e71f2463,935576896
49ce19caa1325233d0de331e,1319035648
5aa1667bc8db26bac1c72f5f,920672448
b43b36ea4f81bbfd4dc4d781,746623104
2a623b33f3cc1f54620b5233,884767296
8745eefb9e2761ff7eef558f,752934976
0e49eaa5cde9375b1f026820,611717824
f5acbf43add5776430d8d4a9,1176823040
ca50f7143937a99accef865f,708763264
0e1bc8ba1953ec8c28e53b9e,114966032
980bafcd065c8e3d6cece127,1043906880
c81133d5a58d7e8eebb10c8c,776018560
09656004f0a7f544580958fb,1349631104
edd342f84fc90478e344ea1f,784427776
76974826c758eec5c255c5da,471350368
63b09e45c1b7dca181491030,730023040
89952b237fda041b09f0efa1,1705780864
219164e1d9b14cabb9bbb8ab,1050992576
ac8aa244c21a9b86de4ed599,1109132160
92ba222e2dd63a4453a30637,854966720
bfaf8b7796c8c57bb5997be7,1108387968
dd5a565f854eaef90976c5fc,962856704
f8ccd21343b112d8f9e7123c,1434168192
a90991f865ac81cdb3de201f,709692480
fc57fa9bbc16d1b8106c2c70,1004512512
9ee3218bc61636cf0d7f8107,969020160
c00592c7c0c3a863a1bab9c3,1167809280
f0aa18bf86a36daeb59946e8,1538658560
e186499af986f1959f729b9b,748745600
18420ed4661539a2d72ff400,987280768
957731b9940c9131d92a22fa,741281344
9172caeeaf6498737fa0c6dd,1241125248
c798ea36d2e4a8119723eae7,1264083328
eb963f082209fc077aa72bc9,1199718016
07b7ba964a8e30dc16d66443,1198915456
7fe364ae771a7689d2fa5584,956132352
c59e06a2ed37fd750cf39976,1193295616
ce03d8ae43a426e074ed35f5,1098637312
b76c45ccae25a06dd5fc432e,1051236480
f855725acc115bbbf03bacec,1187011584
b0b0db3bbe07839bc2b600fe,1127223552
cfc8dcf337e020b875ef1572,1201438080
390107256faa08574d7231d2,878400832
fb10f3b45e865b4626f65ddf,1067620224
75f167e2273fbecb2c81ac0e,1072715456
a7b15424d7c025d885636a72,1740398336
f9c11e980254045d7478f273,1210610688
e0b13f6dc213d05133252d15,808085312
c12f362b9060344ad044cfb7,1238692608
f872f224d2af413cd104f24d,1549597824
092045750c36a8945c526a12,1427237888
5ef33cf17d4b45277edf35a1,832595264
fc64387d7c3c91a6e6e876ab,610996928
c1168159d4e2fffdd5662757,304569216
cb604e3a56cc847189462004,1267732736
9e95710c61a4706e21cf70b3,1048192000
ab37f67a3afa274e719ecbd8,774771776
970cb360eb64128037be7e23,686678976
e42fc32db529e088f15cec8b,1239598336
8925028d6e7a6cfce9967779,520437440
759e76e38d84a4188dff5446,399882976
83a376df2024c4c9fbf2a0ca,436172384
a8bb80d99280e332084b3950,825604544
c16ab4a11cf67a39fec6f049,795594496
9cd1127b1bc10db6b8ce5d4b,1402340736
ddfa979b1d7cdea1d7dd0a86,655521280
d78f7a1592c0779093150ddc,710718272
97ce3e0ef38ad12f7fa8c4d0,378323360
5c789f2834a1a69aede6316c,1071903360
c29ec380fc7295a9a770a74b,117965080
5987f6171a2bcb37062ccc94,1020340736
1e91de6194769980800b4de8,906125696
0a0f206f04bfb10c137388d3,1579764992
34dd15023216e187daaf5a07,1031195456
33d2d1db291a13affdc209bf,703092672
6fa5e5160d7c2bed824bc0d0,1471943808
8c04aa7506b8c80c1bac23f5,1364500608
e5d445e39104d9ee6b244822,1362076800
2ca6b3016a89139ec7590f9a,879627968
e567e9e5862b13f0085505d4,157596432
edd1c4fdbef4e6beafbd39b8,288462336
039a9029c4341b1528ca6b46,446380960
fa1533051ea4145f7f710ed9,460267616
9c99a85c5dd878568582dd9f,490978976
9ec426691c80918203394ee1,592798400
66f58d9d1e1eb7e81cab24a2,1175023872
0d0f8ce05ebe99dd3bb7b23b,884856256
6a65986cecddc5c47fbddb9e,820528000
a82fc744f537ddc6fbd16883,794566784
d4c40178c19d6cb2fcc88e48,826200000
4034cb3cb77e9cb39cc98fc5,613161600
41ae9d3d280d4eebe510606a,886493184
4aaf6763c105ddf2a6eddbfe,756432000
633a7038a23ffaf4b3f7896d,858758656
2a531aa9576c5f91891cc8a9,715686784
85d58cf85a179e167428ffa5,762198656
42f05e5d4862d653efda75c0,377154496
256a46a6d45d168169f63aab,715686784
4b0fba692104472b36c38c3d,540428736
253c85b226a15d0ec2fbbff4,898860544
b0bb2299d5f456f800993a11,629389120
47fe78f6299f757b231be10e,1267069184
4d09ece928ffac7e7d270bd8,432098944
fc762d2d172737cabbdfcc75,1062486016
2809252a96f47776d12021af,1128643712
29eb473852b36dcfbda0c702,1145432448
231c050bebe12f568ef92afc,226235808
acaf9e18bbc7295633d92e01,567820480
860435300909449c0443c10e,421877248
f967ad5e086f485c27f09990,1403579520
678927546243e932b48d6058,1329070464
c537ea2620b8c3a3f013c0b9,1516918656
10037227b2a24d9a72ced322,963485440
1b4b3662ca18e731acc18928,1513869440
e6717956eeaadb3e95840256,944925760
ccc4457f68fcc1a416e3acf3,885788480
94d91969cc4b9aa1e856d801,477943808
2cc821cd7b5fa82b27308f87,582370048
f05b3779581ac0015f29571f,791269184
dfe09a5f848e8e819c361ac9,354793472
ba87ed2a657b0b042a05460e,563684160
f967aa89a4440cc1c44bdc54,429949856
81fc8d666c8735e1095d0d4a,1312097152
fd8b9540f1e9da778d566d25,1343767808
70baafa9789d2fcf1bc212bb,537763136
4911f8879e5bc9c27ac13bb1,-49221032
ce53f3477814fdea2889cd2c,481256608
62f022e19ce6608919eab5f9,744393856
55657bb933aa2ea3083e0b90,764060032
808dd470aed6064f02aa5103,729436992
39bc028f3b42d9ea48808ad0,825073728
c0c01ecbb9189d77098659b8,333979808
57c68d470f6248d00b6719e4,802229696
26c66cf2f43bea00e6387326,1506946560
b5f0dfbd34392f6855bb4b52,469116576
25202264e18928158b89278b,1462012928
e93abbb49b24717d3a0767e8,839928320
906e1f2e1bc5cd51a55b0266,1033485888
eef1d35ffd08dd161a36a2d1,1151171072
35e0cac576415a4e61acec80,987560832
53ebe061b85f046ed12ee9c5,1172760704
059d77736dc72013de7767f1,850240000
17d7986a62e0b066e4e5530e,632723392
8236c798dbffb3db51d5d744,595728128
587e67078115103d184970be,617924032
7569fb4aaa9a52d6a525e3b0,696884864
db122cadb7a9c33f420fe246,569022912
e852246b7661d30dd2e1f0ab,621818176
f04eb16931448e87aec205fd,694771648
90e858d3740d4aec0fa21c12,780737920
65647ca6e47eb2b9ba20058d,796333824
d0792d22549d1b3f63baf3ad,282894144
76c4045b5dad9a8226e9244a,366064896
fac4f0bee67523194fd4312f,447117152
ba89ed56d156579ce288dbcc,1339645824
adce397b6d1473b9b6d02865,1302237440
f1a924badef699637ea8fcc2,875161024
3bdce823d3b96e8f0170d96d,886072064
439004dc23f97a878ebf371a,810647616
192e05cd731950f91fef1d83,1895870464
5110c49047db23ac3aa4ace4,732431232
f4f7bd9d03eecf35e9f37619,1451145344
141dfd80a005f7b32bf70375,1023673088
08513fe1cddb2cad74874a59,635791104
6b23aa3ca5edd20134811cea,226235808
0fcab263453a9f196468e552,1083553280
127e08fa99afcaa339eff684,534154368
d2c46ef63db73ba3cb7e32a1,844792256
7c50c93bc9e8846345892c12,1705780864
63698398738ebc7ccebac817,1151666560
417e974a3f0d97e502e49800,1629043456
6483f2fcdfbd26c621a527fb,1602665728
3b739666f401ca6b2135652c,991400064
1b750e6e2e92e8222482cb46,514987872
dd34882ac55c57480663f7ec,802229696
026c6384ceba017c5f2cd66e,523215904
3f4272a3a4b14ce152fc3abb,649896000
5cccf025fcc0a7d9ea01b170,338853056
c8d179013c5bb6379693ef03,929649792
8c258d10ce32150f5fe5b712,817560640
eeb6fa8f820ec63aa0aaa303,1033485888
ec8b305ddc2bc211a8a05d0c,619771904
5a84e6d2ab8db0fc60775d03,706427392
015d17895f32e2a8b616ca1b,534848768
6fa35f1af6d51d341a3165ae,696968512
17821a9cb766b0f3ecf24e83,658977216
23141c17df584746755dc508,745446464
00076c8f390d5dcccc133309,932095808
25488b1c8fedde6250b413ba,820184640
5ba6b4953759b45cb83512c7,878400832
8ea02baab0c59eac6584f62d,1162268544
b5c34f90096fc88b8ca758f2,987560832
35bc25d0f9de2ed4f714fc8c,996297216
8b0e1911b8ab8028409dc9fe,1500471808
2ba1672e49c023258d262d1d,696913920
2d778563921376962d126cbb,1117060352
bfe7c873b2fbad871327994a,902170816
72d0f19409c85dbe32cf6ec4,1419915520
d406baf5cc9b4473ae9b8426,591607104
070912b7e5fb205918c1f4a3,401083104
659abd72d12756ba0670f466,295837152
7a464b948b65544159cd0db0,476068544
e89774d061d50c83b409a071,442283264
fd6b2efe5da2c35058333bbf,725589312
4577c1623c8407e95e893e63,609811008
21adc839dec9e8efb128abf1,587617280
aa843a050ebe8e4b3a04e9ef,1564220416
0252fcaf7bcde09274d34be5,711386688
46d77c92811f0c87d2d4907d,1421133696
a8c662f906075eedb098ae5d,1018028160
b8b46931b93b7750e0d1ada3,433709504
efde559422ec1dcc55abc686,995302528
339bc881458ca34bdcb771da,952734976
d7ad6527cae719481f849927,1027353472
df3abaff81c430b4ba85d4a3,1153133312
bfd2f20a7bfb0d865d7f7193,1139228416
fa3ee96e6b6ffdfd00aa335e,1110775296
163228979751798ded8c3fcb,324070336
3578144f12e13e98e8cb2480,481897312
7136cad475a0480044707984,1572206720
93f5694b4854068f42ffe55b,301889344
51608bf64739db05c47a3bc8,807536064
6a01b6d09d516d67f4a2fb43,521685280
5f26f33bd89fa7563ac6873f,502240832
aba54b001154ad881dfeea6c,541953152
b2eb63e5da917ce649a72142,138561872
1427aec89ee9564b95e93cd4,547550272
a0087db5e9e2cdd6073021a7,649941952
4396f94f7f3c403c43d3ede9,555772224
aa703cc78a1ce659901e711b,362101152
0dd1bb83f0f18af30da139f4,866116224
37efd3e2a5b6567957c62081,606286144
ea47ad6335e74dea06228b16,565733696
8a975117ab302b77ac057823,891450112
ca5949c4bcf0b63e5d1be784,621397632
e9f3f41366d5d784c2928937,744179776
7a9c505db21b777203d34bf6,790729536
238cf9f99c4b01777a97f82d,891450112
385fcde12021f4bbae6ac2fa,719071936
d9eaec557a7a6674565db1ac,1874120192
30b0c440c0bc8c6005855ff8,728252544
09feba43c0b8f3560fe09be8,1250097024
2547bcc87b618d3d7e22dc21,843704512
1240a616080d6ba5459335a5,1659616512
7cbc8fca4f84908ed4e7192a,964283520
151a16e94d538a7a6d658ee0,484197024
a8ecaa9120c6da21229cf145,854990912
3ca34fa833e6ba10cb4b1944,812845952
dca2e851b82c512f01611ade,493270688
3747996611a842c452865a9c,560034176
3528df61a44a9895248336c9,1264647424
398a67970cee5dc873d71bbc,458677792
1ba2c2eedb352ef9bb59c638,1101582208
f6f4a467f40bace72ecff598,329836544
b2af9047dbf58867ed0c42af,932715392
012b8d616667a6dcece0dfaf,890114880
0b117f10e699f10f97a7e7c6,1111782016
8d5192b6208902ddf4804839,1297960704
b86cad78da7bf06b5ac39f99,804048000
4cc8c95dee29e43463a8dfd9,450591104
76846ed8b7ab36821b848f2f,673191360
5428bf7f37a94ce9fb2dd435,823651712
b22c39c3df7d8e32cec2ba43,670096832
44f5380847c175a42becfcdb,930212032
fae53fba5d405b2e6a3abf01,244102752
3b52bd5eee5ef8e3871dcb3d,959501120
21eef7da02b0f2a2fd987135,1227568896
1dd6b0ade195edae38a4a20a,818456192
f359afc7bb50cf6a61ac63d6,449993728
b0de107a8cfad95f09876eb2,1714041600
2e8c76f4ed59cd3924f7136d,991400064
06a2efde5244f7d653ddfb8e,769944832
f72e2f6cfbd32d97bbff3ac5,872251648
9705748d2bb061678a80826c,1649934848
9620068cef0622c404e15960,334994368
cf2e8824527989d3cd29c058,408638016
6e606a7c8bc632ba0ba37184,587989504
63fa384ea296390350f23d7f,1104130304
4d3f5e7ecf4d361d7eb55f5e,771494464
e31a209077a3e47712588730,371054080
5f18524e839c2987594a11a9,1224072320
def06f49a0b8230ab613db94,718668288
faa72370e4c7718964930805,718668288
983503bb75d84c410d1c5d3e,1111775104
30f381306494ebaa760b990c,613893056
5e72dbafa642e4f416e6f01a,803236672
3d5ece38670c1c96df4cfff8,613893056
1bd6861d451d128c8bdb72e4,650628224
072a6f084d31a5a4be4060dc,699390272
4d8deb43d663fb079262708f,1201302656
f00b8eac1812a500d7a732ff,1418875904
77a62d5e2c89da24f66a2118,1187712000
961886897eda4b0ce54d1d82,878293888
6f6c83ff891e43b7c84728e0,1318779776
ca8c85e8100f64416146368e,1165362688
24297f4a3e14c24c941e7720,1085722880
98d7f0935f021acf313630a5,767645632
a362533eea6c235049bf3359,684810240
2ddda0ae748b38a6258f660c,1136971648
b18107a422b9eb6da9fb692f,1013835200
11cd643195dbe5dd4567b62a,1043129344
c9ee7f0666429c0c15c37499,230034272
c386d1ac4fa8dcec4cbf9788,742422208
21e0bc9789139640ea33ed09,1497898496
cacb91ac1b835d62422b8a8e,867376832
bc41e69def6bc7490800c4a4,250655248
7a13669d2d7ed2e50b80b4d8,387976992
08dbbd8d672fd09463c061a5,935335680
cb93b0d5e9a26628b0462b14,738748672
d6a43f209f810455fa41dfd6,1121882112
ed5dfe95f82f4c087af07045,1124652672
02060d2f56e979a61427f806,826194816
88ffa9f0bc3f6c9f2e589a75,1015479808
b48093abeaa178d1f7fbd83b,1298539776
b42734770dacb7e580a6d742,875854784
d3aa845e96d22f31a3656aa1,550682112
becc3ae7a71d597bcb16d261,711522432
8dcfc24742ba669335a2d65f,886046144
45e2411d38589a2d85774c5f,684810240
9761b0f43949eb5307472ba2,1031115712
e07035cb49625760c7da85d1,289442208
f88bb9c5a471504c13d3616c,398542464
4bb5265c6e63449e5fbaa270,1168621952
ac73b8700744cb7835f328cd,326126144
a632ececd6a023aae8a7b730,828098752
858288683063dea9d5c57420,885788480
d04f549fdf8f34bab19a171c,513129920
6ed5fa8f114431d158d35f43,507886464
f849dfccaa8163d24ed935e2,483309920
bfde6e7200fc27e6e6f1497e,1377032064
59c11d3de7153d2605cc2273,1905680128
33ddf4e1ed8c864e9db16887,1015749632
00f5ba660a4fcf6ddb96220a,1499491456
a13004b87c6d7e7bf6b75730,1266900736
eebc02ff14b6d270746ca055,684810240
65ba6e178f3565a84c6ff973,1242340096
a57f40f00f80abc7450aaf9b,1316214400
df37b916acdce817865197ae,1241125248
b5c074ee2e2538aeca099fc4,1087104000
004c9da9ef1b3b5e309e475a,495645440
c5b47ac5c4b7476d50bd56ec,563537664
778ec765417db9ee48d697de,997621632
b287339babba162e290d0fb0,863249536
4d35e00e86a9d508d82ea90a,514298240
0dc2a023fb6c5e0b92d86ae2,757367232
5787d7c671378e596edfb58c,684810240
8595b5517cb3f1ff8094d67c,690347776
f4d53276bdb5899c6f059c67,1508970112
9562ef63320854bc6f94b5a4,438968160
c04e72fb6244d9a9b28322b8,939304576
3d141576443a97b0202c9672,1120543872
7caa4bad394586a46dfad854,891379136
8420bb74fadc0c8853cda025,434627200
b274adb68a37458cc5181fe2,876173568
8561bc940a91f029147430f1,1020340736
258a968e403e747af5693a3a,1098656128
0de34892fee879f449facb19,347430464
9634cfebe7e6b095f0065ee7,843443968
1f3544c9f47bc00fcdf59d74,483185184
e3077f6e47d130106e7165c9,626394048
f0ce47907c3c30b6b5e990b1,644154048
1432cf7de2beb14fc7603ae7,1083324544
60f0df18cb4324ce5f4bf650,985299200
7c1dc421f5a689aea5babe4c,1003174080
020dfae44183c65b708727c7,773746368
92a9c07259efc617e7d58f9c,529973632
18531c57f6dca78763d360bf,626856384
dacd62440872b6e94ea56fab,298571456
b607bd072e8293d6594f3829,565549312
eb86c1da60250e5559fc3cfe,373566016
fae649fc7256b9a3ec036583,595623744
b7fa81aa571906a93e9b6cba,1084912384
0823be832fff81b3f1291859,330924128
fca3a0fe5db369235960d285,331803136
496fd5c93b2a578d970ed55f,601778752
9c63c6c27c74c03f071385e2,692168960
6ebe90f7140b738b3696f086,935555520
7110d6374f3fc282e4f4bdb0,460267616
d33994c75d98941acffeeb90,1423195648
b8e8d84450f5e0bc8a721c94,1408426240
cba57e3b393b3e392c7431fb,1443330176
fc2ceba651bc629e7f690849,1298539776
857761b5fc5c7d101cb765b6,553087168
55f67dd7302b68477e803399,544743488
19f538269846412f3e150a4a,1867982592
75e0fa8e5c83c49d3a0dea48,1669962752
fcdbfb9e15352cf210cce7cd,1233707136
c2b91ce4b1bc8c576a0ce1c8,1200072960
73eaff92528288fdbcd61e2a,1304758272
f6544a1c169aafe6c8142907,1358243200
cba9aead5bad82b31da51e6e,1430043648
b239bdcbfae846bf74791728,769372288
3b823e81c5378ee3c977e863,458677472
1b4db5fcd1f92d3aadd5c28f,429139968
b50a6b85399ea2c6b5c33405,584288256
1e6176a558f301d81bb050f8,618469504
8bcc1b035ea93a5192256b37,1037292224
71a3f0980cdfea0ebb869935,516095264
8cd0345dfac13ab380240b0d,458677472
e66b2c71519ef8756db69b97,451790432
c843044c1fb30819300448d9,216091264
4ae10e7fec364242c88e511b,476543840
c9e92b994e48df83dcf9976b,1676025984
27f41f09ccf8d182c79cd48a,1251585280
d8a7c0b01bb545c414e12a23,1002757760
f3e2fddf1dbb400788a5517d,794452544
89a066b7d6a31dd066fa0d32,809647872
c245bfa6587eeb55227c8a4d,474829152
500d7c5346ca11ba934e7ca5,1070112000
536fa59adc007df763949045,890114880
223813dc0188fc229b63e8f3,1484268032
7c972ecb7b90537b1da0deba,445584960
98d8411005ac05d77cb12516,452757056
d12c08cf48be75014a149873,978933824
955544a0bc2eff312e965c2e,1180200576
20488db7a62f765ac8da0a2c,371871936
3f370094239ab6fc817e9ec0,1472915456
ff54bb34225682d25c551178,978933824
d0c7294b2184d0b4d0e2fa07,1472915456
104e960974eee31e7e0eac6b,1362412672
0d477acd9c95e9ec63839a53,351591264
6d255e0026d70dd44229a2f7,565119936
926cdc0242544bbc850520ff,568040832
e75a05dc0018f29517948ea1,486797728
dc40c56571cbee9c2b7770f0,598373184
2f76a2b53e091df35a125b13,501655808
a4a49182c79c72854732594a,563375616
50287f73d47b4cc4c2e1840f,633527040
5efca36c25884a2822bb7a81,832335616
4347bf26ecd61ebc7a16b4a3,684810240
7c979648ab3729b2c0cd2106,1540310144
f40acdcf5cb9925c09c9df7a,1010844608
6ff3eaf8b5a2f16efddde1cc,505882112
d35596846155e74d1a637d7c,1095088128
a389a1ca097a820fd9af9d15,810444352
ef450748c440c4958e5db54d,1186524544
02779b92b2f9bafde0c75c11,609678848
77e5e0b64140fa00b0227a3b,806809024
eb55b0778607da932c3b311f,1186524544
9fa391febd5d0a8e4c6ecb8f,351450656
6270356f1cc3dff186d0ff4e,443064960
ea7d5c601c3f8c86ca8f15e1,1341433984
072efeafd082025bbc5a25e5,514726816
d8bb6151d30573c7595ee7c0,1178274304
f26c43f2304c8c694c818a9b,542851840
14ea4a7c57d830eba13638b1,989859584
c1ac42dad98d2f23dcbf140d,659051904
aa6af44635b5d51da4b02059,684810240
291a4ea1a695347e1901bd4b,1091695360
024d2e34a561efaf4811c17a,750801152
e5a40a555d11d4429b9675c3,670325376
3a10398b72905bd710ffe9e1,1033485888
340d1313fc2dc8e5b6918262,802229696
699bf5460c63a4d0e4542ade,1466145024
e98bb3a89bcec8650e33e730,658548928
5de86bddd492f76596b17a0d,979097408
95dae083200a9e43a5aaf210,913523456
23fe512fcb21a0b84781a318,491793792
a9dd62f527cb0dbfa51aeb7f,784682432
8964dbb5b0cbfe509613a63f,925647872
f75009356c700f7da7106cc7,539935680
6f502f363fb55811478e3b88,613176064
a48f29071cf207b27ddb03da,1241125248
b46bbf66cc82a4345c5da177,784529344
a460aea3370926825b0dbc13,1045584000
7a21a8d99a85171334695004,874191360
279f6f594d3f8ca8e8a5e2d5,989898688
bc3c509022e3f6104cba5203,1177555200
654d2a3a0e02065560ba2484,883508160
02a2ebb6eca5772e3526d78b,931904384
d4646b7f4dbebf9785963cfc,559297600
68fabddb27fc928b57efcfea,455659584
53688de79b052b3185fa9435,424486016
bb962a9e3861b06ae1daf833,819883136
d80c5f0b8ba55e7cf105d282,619599680
ed88c773fa9ae8bb29645fbf,1126728064
0c3af9e0e9c80a68acebd041,918128000
0faec12daf0493a512b2fa0c,1161216512
1807debb0a0b590b9ba4ebcc,451551840
20a2a0dfc963fb8a355e704b,1266900736
a2c033f497e62ea10ff8ba3d,1168425600
985e40843a30150e6892e4f9,1241125248
2ba0807f8cbdac389424ae04,1116442496
9a565e7220cbc3d5d340e8d7,579664768
33598222854631e92fb72baa,741090496
03fb5bfbc1895115a04e8116,794190272
5045ba9a65b4bce4fd305f82,613341440
277f6440854cb0c98728e685,711522432
12c7037cfa63de49e984a789,563537664
ed9976e922a774cafb601f5e,513129920
ccc70d1d8e4411331730bd7d,629988608
30d38a7bab2eaaef1ff6be0d,684810240
31a6c440ca9eb29acc0f1086,1208208896
7a82ce4b2dcd2b43485f5047,1241125248
a74be48ad396ae4aa33ffed6,936686144
4ea46b833575642ecb2ed1cf,378323360
b780a0ec18c61b0760df9433,848936128
b83a5c303a2b079585b9b94f,808624320
a3c45875c0834b144f834798,508252736
c3ae3f44bbae215f7f2fad9b,631307904
5d54a0a596d49d9f85f1b5e8,938612736
355d1fb69bcb4e8e8ed9ba1a,1033485888
cd791a46ed616911ae7d4fbd,802229696
d2d2f335839ed35571b19bb1,714871936
0823b0dc92805ab05d3f8650,956305024
f92f4d135119fa88994929ec,1310001152
401f0de98764e9fdd4055406,338837376
68a7d01e50462f7506f8c8d7,685089600
e4434407771070783b97c014,926855040
7e1153d411af129357ae5c10,842647296
f409c701e200046f574f4e06,521440032
30a8b9c197bc42f088d0b873,490621856
d5abd56b5a8ab8c2f61a07f3,944521600
805a27aeafb3ca91cac56d14,970112000
1ee04111d277e8758f740139,895068288
b9de7d7b9a8ef7c64e5f6bdf,709603136
5a12a15af3c0585d81ba8f5a,964987648
abb63383766a9853c1091c5a,1195094016
1f95c205d5094c674f6e45a5,1213378048
4911a6285f548dd30c8061e3,919700992
0b9730cff49bcaeb4d703c06,1273214720
f033750cb9db15e886b156ce,1273166976
fc7e93bffb7fbbdebebfaa2c,1773269504
4f500afb7f7bb42189820a18,871212992
3921d7b508fa1591d40802d4,511953984
caddb9dce27a7e8012478da5,484166720
4eeafa126ac5f301cf60f9ff,734805632
59afb00a84b4f2a9ffbf71c6,1058783616
7baa3608aad1fbf357d789a6,708929536
a5b8869e9cd3d0cc32a0b298,967652736
d084dce4ab9c4008ffa3bbc4,1403579520
e3ff13537ffb7172336ab5c0,1172456320
1bc2ae31ed1970ba52b1ff60,1172932224
eac7136b26bccb3c5d2b6202,399882976
073fccba71b28afd815be434,885788480
9b1c23d616e9407fff6553d6,477361248
4122eca7b73c1347a7814a70,1104130304
cece8267e60c2461d6c409a2,1373024256
ba4e89128058d5564987dfc5,477361248
69843aedb25a928097a22a89,599001600
a45863121bdec787e119b14c,79892928
02e8811bff38125bcf8e1a6d,521685280
d709a76487a49bf257489c0b,1219773440
46c42803286c800351fe633b,347330624
2ae3ae7f794d558ec119287d,1597288704
76991a35e9c1b69e1616659d,442650944
3de5d35f742cb4eb68d5f314,839916032
a53c748935206f61751dec1f,903286464
ddaf8a1e5e6922cc3dee5caa,443724096
841fed959f036a03697868e8,472367168
ebe1b5c9471f3441a388f7ac,717396416
f0f9bedbcb57383511805d17,472238624
f9402b785deedebd3ddbce6e,734743168
d1f92e6b18faf07ab70ca1ae,1525722112
6e794276348acc39751eaf47,1344222336
4b04e0296820d04421db5219,945742528
ea0ca17e989ec57a480aa464,1114608128
cc6fcb8ea6556f676c13a76e,1124969088
2778de5e56ad7ece898249e9,735340160
9f0bdae4f8609ec93588de3c,451365120
90dcc3f9428a4e7cc396a15b,573198656
2d7bf0032580e6b6dd1ce36b,1033485888
c45d86d17d1d0519b455b7d4,826963776
4c7e7cfb286d82aa96356fb5,733766720
edc204c3e18368e0a9eab593,1579175808
e789e801fb5d4501b5d64e2d,1111782016
3997c10ceccd2f8c8e43cda0,760991232
580d8eee8dc4b7d43cb193c7,885476864
c823e3fcfbf0c43bf2d82586,1201518976
30677852542c78698083d4f3,423086912
8fc78c514a2f1cdbc5ae6e1b,1195347072
73c618d704a2e1ac2bc41954,1391656064
4ba85374c1d1f1d3f4632ca1,345756032
9a471715e4c4865b822a6b77,375043360
4e9f1e21c855f1166428fbdd,760833280
f11137d27a5d7fa57f94e97f,1042918336
5fe5f3c5919c0ebd57ec8e36,767176128
e40742774df7d2b614f32de6,367359456
24b28522c72f7fc359f2a718,1010490304
26ff1e1f4a6f6bda702fdabe,610413568
9e617d1fd8a4f33d7b66098a,1060455040
3b4e889562e4078f8f369172,366713856
3a50d40f15b1cf5bfb338092,653209152
cb2188cb8e534973ea3411a5,702256896
fa57f96bc6affd285d10c4f9,777176384
c0ea6c76eb977d83c163fd7a,492185024
367cd12d7f4aa93124047eb9,377193024
54952b5f463c64c605576601,524938528
57eaaaf24cf82d885f0f1dff,658482048
f2ba4a7a0765c3ce737b5c81,885788480
5282c3c48495dc31359e70c6,403861728
552b01d72edb192663998c4b,1047147904
5f3a1ab21669ad9234d4dc63,565119936
68f431548c330f84c46174f6,964283520
048051ce9bf8f6a48e9451fd,1217799808
fa4028ad48fb2082d167989d,1132344064
5b1902dd7768f5144ae7704c,1165694080
be0a8f4be774eeaa42fe460d,399882976
16263617308958055850aef9,1177131264
729f5fab1578f8cae4fca8f9,1042328768
bddb9388922dd56737d8847b,1060293760
9847a4ab995b7b1c30196704,1103476736
d19937a773269962c7f9e8a3,1048788416
b3c8714dcaf5322475ce2c60,1405467776
875126e5776dabde40e29b09,1685774208
3a36f59d7c0e6c4eb85ca0cd,1464135552
630f00e15cbd7826475d1509,1291093632
434782c3d1dc2b9ce7bcbbd9,1031195456
a470bd174fc7587dc1449c89,989898688
99c6f87ac92cc323c8caa005,1290360448
ac9ae945fe25a46184057606,1237397504
15d910dd93e0aec22ccc2083,1402340736
6e1a9c8457d3ac6a57598052,565119936
14e179618d1a44c5c55e23e6,446270336
2b8b979cf1952fcedc63ca9e,485658848
7cfc3061c0b2f3bd48375ab9,739266944
7200e3ba2013876cdbbde972,480835808
9ddc1924043ee8361201b39d,882903424
f22d6cc8c9611a7c23fa8969,1310615296
b7c0a0a4f5c5b986a70ff249,789670400
adf176b63ea23e08d252b5ea,1238072064
77069fb9fac6b61aa6a89ae3,1261815808
7f0f27f6d30c743acb3e867f,1166154112
7e299fd8c2d53ff1cf95aee3,1102254464
f309733881a4f89d9c8a8958,641695488
0f937643c067371018c8deee,1829971840
8e35609c1265ddf59e1c015c,981601344
c1ba606f32ce0337cbccc2b1,1473348224
15f02dd18da12f4d7b0ac2ab,1201429760
bcbe8ed608f233d5ed7362c1,706031936
14611fccccfa2a6499b2acef,393490560
b10b428245022d55db248b72,402517184
13e6c5cde1004803fed93cfc,460267616
ba31c38eada33f680d44627a,719614848
3786daeec4a4fb40ef07d8e5,848209216
7736ac030d8b587f44f7898b,522808128
98f89d21e5dbe53f8704e745,991400064
981fcb79db3881259eb303bb,362898176
08bb88dabf0070f72a801a4b,889507136
32d56542ab5486bdaf4466fc,991400064
c0f911fe7ee2113ec59cb5f8,448285120
3adadd50e603746e5e4fc082,1463344640
d117e9672b3ea0435e7a894d,222518144
020473766363019ee40d6685,938766144
b04d16faf40ee02eda59a9af,352705600
bd6f3819a1c0e551598fb9c7,47796584
5520cf373444931ed8630635,729995520
40355fef059659469e16e3ec,592167424
deb844a2812586991b3022f4,619541696
ac0b895f523b53b4abd013dd,565119936
ac208e250f5ae3e5e1008351,811383040
0064cd1c55914cc8370a096f,748114560
165fab7a9f8dd404cf4e9d9a,175464160
df3eca0f59974a812b4ea9b4,887385408
1b7c062b606d0560e850a2e6,211170144
87ddb3a17b601cf7c61e8c07,764060032
837cb6389640f3919bc73e9b,894563840
77bab76414ecb20888cef7a1,874059456
a9268ef5b7133cf6ed1a376a,715655808
cf7cbedea50333cd2dfb0e30,989859584
b0cfed2d25a5d78c96d39d20,1118913152
ec0c283eeb8db461c20af1d6,620270976
27c3b7ba2991e7bc0c9fc322,654543360
0332c7ec0d3e547ec6d61664,826681280
e58b92216ee6438a921ee0d4,843050176
f7959842378c94c9f620f561,569137344
cd0236af88ded6bc15b49eb2,522808128
d40e0c2222c0debe89735e88,569137344
2bc9bbe0f0216ed9d865a85a,355331200
e9bbc31499ca187c6a492175,602120192
f2409d037bc8b3e63ca69fd7,1226319744
5ad71b7cfd356a75021174ab,1131084800
67dec8c47ad4de9605d56db7,810031040
c6d679cc07ce4373197748a8,1339911936
a36ff3637b7d2b1c52999ea8,1229445888
3a384d68b7ddab45e01b6e99,966119104
42d34ca2252acaf6e777d23b,1166000384
c4b2a42a8908cc35e649fb16,902975424
18c38418824075acaad8f960,820546560
85bb6775065df76bda33f738,1042171328
14cee0bdd9dd5537b96d0786,1032194816
ab332133aca64315672a7192,595272192
d53b60b0f2c65918153ca2e5,584847232
ed1f81648083d4d2726710ac,1260605312
b6692a933facd74b4b11569e,483019680
90e00fc58569167c00fae7d0,656625920
8a514fffdec277cd46c7cc71,364384960
7f0b4b5851c77d78805320c5,709254784
fed1a608e3c0f2b79cd02ebb,316484224
075a5474294e25da55373a09,515653280
8826b9e008064cea38855d35,709254784
660eb3b40b2bcd07df8f5c3f,836925440
d55cdfba22aae78b6fab5491,794942976
ea6e83dbade169818975e5b3,943887360
dcac44d3f8024c6ea1632432,467363456
2772adb268cffadfb2917c2f,807256192
3192bb7190b9130c4e67be4e,539088576
9d892f73b02f001c2f715607,875802688
c27d72aa1fc5d37f4cc105eb,820528000
6c0ac32bc8a66844197c5fb4,956299712
52338f4f7c8af6c649106a96,501655808
356815b8ffc300fe03073b7a,1071059904
22c780d56cb97fc34f29e9cb,333824512
806907598158861a6958388c,429815936
449cddc4dc3ef1e93b7f7c26,639391616
b225270821758e45cdead76d,811647104
e07bc486c6f5541e4788f83b,1074173824
970c0d4928a9292748c0fd00,1478716288
f73f720abdfe4b5adfa2bcda,664346560
48d3b0ef6e5f999bb90fbfc1,750370560
b3ec2f8af6e9adce047536b8,1582690432
0e1c66f843e06f14d7264864,1095545856
91c4f018fc7939d150593935,1454669440
102434eee07ed18268857a9d,1073031680
a4c70eae507d630c2f285eb5,859967168
45abee1de734dc32936d0b1d,1034048064
82bdf442e186baa829e06da1,505833568
019cd320e02a64ba3ba9a37d,1174326528
ba1b3c8ac8afafef56233c84,791171968
3c3a0f57e030472879f454d8,1146847360
d520e90e7d0c44a6b8852e5b,565461184
38328747d2e1e0e568c05523,594522432
659e9ad0f593b644071cd850,727312320
3e6645f2cd377ba17ae2e46e,466046272
307eb683db84db535106c445,761310272
26c8961848e3a77d98049638,1275821696
52373e15e9dc1ad371a0c090,441474592
e5b2a446c12222efc187e02e,742915456
156f706d1d30de19f7e369ea,828667520
aa94d2ad36bc0e91bf561be5,1078382464
8ab41842b8e41b89d8670ecb,393055424
b19ab02a8e22f3e88a26031b,684810240
a6b1ca7a4e91c4c0f4366984,662702720
a277d5e8216fdc3d7c93eb2b,842078144
f939b7271c4d399a5e647f8f,959241408
941392f9a135909273422dec,830077120
e07d8e9e38e309958288a516,863225728
258f10f742fcc835d53063cf,1074929792
fb672b4cb1b66f2022f36a40,758629888
ce9dbb6d009cbdbe654edcfc,702467328
22e524f1fab17d5b8616d741,970231872
7f0d874df9235245f47b04c3,771598464
27a8a052b815998c771a1f55,970231872
b80593fba07e21f8bdbc352e,996985344
d18d990404e7fd07424f5a77,774176192
033599f7e7ecd8d9c8cfba46,902170816
51cf2fa527c3db62914169b7,549487104
2b2fa2ed0055a19859e78446,1111066624
a8e1adbf076dd737c079129c,1486722176
adf948af7b24f9b6f29610cd,420218400
23473bcde48f634641769e22,220672864
c90486bba327ede32dec60a6,584266048
d254d88ea0989a609b71fb72,354793472
2373c595d24a7b862b518ec5,600250048
ec401de1c0ab2dbc149da048,677893376
17c0a8fd3a2c8b5b18d61e4b,630022144
1a1016e7a96da2237b391be5,776138240
c5b40b510bf7f121c93a2332,789992128
aca37e216a27b4dd5337df99,1326550400
96f59167d17d1c99f31be997,708303168
062b36cb4a87cec372f9f91d,1403753856
0466a7e06b152c1860d44334,1146240256
f44726680d0c594a2d430bbb,633275968
8aac8946e7ae5725971c5557,633275968
e1aa6c46135f4d1aa1b7a1f4,838622912
fdbe5801070756d1744211cc,1456848512
6ec4c88b8d3a16148e2e7348,996807488
57c87ce038e4e523b4ec189b,1259243008
9bd500fb24eebd53d8262b62,996807488
85a86e01443aba593f95dae4,782078592
13e2ec0a12c8a48a753b85ef,787329664
b93dc01af5f49e6dcfb7a547,467326080
71a42155184509caba01a1dc,502791904
25fb1c0c4aace859265de172,1034048064
6f63e4f866bda86d5c993c8d,348407968
72bc42a5c73e7b1f9d54c835,1138800000
c06f36b42021a1512cb6e3bb,220355808
f1a7fa5dc1996591ff97a34e,746247168
6128a8deb1f0bfbbf0d67769,1021693248
b5254c6c29b4f6984d328216,700408320
6cb19c3e491a60bb2c166669,1178274304
dda4ee9f3811c29e2b261a5c,565461184
7a564ce9a4ed3d2b8fbb1103,1034048064
63b982fab95cd17211a4a58d,889658432
5272c50f1d8fded01f7fb0e0,686615680
02b47e60ab77588aff6cb433,339322976
ddcc7f7a087aa5f4797a8a5d,935555520
77a887ca508d924ad5203194,964896896
b57ab7afef2b8aee016ce6a0,976390464
640a801d503d85835eb65a42,750801152
767ff947b16b2271f516c28d,657633088
1dbb46a250f504e9c8673bed,782957440
fd6e9c9ed7679485dfd0b022,756998464
7dc4f9de14c2924b229ca0a3,1043906880
3064379f468404110d594c87,590825856
6005ebd6442c62f8becdd2f5,920229696
b62e960eebdf95c2eaaaf9f3,1090308864
7b0258f1aaee97661c34de64,1238693760
91e2f9f7d4ed776d38a3274f,828914304
d505277049a254f960e114ef,657238272
32040dd7b8edfbe331773288,859081856
70e427235490d7d9c9239676,1363882112
1a2aa38b8e18fd7ed5be77ff,1066444928
4883f7ce7086ba9c8ddd4315,699005952
4116cde03803e63a3e87e847,1109132160
d6de5d741702387dc3f4481f,1389893632
2346533f4712f3bbd036d85b,1423195648
f6a12c0f02fcff1be042ed0e,1298539776
eba3cb8156e0115bd7dfb525,1323789440
ff27ae490bf03513b6bb386f,808085312
e87779bf2f8af86fc4ae9583,432268064
4a809b3987cff0290c1df8fc,577986304
8f4241a17d1211687bf232c4,671656704
bd8c1ff6f9919ec6f1dccda9,796997056
081e008e772c6a79b809a87b,1163244544
0eff08cf4bc42dd442a70231,828263744
b4e084d14962cc58d4089955,1148645760
d02c3b5ac6fa0ed6db06e490,975834944
e8abf103cbe9fecbdd758516,1148645760
05308c4f3d0e0887e4a68a92,628379200
256a6ba3ff423a899229f154,308867616
097314d920292b46eab5dbc1,816543104
4ce0fcf14266d144c82f8d4b,639024576
548791b5faf236b1c03b7523,1421400576
40ef1682158d0c3cd07f484b,1490488576
7b473504c85e9cb576f951e2,1430422784
730c7382d76a07904f559b28,220672864
e05598d3c49f409b937ff2a1,1158565632
844dc89fe6588acccf0c7536,197294272
ad1492590bf61d2cc83b493c,751673152
88fce3ad9b8a965dc11336cf,517298016
b76d853ea415967415ace0d7,1311325184
c12c81b3eb12bb329466e88a,1097191808
4e27458d179a469435d02ff4,271044992
8d15b4bb1447eba7a680ef47,638281088
482c7150c7555cb35558398c,1212179840
e5d6be06fd53d317c8e5c7c0,919890240
f798e7105aa8aa66750a2c85,1278328704
eb24e0a0ebfbe16eba466280,1522560000
618dede0dbd48df4fe610af1,1151178752
6fd936b82bcfd3cd2451bdfa,1054968704
adbb5c4ba7be2903799a51b2,1344339200
3a99197868ce338c738a3b20,843704512
d4c45f35f214fc226ec85b36,1086527104
c3140ab2134de662162af508,121415520
0fe23ccd8e42605f4d9f78a7,512303552
8816e8101ddc4e704053e23c,1597288704
64ecb100d7882ddec6bafbcb,1162976384
9151a8c65e1f01ce591c595d,934732992
c8a40314be3014c2a218f5bd,885788480
29bd4cbe11f44759e07487fd,885788480
72ddab9ba5f24941e4dbed6b,684810240
1f18df9ee1b19359816ed13c,684810240
fb82175fad61a81e9b665fd3,1151905280
dee2e190c4e2539124ac3ee1,810444352
0cc2f3a49dd703e7554ba638,997815424
ece0394e38b152e6c1571324,1290360448
e14328c988a27176e9fc63af,1235044352
a91664b9f15f9d6f262e7b2e,849948800
d54270fd6b09b38a978cd7b9,1085336960
40c74dec061500aaa78f78b7,458208448
cbf6faf7b47b43b2a77b3654,1525408384
52fa1eb3cc7cc2f77ff98764,844256256
bae512bdd3b04405c519bf4a,858082688
e7fbff0a25cde72a38e7c7bb,1045775552
d3f297fadece964afe5f1cc4,1506946560
2679ba671751ff16e76f1807,600250048
8059e45ca26bfefbb18d8e40,1375949312
9e7ee8e17b1e76965e96ef95,1432011392
9039bc918a76e486041842d0,569685888
1d7912750a5e345f7edcdcbf,473448032
4fe0482ad622080f55a0460f,806427776
953fd7541735fa8d9a342642,679434304
0b3021c156324d1e7974ce3b,1403086464
b0a8e4b4ef6678e6b43865e2,626949824
bb47fda808b52f30364a4d6f,555772224
d846dbe691d0ee3ac5c3bec6,1508970112
21932b5a5fa65d237ddb6293,555772224
07481a101afc1d5db45245df,1571231360
d99c00c516cf57b6fd9e877b,308308384
6dbb494acdc64c03742fa730,855602816
35f69c7a9870ac62735d7639,391631808
2721f5495ef5dde16fd29cf4,1114021504
0c068dbfdafa3429c71189af,499397120
f3293c4064d71f9322ca97b2,1114608128
5eb268b95d7b6006b064f9af,1158528384
e13a1c06ccbf814945dbc768,1061125888
935a1e8c7e62ca9d3bff398e,858758656
f0c7ecd3b2261873d3664748,846180160
d2f20425e236285124eaebad,328720704
05926b977b5df59857194ec1,635820736
f548ef815603ec44f4629a60,1531364480
6cd147720319f60ed2599361,806467264
6302477fe8172d08f3b4815f,477531712
b0af9b1e84a1886489d46b91,886493184
5f3a2a31f6d1838e0a9531fd,816900288
96786aff35713dc21f6bfe5f,1705780864
68de232e27aa83405b4a19b9,990951040
8d252e9b0912f09703110b81,785858496
f4e646df504728ee1e6ad0d8,243177728
e89cf4cc82c5283f3db6f5f6,519774496
1bc2c099466f9a989266be0d,402966656
bef2008b362c4af1fc3be566,541291520
7988f76ba063d25a4f467730,1015654848
391a98a344e894c6397d62f3,713695936
5ab0b8b0d6d93c4654b5cc14,912737024
305d6abea2f3e496e3b6fcf4,979358016
f512fde4fa3f1f7fe885de83,1212858496
c7b6e7a287602275f7854ef0,1005611584
3d11a16b008c26fe43deca03,1116442496
ac7f21d22d013874c362d440,1544402944
c933750eeb53302db0245782,1015749632
766a8ff17723a5c34324576b,1316214400
802fe3175a2059f12d7edb99,639216256
508bfd077c80b6cdfc5a10e1,880705216
ddf8733adb641e15837bd728,1188480384
17914fbe0c3634dae8ce9d71,772284928
09e4397bf9794fe24d87d07c,945215488
302918a3460b98acb64fafdd,468294976
a7e57a8be8fc8d8a844cf9f0,546974336
7b50b071f4d795c9b5ad7531,721967552
91a7bcd95c0c960e4cc22d91,355331200
5d4a23137173c0e2288ec418,727801472
751ba0c00d4fae1078c02fb9,720155776
e6bc998ad1d87c5be3559ab1,988644864
53aa9cd32e2a6aa346d3d789,988644864
06f22f7a8e4e78f45ae81638,684929472
2105c17a4e2f97183e24aa4b,688161792
ec13a869c212c39b6ba21b57,596342912
0b49dedfb53ec812962e31e7,640244160
69e6fbd4d3816c4cc37b265a,1403579520
ad46f8bd482500f3bb935737,1032544512
368f7a70a62962bf31ec9583,1202962560
07412230b931192771072334,845258624
e63d334d9ae8b672dc7b7d5c,1202962560
3e1c2c5b0831edf78f7b7082,845258624
226277c02e8532922a1c769d,824152640
7902ada9116a1cf7458933cc,940094080
b21f6e217d6733230a8eb7b7,1383866624
09ac622c303bce9ad5514442,597532800
ea63bca8e3a77fe88d88fafc,409917504
a3c7c54fa12d5b57dd997210,716715200
cdadb2607807935a0a5597e1,706490944
8d041784b65d33c76e5245a4,733262400
e6807209b634455bad257998,619541696
b1e3f1efb232cb0976506cc2,742567104
dea95d98e8bff87b905f9172,1542281856
44b6382d9195ceb3f12d4939,773221440
41f33deb9990562def18c917,941787008
0a61250b2c208d42a3077bde,1391656064
c714b30713eb7877ed3cd92a,117123320
bf120b883bfaf7641eda65a9,1124734848
90b34ed38e0f18988f11d77c,1056080896
feade1f4b3b06fdc12ec213f,1298539776
00bff9be2d524083e3b3149d,628379200
f1e38e53ddb8a9d5b641d934,1688340736
49dbaf0bcca86f32f86e641e,1183130112
18539b6cb6884f753e0ac18f,1332034176
7586a79a0151387a1c0cd85a,1211428864
d533a334c2ad9d510865fe54,1064718720
95f7bbdcfb59b4cdb41b0394,321647168
4a2ae08359e1ecd39b43afbc,681689088
e8cf39cada5b7755f60306d1,985299200
0489a476b376f7f6efbc193b,528280512
7b31b5e53015f8116fedb0c6,1612597504
4c0892a39011cc6a37fc1145,670040256
92d7d4fa9fd09075bec14a3c,759911744
5e5ea93675900efebecaa19a,449089504
084de1226de9a6f4a6075c2d,702768448
54f16cb9563346e15b019102,701350272
512a6de80962ab797ed2bf72,1570855936
871befe27fa79fc1e1813b19,708679616
4e0b1df5e05ac505c701f519,641694720
37227e66adec69299f853e51,825604544
0a0e3ee960f60d04ffd6bc0a,377546176
82b15a5da307865c7045dd56,1266900736
44d596fa36e3992208292ade,754222528
3569024b3ae4865240973e6d,310965312
31d3215c8345d48ce9734c65,470601216
147e7f5381d3c951fc446376,958863168
77deea164a3a622df41249f5,338537568
3cdee5304896e4cb9604ebe3,756223552
f5418917530b72c9fea14f66,1015749632
ffcbce226963f10da8c53fd7,1241125248
2fffe55a1584619bd7c489f6,1316214400
3920eb3f72b96fcb58ef778a,189326608
d10bdbfbd411ae625dc80611,177152576
d61ac80c0d4737c3529f4a2e,579708672
f8948886cb4cb018eca25d19,177318032
da5bf7f1c7b2f4ad670e2382,458208448
f406c9c3c92e9b31310a50ec,1064803456
171b560236ce760573a990fb,1507814400
4d852bd93332172bfb081aff,1507814400
2e1f7569d134a931098a2ede,1010062016
6d8d2ba62c52445d78f687ed,757367232
65ae1a893abdc2eaa63d9271,1229897088
c9c51c39725d7df94822fb20,514598560
56ddb54e50deaf650a25e82c,791747136
aeb330dede55fb66654901fa,885476864
4f4e3350c429c6afc0bb0094,684810240
39377d0d271da03ad85c7bd1,658482048
bda2fcbba2b412981e708054,1111782016
eb89d0b7914010148e6bb597,375756640
513d0ddf1ce44ca671675fe1,1114608128
14cd5f188cf6d2433240b5cd,377193024
dbbe0b6f5eb07a5f9ec873a2,380948160
f9acdd3fa50068bc0180d008,758923904
4a85c36fb854e922936b57fa,433711072
937876bdc44c3b8fe063a9aa,514598560
001399d3861c5792ccb8b515,760991232
f28514aa4d6ffa36104411c7,752517760
3b185e3e31f7f5e6a1b3193c,477395392
f4c7cc4a249ae7037aa0b35e,703403712
b74a02ef5cc838952bb9afd4,674352384
75f5aff9fa70208ddd843779,874174400
b7273cac93fb7a0034039600,1014523840
b73bcc0cbfa173c9fa404369,910137664
3c4c18326318a7207b589dbd,417294464
29a230f7dde5753e65b661dd,1147394432
c083a5c64c4d6952accd7bdc,845788224
1cf29f882ee8b458b8f27091,1217278848
94c15574aacdc5c3cf5a406b,885788480
661f7eaf134a5b142843368c,924653952
14a5bf235097782f468fbf23,644090176
d2d46c70dc048c92c8e4f09e,815666496
f6faf74c3f4e02a6b333b7af,859967168
6dfa362ff7a0d55693793db3,656948352
b070e3747bcf22ed67509efc,1286778368
7333f19416625d6f4244fe02,763583744
3c86651d9bbfbb335f15b544,410456864
9d8affa93ce4dc7c1a21b3a3,1045584000
eb8cc67810d95d1b102410b7,1177131264
047f94605add5f6f84fc3f90,1128782848
56ba332c82c36f07ba6bd271,1228061312
5814a1dd61362ded4f1d8d8d,1811142656
141ac7bbe9637f9e5142135c,1402340736
08db0ce5cd15db2404ff3d28,612395840
c38677ed0876b7996f596336,509160000
daa4d7da8d7df8efc1adc9d1,357597760
f15c6403c6d4e3676a607780,326959520
4d0cf77f8cfcada2265ac585,408058112
4caab3951bd6cb6dc71ac8a0,891450112
7cb64b94877a9361f20027cd,774176192
3f438d6202cfd4527bd8f983,1339645824
b7763beef728bc2021ebb841,657804736
4cea8ea969dcc433fcb59d96,695848384
24fadbd1dec637edb728baa3,974822848
63cf422266e7c39a6c895b3e,985698048
dbaa5d47ff63125584bf7ac0,894693440
da12ac932dd8a2fabade4bdd,996855616
f35538e95b4a567f9b834034,1021998336
6ee1e976768b68cbc8008950,929429824
a910019b3d18da92b4c6862f,1151666560
a09413ca0b723170c26652a3,1038052480
2b451da55be3683c33e4de31,1413915264
561840990333852ace562b82,637921792
b6695af1ce28eb50d7a2c25d,1242121344
9327563b40f2a0f888c68f28,1441387648
3438e5d77044f21743e56edc,640183424
63cde4fad1be942dc5ee695d,360898912
8e712705b7de6e791c8735de,801080256
85de01c0aa787152c77c6180,449525792
c9b0673becdedeede0209697,574738880
15ee6357e02b76367682d6bd,975834944
5f284a75ec8e9c72abc76695,1051680256
37e696957da15625da71146e,477302880
96a478c359fea0014fde607d,1161898368
1a61721fb7306d55dd77b6ba,1161898368
a7577260fa10bf408f1997d8,1351941504
b3f8ffa761119a5441a44ad4,1399296768
a5c85b445f503a56e0e2a924,1316106368
5aac1a1d5da10b76ba4b690c,860872064
1420543e2eb5f38e4d38ba81,1139228416
a530e3ff6d7bc1abe333245d,1054968704
aa9988248c7dedb016d8b6ae,1086186624
fe8ab5495cae81b5478026a4,1238693760
b463c62e3c21e339e7acb52f,375756640
00a5133e7373eae3f0be8f2e,542317376
38b424cb0e54f0f7f2745781,443680224
c43530f324a3ac90f53a8849,1086527104
abf93b2418fcdac14293c9a7,746247168
9b1be976725ddd512cd222a8,1165694080
9b7f17ddae12105d47fad7eb,971128064
3caab5e89722761d5ab2498a,393490560
a2f40c8227b466249d6cb659,855159680
e6a5007ffb7c1321d4fc21a8,810985920
0d50b435188b7830a6949026,434891232
d4bee60a74c2e2235f507ec0,1241125248
b474103c4b637ca25b5d89e8,618644224
ce6ddb82d2ece3b8d58fcc63,569315392
28403f16831effcb75471738,468553632
03f518e2e5861002772345fd,438564800
011a6d0f12ba108ef15076b4,611474688
93ac0b004ca60ea56cc2bb9f,598019008
1b70fbd3e46da8c47c3eed61,890935424
cb40d6ea6a1eab77a60c1ba3,885788480
87c73db5d50e8ec3a22e6ccc,1020780160
9aea45bade274e4ed91ec301,587260416
43c22bfa9a14df7b0126c12e,1182000256
6d848e54ee68e6d8f23b3b1a,627514816
e5cd7a2aed48057b0dc8d970,477424992
bc4b94c892fea57ebae3eeb6,469796736
e7bb12e99318573a6e6ce1cf,785671744
4b52ebb0f0a8878def4170c9,1302237440
3e85b447edd3b23b5a0d3b79,627424448
15005fe7eb24aa25b9e3cee7,544209408
22e00f8057294350ddf4d42a,1258092288
ddf2583bd65f02abf7ce3280,1646974080
704e5657734af93d19a0e5fa,1010844608
cc1a11362066152d21d4cc60,894677952
12062de068acd322b610fcf1,757367232
e9804af0513b2f68daf182b3,833367808
f13d8f4b2e3114d71e5ed941,824343296
11bccaef3431fc17953eb81c,699390272
ef2b9c11f884cc5f31c26f60,1037097216
25986c851e13c92ede6c6d6b,1400791808
37e28ed39a51956880d211af,1304758272
9530217ea0b5d2395adfcc9d,987560832
d8607e3261ef1546eb0c30f0,1637509760
22a025ad47ba22ea9fd1a094,793982912
1c88ddc21f3e8e4ca633621d,379254496
e45ba581daff88707ad842a9,993064448
d7e97cc158c6c54b02fe635c,764060032
04bb7cdebb8b66e783058248,873961664
d60cf6dcb7b4b40077536604,1423195648
85ceb648cee9f6f3d221254c,769004416
f58528d3ddce3bc6c71bfce9,745932416
c269765ece36cd93058efab9,757367232
919bdfeb16dd0bf67787d53e,935555520
ed8eacb8746dbcc3c2ef3aa9,564548480
15ec532ec6fb73074b9b12c9,460696160
58a724e8a0e05140b07539b6,1298539776
2b7a5be93795a65d29970b02,1069074688
6dde9af12b6597425160a47a,1333345664
f0ec99c13c61e89310ca9b8a,407427584
65c83da72c07b8e74bf581f5,661652160
3ecdb7a7d178b48361340ea9,668024768
af22669e3ed10470623fd8eb,914215296
748c981380925e1247b9e64e,1601631872
78ab6cb1f62a7e781d4c4d0a,1036729152
e80ba06329760362c7685ca5,620935680
3cecc0cc43ef46670a8e69bd,725590272
527e4b1b06637b5362c8f17d,470099168
cf9eb2cd0f20b13cc8816bbc,346883872
4b3a6baf8196a59bac8c08c0,503242048
9bb9864a6bcff25b17477717,507878208
4f7d630c921cff500705ee5a,648599552
7b7c0544ece4aa383fd5b4ce,523553408
191094739043620c72aad2a0,591736512
a20435d582c7646db231e7d2,1010490304
1555743ec7e2f38904852860,630022144
1c7452cfc46652a60b7a4f05,871396352
97439d5a82f970e7f50d51b9,1372636032
7667cd57d0bec809417c9b11,850422144
103f6eaf04b44c4013acf097,820312704
e6ef433629e193042bd30f4d,985601536
2ee7f959d069c9ca223115cc,774111104
b46625b69fba1afc154471e0,1009087808
5cc0700421954934cd8dc445,749853440
066f1b68f7c053a196662fe0,1176636160
645e1c7b799a489887086a1d,846180160
f426c41d6d8bc99f359f480c,515223264
d1be4eae680cb16d0c842606,1531364480
57a5f4f83a474ae156f207ee,1158528384
53eab0ecc3ff098d55666699,1123888000
54022fa49ecd9cf290aefc89,1001891968
545db4962e6294cc5ed07727,1165694080
8e17bc9f09099ba3138c232a,1105803136
3b4b303bbeece313f92cb85e,912829760
d0119d7bb15452c473ed28ba,1025218944
1a36f98c62f5126c8064314c,1047147904
96a77e8e42d676b0da3fa572,325158112
d7d6f668e3e40d957163276f,728658624
5b908b8abd8dd0862440c172,584803200
81716dd4aedf72a6a14392e4,385315008
47d252717c4bcae3e1ff19e4,615736640
4f0b2f7e4d787a108a4d2537,1456962944
90a43053efa1d292af692a87,457307584
c3df4b9fdaa4dcb13723b5f1,684810240
4b905620f76873355d317dc1,702747136
ea16314310144a10c81da9c7,438612672
0e5db1a36a521a5d2912b238,885788480
c53c58dd7b26902f67c3becd,956979456
6c17875f20f58b1fb211c18f,1253862912
200020552855ed39d1af999a,1356009984
b44b862cbd855d46954eca5c,845788224
ce47299ee877638c4729f60a,738936512
3a28bf9841e6a9d3f1bc293a,1331942272
3a488b9e24d9b8fc7c222e20,726185472
5469c33200ffa87952b356d0,885788480
b57174dd86ed451448dc501b,502933824
ebe09efa32acf6d680341840,486144064
33f7d5aa494288cc90d60456,764343232
de9a32ec454c2696cf75eb0d,1064813120
df4400c44a166c851ff46eab,1010433728
5dcc8f6a6854a864dcd27a87,740745856
bc08ce9f24533cd644ef08b8,686047936
2935cc0e053bf558a8b73054,740745856
f08001f2590d7b734467c58b,860033280
5a9892659590355b91442979,1009572544
ea34dfefac91681864c2bfe1,874371456
ee3b5d47d05a80c07751f7a1,1383340160
448ad01af4c5cfba3feeab26,1383340160
bcf43ae0b4b15ae168abca97,1705780864
8ccd326e4f515bf7e817a14a,1179638016
94535dcf38c9c6461a73db02,667163648
9b3557302e940d4da341cdab,794956928
edf8c961862a4ff8e1e44f1a,739660864
6e508fb72f189a4fa91bde58,609440768
7d0a4771afb00cf9a38ccb81,1139228416
8c32b6b31d1a1d5736c4df61,1126304384
da782fc0c8a79e3e250f0f67,487883936
c86e643b7f7b57b4482020ef,404599232
4632f1e8fc93e268ddeba07b,360307872
2cd372392fda500e6526695b,488080448
a05ef49ad8b2d6c466ac7412,240952016
9f50ed2b7e40847ffd877f4b,1185286656
c00083aa30ba7d953361674f,790214208
50857161c59b991304f5c55c,861452352
3676f63aa0ab23ca7cd344b7,447220384
3710ec95af4702c45f165279,544209408
16db516a238934a730ced1e8,435020192
d450dd622183c7cc43a20d70,428879360
ba84fbef80c8a82895ec599d,1497050752
ee85a12b8f764bc15164dc7a,726703552
0038a3b703f4ec779bbcfe6b,733449664
aa643acab634ee591a2a43ce,786139840
d6438814f4ff3853bf6cdb13,802229696
a37522af63bbed2f4d10900e,1139228416
0b715ccd3b3e01444b855857,497861664
fbdb9caee4455e99259cf921,445660064
b3c02569b8fb721934f51c52,424597184
c07e2ef0bed4be12e41c783e,654953024
1b4e4016cb766bfadea42f73,589584256
ecf4e968c925cf8322f8a0bd,370488320
6cc0e6bfd30ed93fca2bb217,227764416
3e7f514983daa92e49a7c87a,304032576
97a22807207cdfb341d5c50c,520958912
3f9e95762d2f2056e9716039,803654528
255c5b92d71a00c3a73b9aa8,530764160
58d24ab99d74ae4c449c90ba,587361088
51d1df6e1f28c40dc9074b74,1601780096
16261339c3a99635717fcda8,1481601664
1475cdbbac4aa486266e439f,1107253632
2a9974fe07b1e4427e386e06,774339456
cf76689ebaa20c70d9db4d51,1114608128
f9379319f992cbadc43b9189,924096384
62313cfe4272d263173e1ea9,831516352
b2c62bb0cf8d210dc4635653,1508970112
5d2fd288d33283826210cb90,987560832
3454ab4ad567d2d22d990fec,1082059520
58be66aeab226c35330d57d5,540065088
315ea6fbd6b3261cae7fb900,726536512
6930d8e260fafaa5c317dc82,448177984
0fa99fd0e8cebb71a3bb0871,820330752
fba946e4ceea37176170835b,435518208
b53d4d8d0bd4a0ae84fbc22e,620131776
8bb1a2ecc997779d1addf12c,663834112
6dd97377cbc262b07ea2eb99,862167296
5c50853824c890a5a7f0cd70,528480032
4c3865a97f5877090e7a9649,1322356096
a3cb2a035f98276076f2d848,808346112
40d04ff9c405cccfc82ed5a5,467077376
22caf82aae904c79057fcb3b,399206880
eaf87358d89af17c3e004c21,835949376
9ab5ef2c5650c4bd05248990,589584256
d96e3063ce77ab1235e2ba26,880852352
665d62a8019b27bf5ce6e6b4,448406240
56234f11aae98489ae00a8d3,885788480
76a5158e1a5c1f9fae8ee882,588767104
d974970034de145d469d09c5,1153044736
7b5db1e4f4f47b4bf7c827ee,564105664
73ff6ce99ba5dd8cfab0faed,600968512
e1cecc8f17883ba6e2723826,459410784
857870b1412b84f0f19ed751,138561872
d89dff35fa1944191aa9ed98,601200896
86b89233e0176e034ae3cb7b,1114608128
dd3d529f3745159d9e7746b2,330267040
af10ec1529a63d0bc10b056d,1190966528
a2645174e4e15c49331f576a,739423936
311dcf366691c44243b7b89c,956560640
4cbc74a93e33f7b4812e1a7c,225539920
6e0140e1d667cecd155c6e23,748922496
dba6308e2358f30b7ec33f59,1239381760
761ba98d35074faee3594dbc,660521984
b961220d34be930fada80887,752207104
c9c3973bb37b5c688a7c0157,877398016
79a0bffec81b17d606a606f5,739423936
135f6f92c4ec95847e8840eb,514771712
05858b1e4445f56f22e1f4bb,1302909952
623b7d96c0fa09e50148aa7b,824343296
e61e5d3288f02b904d3b1e38,978933824
0d173e7afc8f8babbef6ae97,1185603712
7635a792e5002ab99ceef583,806019328
4da93e7126354a474d435a4a,1338801024
a4c71322f79dbbbedab3191a,1517255680
57ef53ecf8b709ddc05aceec,1363062016
65c3e09ee6f1ef0500ca4316,1646489600
74d0b6e87c2045f95fd493c4,1501244032
4a3d0390e005fa5b4c9403f4,1417216768
a3aac701ae444b6d91b7bb0f,1693283840
4afa3a1b63c076123e7a5279,531047488
c97adfa6f5ad3e3db6b80edd,1498377984
58cdc29143b85386c76bedbd,876152640
1f81176d8a0c61a7177c6c2b,1102254464
1c2e69465c75fb3af2d57351,1308172288
7a10ffd970cc822108ce7cf0,1174163328
3bfccc757ef82ff2774f2db9,1287458176
3c753ecb3a4f8ce43077a6c1,990951040
100e9e2623cb0fc52fb08813,1002516480
90a269d52e47c1705f9b6cf0,1195347072
34f4df9fce2ec05633d0cbd1,449246272
1e4fd826fc8693b17f6efc3b,1296922496
efd9d848677015f13688453b,428819232
07cd866c871333283ecb2d23,903045632
76a307d6b36b8a51115e91b2,1422628992
080969c751cb94822aeeb755,485548096
1e37fb708b70b6b5e8fb5cd2,530596608
4e47d2c8ccf9929ad9c84544,399784512
3c877a0fbe08cda958ff8f46,1195094016
ae59a0d6441697841d86cfcb,401659072
2fdb80ee4f9a35663e92b3b2,798447424
3a513410a390c75fc14b0b3b,838087552
0616401503f2ebc05af7ce4f,544875136
98b973c8597d5805f87dd074,1070758656
7063abb555d919d5300af3aa,934043392
88c4b21ecffe12cb6c408a6c,828914304
75a4421cced1111492d00298,702256896
0482cd89d767b3b7de976c3a,323293152
bda9e5d8048acbbe5a9d49ea,623031872
2152ed6b2b2eaf16ec272cb6,453925280
9bf2e0c1bc82010e92da2540,601403840
110af3c21ecdf156898c7c0d,975834944
2790ead3eba9370f00024472,786139840
9b06c7cebd33cd26cd6cc089,1139228416
fbb89795386c14f5088fccdc,711386688
e8a3d9d6134ae8d631791e52,1524955776
5c535b7d92e34c0fe4b66891,1169928832
d88544e4e85add30aa795ce6,558132544
01b78983d268b52137e5ac1b,741152640
25414034e50ca33fcdcda4cf,484307520
2212e0125cb7f75390020951,915725504
a4d5ea1b907e98be72b5c49b,627628544
2df90c0a3e2b9138fe276a75,730674560
c520b7e8de3796450ce49a30,390831808
35114fa32397272437e67a54,801080256
bb5726ac16b4ade709151159,423587936
b4dc6733589bb35444b74c55,1854828032
3b0b0bb06d95c5ea1aed2d95,1073017216
fb7bd85c05cd74d945d22de0,460392736
6396667677a878ff61e1b536,943457984
47b5804ba1a998c3e7544092,894097536
ad4d91ed26c1fd5702b94064,1001775296
2b802261b8bd839aa0b04b16,711386688
0bf9fe130da23aea7142bb7a,840457088
90511f2411d4a37a7224b995,1302237440
1355fdce5b97bb36da15734e,2072832640
775a6affce535c5a19ea5f30,999265408
e36d70d72c2758d7fef242df,891450112
2fde05df6a3aa9f57385e6a7,450485984
5e0100ae728e347eedce5b14,1531364480
a636ffa140f80412f003734d,983565568
74746d24b9bd86e23338bcd9,1158528384
99c539fecb3bc233288ff905,1302237440
44760087930212643641eeb4,990951040
2c5d940b5ef2276f1fac1ca5,846180160
b26f22f1fd5a991ecd1e07f8,656938048
1ffafa78622c45ea4127ce82,1358421504
32a555016892e7a74d231545,325158112
8d06037db08d0754bb67da4f,1176636160
80255211d99c72e343b32798,1513869440
070062cd1c769f3be9255af1,990951040
0451f65828e628c2220df77f,912829760
d96f6225db81dbf3d1a0e9bd,482007168
b1527eec2e6709dc51e03f9e,964283520
5464fe43eded098294d634ba,1302237440
ea37ad89fbe4159940586718,549322240
4057a676e7012fd37af9c3b1,568040832
51273a81121232e7f30cfd1e,496580288
3cfd9ba5c6993718c0c532ff,783809856
8567e677b30c410df80004c9,729174592
7a34bcd9f86f5036b526c3f4,878695808
3dda25226646e1e91f4c948d,878695808
a2529027db6b525e365e7be0,495645440
c6115d5e908e04e67915a581,439600352
8d0ae601094562744c8dba4f,510924800
55209683056fe2f9faef7fc8,615297920
e840095310907e82a159d683,878695808
278fcdbf16e3064ba42c6785,1290825856
74af10afa02e7724eeeef108,535144480
b763f71e8a5bdeecf0f3f0e5,113803096
5472d536d1b6b731537bb67e,552004864
995ba6d1fd63d5160fb18e71,976900288
f424ca724e7df1c37ed78aa9,805604736
c2aa451b62293042b7244fff,925647872
d4ca9506161d3f4bb3ca57fa,561962304
799862427c1f335eadedf4e8,472257760
1f3b3bd08063993c23586c93,542664384
817422f4c278ff27a22b05d7,589433728
db9798a3f9ac287754f3ae01,835478656
7ead45d1f505649429904307,769013760
ac7ab254166442188c6c5c25,1227991936
67250a8950aebdbc67f7fbfa,1266762624
641f4319c315cbb74872b8ac,722633856
710b0541a025b1b6a5a80c41,494974560
a10f459124248ef30f290cad,1158565632
1aac53220223d0d823e70d0f,361289120
9d0ae0c4dc11d8c6d94e545e,743366336
be685d2954b8c7337ec94942,1410403584
e43151473292e4e98f121f63,924260416
e04fab3d74d14be3b8dd2c8c,609636352
c77509a6eb6665bb8eb07d95,731879424
9753470e033b35407a2eca2d,927473408
825f57ad0527d4abf41cffc9,1205674368
0d8074979d302868c2534262,1095703936
15a3e60c7a5d55243057d7df,459082496
6de06f867a28393a9e95c7d4,737948032
4d418d0079828e244dbaff5a,283800960
2de93fc191360ae22b0402dd,692317056
86792949f2e6a347208cbffd,928675008
6d8a0768adedcc1070d28390,606198912
459963742bbaadbd9db97723,1128782848
235b10cad7233d579a966948,287351776
4443407341bec8b7b0af40b4,711386688
d7047492f4c53a0cdbde60e5,1710300032
5541cbe23acd6ffd4aa0d939,802229696
1d0853f825cc0aec6f5544cb,972784256
f016623361c6ccc5163e79d5,1581889664
d280fed64d1c23ac9d79ce20,1094257280
7e86f11cd63ff6c8a3c12fe2,1002792640
9d7f161ee660b1bcb54574b1,1402340736
a0722c5527c6d3cd5cac9477,1287458176
278a2cd98528eb1341a6b685,789799424
b755f88ff3907bbe2a417e07,726032192
2bb55b0a92d62454867bb158,1084301312
960c9349b6ef9b747ebe5829,1032109248
2c8352c418097f82a50d9bbf,811721408
47d7ba800f164f397fcafa9d,591814016
610061a0e67aea7d222f08cf,956934912
a33de2559b5f56d1b3cfce08,913383488
f020fef57e9069e4dea2d71f,1405671808
883f095dd3f7e972d7dd3c2b,763185152
b0b784bfe2d3c1b3b1320613,619932992
1ea66dd4a72d93f5967be730,919786496
90b04117887941ac898a67a8,288094208
022357a3d48ea87d58ffb46e,1626999168
292224fa68b0303a90063801,1089877248
6cf924390dd3ed4454403887,367011680
555a293dbc104e00f182fe34,536080896
e13ef02a57d35f71a4fe6121,428100128
c82929467d22589ec62c0475,569919104
18a74c9a49ad381aee5e02de,529489568
da40d46cb91d9e59fe12e6ba,732555392
6320f26d77fcd56675db6b97,509400800
3307731f3bc518012912f1b3,1288699904
ba94572d1e050bb92522f112,391695840
6e0d6bcb01e99fc4959d3f7f,479533536
dc3cbbb2fa00043d02958219,796238720
495aa774f4db66db6df30e93,227503680
6ba298925ffad32daae55385,1178274304
8df5099d856c7f9de43990ab,478564160
93c5c5d9d1e99824178be9ff,836162432
ffbce3ccf241890ec95104e4,641283840
2c03c38782e365e68b32d6bf,407273472
7734421098413f27fae86fef,1059277568
2b50969f1faab80655bb9104,487755840
025a98586386211b1519f9be,946746496
6013b8c04f7b9fbc74ef1ec4,342416224
11075db1cf9899c8640e1b90,781491264
61ba09084039a467410aeadb,1153526784
eb2880c2433c4b2500fd40ef,285448000
f7f8607535159c82dbfc6c14,769748032
35c7a7c0ace36f4b95423c4c,488085056
c71123c31d02408cdaa74daa,460696160
dd8aa138623604829d56ac2c,479533536
cb94eee5ecfc75d0fd5ba6e5,528480032
ae6bfb4eb4770f2266e3b961,664590208
573ea1962372999346590c0f,938111936
9f7204b4bb3ffb8591e3164d,1867982592
a4410bebf9843297fe32d63c,228034064
2afd9dd680803e3c12d5242b,942379648
a7618c242fd918ed894304b5,489231744
5ebc5cc2c1488f681cd119f2,709925248
cd53a991573ecb5c53f47986,609986048
75ecbc0c0e8e76bb8d734f60,1197481344
47c2934aaa5934c68dcb9e51,1200212352
386ad1ba1cada9649f3415c0,1369971456
9ca0839c9c294674e86eb691,1001891968
bdbaafd11259af6300321a89,524277664
2e41ceccc918145dbe7de0be,598952896
11df35a3fbcef34e47747e38,1369684864
b0bcb64f2f2ba69cc712e0ae,1118913152
bce0a4447db2d54d36661011,1091695360
ef7ba10407cd74590ea3fff3,699311040
a743dc3903eaf3576046ef3d,1215184256
b3d072ebd7908688d908d350,1054644544
a48abdedbe3d132276dbe403,750801152
c6b7e739125907c86a8997d3,989696640
813d9415d9abca46ad4d92f0,1702167424
c631f8920a2fd1160f6b15cc,616658624
16194707d4e85fe332411bd4,989859584
31e241881acaceb02ef915d2,1015346816
a3f1214ea44063ad10956fca,740528704
ab086fddcb949e3dc0ed9b5d,509361312
ec4df02b32d90c019125d108,974513792
09eb808ca3859318d6328db8,1422209664
f520fd12dd3ed32ba78d357b,855114240
0a2f7379cd1bed7d2d2d5a01,786448896
30652905d3eacda34ff61a9e,342395456
0509650d34981639b9c64a22,895208832
77cd6b199ee485314bc74626,587361088
10c836c2e566dfe9edcf3d8e,1037097216
e109ccb29c02c9b35b789c90,1133526016
2d60a221b478264cab9816f7,1358243200
d34c48ffe935cec3358b2247,913631232
9cbed1ed72b444c22d8c1614,608350848
735c3aff4c151dbc32f9a76b,978415040
a4b6ceedaf89cff74a292ab5,778609600
052957f95b6e7b41bc625009,503957792
33a61cda27fadacce0d1aa7b,850169920
6c3bc8c58ce67b8bb9f5894f,764926336
1988513503246248b80c7f17,1082472576
57c29184563b31f5f752c5c1,1027613376
bc6a7d4ceee8bbff9ac5eda8,1431709312
f1b7ae24195b4414e6d6a001,670663808
e7b3ec90b47c9e6009ca8a75,1133526016
39b62c6fca161b80bc6726c4,1441328640
55163359d7cd910861059389,1987108096
df35908d6ae2847dfc73cf9f,1353931136
ac822dd448e04e9f8dd1721d,1319911296
7e86148f53beefced6e0f3e4,1098453376
6eff15cd6372aeaab2e665d8,521850848
0a1af9bb571b90233856289a,1172883456
b3cc5930a3cb26e35a45e09a,799174016
0c12f73305bc7d72bdbd9789,1136450432
ac048209de77cae737d60545,609946368
9239fafbffc066dff0811302,230034272
8e0ba427ea909cb7943929b0,385784096
b3c99f30b16fa80cdb4f213c,413526656
d1dc16c82942902c668a5c9b,715686784
5cfc9e48ab90da0f4e98a7ae,731481536
9abad9f79352ed42d1a9f099,691782272
dedeafb60b4a39950e7a984d,691782272
74cca5cd08c4bbf5d0404d74,1012711552
b6aa1cb0187c4a1715517fca,691782272
e22bad460ec1bc991f14bfbc,677430592
594d46a91315527995cbd807,1117634304
2c0b4c8269cbe25a4e85e049,294415872
1014d3a98e886e1a7358e29f,885788480
73d6bb3d6ae08921a6117f5d,755897856
de3b619a7c80549db6ab16af,250256464
da34d6cd832009e428d2b467,326758784
104722434c2deed04a901aa0,410929920
cee66eef685e4764b9553a02,600968512
58b40969f1b73182cb6d30db,600968512
964e9c3f87176e761484543e,830640896
19487167081a9b0dd09d7975,1027921088
7d8e345c9b16d0fd69f848ea,879372544
7d4ba999100c8e694fd820cf,1621707136
c6b157e7a6ca08d04ec4de4f,707731968
84ec2d5245cfa146dab05065,926186816
c844a386941b86a3d4c0312a,706264960
0648aae13097ac649fe714b9,1241125248
34f220a8ee1f24bcc5790364,232502912
d12eda0ba04f846d73cd7acf,1458071680
c12904320223ddd043f39c63,447220384
8bce0097d22b34a804b502bb,383053408
ec1171cac1eee089be6f427d,403502912
5d85d77a06d0f0324d15d162,975834944
0349908483ce628a0a5fc164,905475840
d74da3bb780515b1273d741c,711386688
64cb8fc8412c9247a5c243ce,1524955776
3a53919313bd750f2b1af906,964283520
91d265ffaa6b407e9747b15b,699958592
1db1d1b76e09197dd915a8f1,1328386304
6645a3080e5d10779672d139,1726191744
3ff6e77706eae698f86eec29,802342272
4670d21fa84e40184f03d5de,533552576
ee8bad3fdc93f7fb79c9cbd8,782594624
b624f0438025478c9f66fec2,1162573696
37dba4927e327d3a4a0c1d36,390291936
8d16b1bdea35630a3b09b192,538692992
d54a4c353cebf18d452be515,322686464
c402811ade75f5e3dee73ac3,1191949824
dd926903e87d691a0f15dba3,896633152
cb01687abe09df6838e1b224,799035840
6ad3e1a47d1055b55d14e091,541774848
b8d50a94e8166e471fd8282b,878948352
a77d82703468f2f9e8f2ea0e,684810240
5d2be469f69f31090769efe3,348147040
c4e8559ee733a551649a5dcf,436335584
5996fc90f923d6e8527097ae,774176192
32d5772adbcc785ecbc2c55f,412198592
5f088237d263c37e78264bba,687903296
799afa0396b9f268f239db51,315010944
bd23b1463f0936d2ced5fc67,607775680
8f35a5d800d98481d7a8b6a4,415386848
371b5ecf08973fc6e6849d14,774176192
fa70a55dd0e2053a1b566de1,453431616
584364cece0bc4d17f0e7fac,644176000
cd968f8973a267790a38f2f2,517421280
c46b122728ef4c9ae8be444f,964362432
4056182cbd8c12cd87ad9e84,678309312
6ac747618b6ca674e86cd275,666389696
afb02897c700dbac941ba8b1,460135712
198cd3f4e9be65b83f01ceea,653960832
c92bdf97d7f0a9a12c024406,556662464
e00e5934d1941490834c3145,539645312
5b139fdb19ff722a846d71f0,711386688
8b554961129384797391d1ae,1445274496
854e27be18fb8f24fd433eb7,1001775296
241d9f8599ce6cadac1d6609,1272329984
b85b37ae83ef95baa03752f9,967941568
5b3ba9e56e24e08e1f81e220,186777392
58c6518f9d2d0526d31e7566,373030016
38a1e2050dcab9b4c70c5e83,646348736
da94e4a5fdebe3ae7bb1adcc,700481408
49fb2771ea6c1e8950cc9a57,395948864
f2b67c40a560af8729bc6072,859108672
13fc2dd1cd32d9cfa457a5b1,736753024
b6ebc3b8408793f5058cbb90,995823040
75ce506dcb994b10497e6816,497697760
6dbfb281abaa9a6956c080d7,602050176
af67a68803a18663e4b03eb1,509658688
a9c212f77a048ddc33ecebba,672046080
df89fa06e32e90b0b6c2014e,1151602432
f20a7f264a8285a75dacdc1d,1161898368
61a363a73f3c93aa1775c4ff,1394378496
d8c1f7303b205fbaba2890b9,374398272
70962daad7cd15ee8af564fa,1542962304
087caf4bce7b0a3fe3c47dc6,696913920
5d2200b04fde91f830478aa4,176341824
821eabfeef3dcc622fbcbfc4,450999136
3d722d960b860b4bee79ae2f,714586176
4d3d887d2236c2f897f3bbd4,616495104
7fcbcd9e274b75a157cf5d5e,787917312
88ea2d2d7cb6d641df3ad76d,1076741248
c06088db17767866b7f4ba7d,975834944
e4a9626b1107b9397d0067aa,992214464
82abb1fb693f34877bf1327e,1810487296
3279efb86571efde18eeebef,579029248
afca7b219d52b22522abd00c,784682432
7712f963ee37e91abb7342e7,385261184
2a2f455525c8e0bd709db91a,669277696
833ded72a8cc9c0d606a7a74,907731904
f3bf0be37be6292ba0a8736b,1134417664
c06c8b6425e3a7c2d7481e42,527079584
27d4f17375f76219b446c092,283052576
9b7de95ec90da0dc8cff7011,396718528
8fdc9f203c3de5d486de7ba0,589584256
ebf2d540aff82f1aadf95f9b,848586880
51c48d17e774d6cd84f4c355,587260416
5c1d1ee26cbde5b766cb4ca1,757367232
2d26b8360f1da9a677670fcd,774339456
ce1b06502cb0c5d9846cff9a,593135104
3186cd0a3125adf3b25587aa,752207104
f839de5370a225ff993f5b2e,276652800
2900dcf3f944a7fcb33aff36,-44536796
3f54091296f773f5a1bb240b,1101582208
499f6f4997474415f0bd596f,859230848
110539d2ac34e5180e3fd95b,927837184
dccbc668caff517f649cadbb,1041033408
823c9c7abf2d00140766a2bb,1255446400
94af5eccfe170cbe7d428184,1242501120
dd21457e18f07d7a927c0104,686785088
5219cb469fff40cd9606bad9,558132544
5a83bd697db5076016c0671e,885788480
2a1edfd6cf74573521ed74a1,606923904
40aad45bb7a980c9c5e1884e,1363062016
a315b497dd8e80464bf0480b,961917952
7095d576a0b963eb340d8fdf,600968512
9d6288cfead77d622f5f5b95,900087104
4caf356c110a50c6c94f3eab,1210320896
23101b0002252f3d4b3e1d5e,1175114496
8d1f7b0cfde7e496e7bfe972,759968256
28e572584fea1555e2a517ed,718243392
6666ab486afcbc162fb560c6,758914880
b0978c973ec3291e950185c1,1338088320
d6cfd3ddca2a59f0b6999d77,1039316480
a77f5c03a98636d90f50e11a,1422170112
e6387696767d20cfa4918ca9,678450432
1dc0fe5bcea9d08874871326,227764416
ccdf0abddccb1a670f31c2f2,771598464
3ba769d65f02217656e0f5b5,587361088
628b3b56449724e7d945351b,930840576
b47713520859d58efa95bb06,739423936
e6c6625db90e519f9dcf1b23,889261248
3e1a1b2a518d3ca2fe3950b4,1178274304
24849579dc9ba7fef1b24396,658482048
6103571d9525ded3c09668c6,541262912
a678e89692df9b14da9f19b2,881209984
47bed52dee0d311ae0016b08,770763520
36c0d26b83e575a500a6c30c,559957888
34447730b60ad12f4775894d,760991232
aec1778ae3b5e60cac280b79,750801152
d95f38f5d1293c74ac52e823,760991232
5dedb7b64b6ad0b514de2bfb,740528704
60c71a98253b5550d773a529,678450432
099ee1a7c91105ef46b5e7e8,478541664
b56533bb19eefcb244e69470,1303895168
62f46b8989bee43db86ff589,600507136
4d485ae48974213b1594c905,1111782016
c627c6287efaeb6fd9049312,138561872
976945e68af6a66f6fb0850d,377193024
93e443a5b3864d52765e6484,1069074688
6ef9ce7a53ba3bd892e21f1b,1593498752
6f3041147f930cd6cd4fae05,479533536
3917b95a3d05a5e58c117f68,478812128
d61ccfd4239026feb484cc93,346444704
b443781523fa0b5be4ad7739,690347776
6f0fcd78c473e4e04fd411c8,872310528
7f134c92e20aa9c6f084edc1,505882112
75075631f0fd84fb0ff49417,1338650752
eae4243c274735d616c6b9bb,1031115712
25d233d2779009affadf5e91,1266900736
1990717d8c7aa8e732bb1165,877095360
71b99de83d83dd970b00f07f,1377032064
243ab5db6e47f3536d04d312,1905680128
61cb98125f43429f7f93c898,711386688
6ed772640e5a311cbfd17c31,485336768
d9f0b4c92bdc9476f50638ed,801080256
796eb5ae3ca5b63c9fbb240a,995302528
e6f3eee9f5048005f24f0943,1001775296
291ff191bb029742387a72a3,767503232
829bde7f8716daf76f65ffab,815666496
110a2f124bad0f9381edce7d,454514272
76b719681617ff7f28d33df3,1154638976
eaa6d58e226904e9993b3493,774176192
af3e3a83257eb507b96b2a1f,1317165696
43969367322e86c68b51c2fa,429811648
50fe589dea73e764b7735938,374266624
13c9960a03a1c446aa5515cd,542851840
e7834f52ebad3d3cd00d069b,640205312
fae37ecd6046e53ea121b1c6,610244288
8a0d2f8860a90322d6c3b61f,492948032
008c7a02d158f3b17ee8e015,326273984
3ea6e8da2cb0bf83872dfd8c,663929664
9b184e58842bcb14dd42103b,378965408
43eeb2567c61bfbb059fcd4e,791269632
ac7f6087e19c2d3502368fac,827796096
73494d52196ef9838b1be34a,782594624
112d996c4c0662bd13af3ea0,858758656
8c3a02c9ca043cf0f322ba84,1216262016
a757ba01a02acbdee50462b6,1307407232
64e3401f22d18b573ff0504a,503186080
acd7394afcee30e084844c63,757470656
35255f80583ffbd504250554,674106048
370a0d0da794efd58cab251d,886804864
cdb5f8327360c750469cee74,1015346816
dbffe8f46b3d9da2e57c97fc,1726191744
25b1ada57fd1e5c88d939c71,952984320
05f79195e285c126125d258c,792370560
62c017eac96743cfbb61e86b,756262080
3ca7f183cc0b303e5d455309,998046144
a3dbd504524f980ac5325150,1663670144
5703df84eef7ca9bec5bde45,1162573696
513aa9c91c245ee4be31507c,1162381056
d41d07d1aa700278cb81ff30,1175351552
207e39d9cc4402edd48864d5,206495472
7134b03f54b10f282ac34fcd,950874432
6d860c215908949c4ba1c536,311674528
f35f884365b1bf6fb303d7b5,328438336
4f480aae78aa068901ee9468,447574816
39a12600317b58457f68b5b8,947462784
5f0c7a6b4f46203648a0bacc,302045344
d01f6c0b2b338289e9fe3768,490026368
613ad83abcebf6598f0079ab,635530944
effc32659ff9bf30faffb3db,1015654848
73fbb3e6b22b957ba6b7557c,436024320
6c8c5e22025ca4f450a428c3,719060160
d6e333e793f75c2ab34fb127,1175316224
b82e52830b51e823ac7187fe,367450496
35ed4187f732a1ea68dce712,591148416
0c5067ff99e15fcf99792cbf,591148416
0ad01fb039a198262ec59b72,855212672
906014f0ee3f3f4f0576d4da,322878112
13477d8ef90576ca84258984,367450496
3083a7ab1deb092f7aca6a54,637461248
a92ae34df90cbf8af7695ed0,909656192
82d22ca21e31222068e1ecba,851883264
11727589f7c66554e9114407,642480256
9982169d6f3e9ca61dacfed5,1451830528
2de0ad9bf15232d6056285fe,321647168
eb6e6060b78676d13d6bda48,380073120
6f37300b1fefaaf746f53907,1275382912
7698775967b96e3e7bf66e6c,1108631040
863e5cf88a808b8ca96907ff,1053090560
77b5c9a5f534a5b80cc16d09,1002119552
ade0c9cf1f9106e342c69bd1,810444352
6fb45859693c703fd9c812c8,1285586944
45badd183bb1a4c630174f3a,1212443008
f66bad2cd4b09ac29f540f63,1606714112
fa3017d74586eb4c3b5b7db9,1194273664
f09bb33b65b5ebb8fffc3a21,1245615488
600dc823c42aa64f60fc3ab9,517672032
c1d9119fa7ae7d44362f18ce,1600041856
a1305fd943ae63715529209e,948623808
8d81b4681ad0055c274e7da4,653931776
cbb10e7618b1385cf922e815,1245615488
b09111ea69c4be8ae120ddc3,1245615488
099f07f9ec4ff6d835337f86,1426179968
c70f6bd5ca138bacfdf8b5cf,1496377856
a6c86ab7381f6c43fdd61a01,843151488
58c2b87098ad454b1fadb13a,1021255168
6afff7782d129021eebee968,1051509440
ad92f3ea52673dee0a56902a,1267958528
3e040e87b89a043564f0d0a2,840037888
49d020d2056717c2108b0927,1012345344
a4ca465294c114b1065bfead,615061888
ca9520c7b8432b0521b2e8dc,468945824
4d20f253940a4492b4f6a9f0,1178312192
09b61cf8ff3ff09ac892d073,651517632
86e81141e429bd81d7f0e73d,596320448
b9826d7a6132b16df1bf58e1,896667392
a90c60e05e29b77963a11246,493716352
6e9984a3c3daf63fce5cd3d6,612333120
a9eafeeab4ba51d3644f4052,580833856
f74eed3a7dad1bd8d92854d0,536127392
5b377636fe30946fff973f3d,1203703424
5bf6c1862c0bc967da2cc484,905475840
cd5111edd2fe80f56db29531,702194624
c76c4695ed005277a59451f4,771227200
7dab6cd1002a8521e5825bcc,485305920
5b57258272dfd1babb29e7fb,601258048
f68b7dfd0579838324895097,830230016
812646c7de863919cae5edff,800155712
0da10eb6093728074b34fb75,1487365504
c64346c8b0ba32a55292e66a,1710300032
ad6317cbcbb8bc27b0774fca,1581889664
9f43c80d2fa31a09592b030b,913631232
5b84f5de073000ad4d4b1a04,1524955776
d94d18cbc812d560c1e38ffb,1219343488
ab3110b5dc8ce81471f69c16,1004977152
138a1990291ba31024455eb3,1239640832
646bb3de5a1cfe4bfb7a7ea7,1177867776
d8fde541f142e6a7f0b28099,857707840
ef61986cca74fe8585b1b287,464484800
e1d8eacecd35515eb19f9135,1508315392
8346d64ed6211083fd420ede,780384896
4340fcb9c80733260565c24b,721569600
ff5a27ffe7de039e65170f9e,789644032
ce407c1e25333d7c7eba1b0a,733449664
f927027bc766ae6c111fb685,311720640
3f9a3edf25152433969f98e9,401013504
987476ca395533347581b2df,876411520
17d0e3208fdf10c77e95bdf4,696132800
b485036419de03f5bad01f35,776003200
d3f7847147c88352bd3b9707,684810240
aabaec5accad3f545f864a3d,1072717248
400a103762ad652e81c8d3c6,399476992
acf15357c1a919b6ee78f676,987560832
8d983b9ca65f19ff3d69985f,1599054592
b9a80a4d84eb918792324dcd,357119264
223b3c04803ae7b855f9fd10,889904832
e5c8f2d536c3f931eff2d70c,484402400
f976ec33e004b2d4d32c2eb2,350256096
cb00e44cea76a92e9c44e793,197294272
0e6dcbf136294f2a99410052,346974432
102de0a5ee4f19454b922b96,688140480
cb1c8ab11838d9f0a1197e25,1468385024
2e2f1072d8db7372b2c2419d,318402848
8c4cc779f5034e9c10b2e698,696120896
85734fd69714897264ce2214,1796448768
5694c1f689779fb5ca95686f,913575424
f3bb60434cb36fcdfe218478,627634752
cf8bbd3528d3e7e2b8f50c29,848017856
7db1c8214f229d865da455cc,920737856
f3478cf008a7ad268a434ba3,640014848
5440ee15bccc4eaf827fefa8,493639808
78e85ca7c532a77700bfae6d,1068804928
eb5e382e1372c4e94f467673,410488768
5a11cc89d3b01eb87535ff1b,996807488
d0f5cebc2059ca89aae30c76,416909312
883371e374936fdd74d09fe8,335798848
9ab4e5f8cf2b807603329cdd,744692160
c37c7859956931d77cd5c9a8,486319040
730804efcdd755786bf734ff,630977024
9d021f3fcbe5f82fa1c1fd94,278035104
975ea2f56001edae07f28fca,330924128
8fea95d0a70b1ea918803f58,1153526784
4718488d664194a3c0c5b446,376013888
1b87ffa033dcbf4e2805dbb8,487755840
1a77ac51e03c77ad280be447,587260416
228d165257ef052ad50433c7,407273472
513a83ac5bfe27c5b813ce4d,387222656
73bde441e18a9548c034372d,1500065408
26301269301b6f96862af599,380948160
7b30dbf2f6d835ea0c14b392,791747136
254de3f3fc52b8cb62141baa,1059277568
f566603aacc78da47a283804,1288699904
990c8d65ca11a97a1d34c5e5,791269632
a9878134c12696d8199a1ff3,640578688
58185ef7646efa724e904f5b,657540160
37d5b8f329ed1ec29d4bc035,254229696
e6f948282e81570fd03e4df2,769004416
8b801b4cc1d254d0277fba5f,489231744
33a334a16c4547b9d7842c3d,524277664
1ad9e105d9da875001111075,1302046592
08ad96681afa49c74721daad,461642432
beb73d27906bea7a7d880791,938111936
bda5b2e5a87a4905a30f3b8a,616658624
5cf70a67ec25288657d6fff4,1215184256
baeb4e9d612bffb63ae3564a,1702167424
1902f509aa05287ba42f546c,709479552
c0cf9517f20ae81c79ceb0ed,1304603648
2ca8b22013c529b412ad764b,1200212352
b38816ece917027a179663d4,1066444928
c89167e42af0d42c88e8573a,1224835584
09254c66d93cbbf2675b775e,699311040
89f8ccb0c1e2136adf87a10e,1203373440
cff851746578050bdfd46090,1431709312
d53ddfac67129aebbe054024,778609600
53b5ffa0cf0dd12e4eeb6a2a,978415040
62db5fd2a4eb831d281ba8ba,1037097216
59b5fe8d4f5ae272dbaa5ba0,760991232
3c1b7a0a306e16e8c22d78c9,764926336
5219c3cae1c92b52551a8571,1542281856
de6aef9a5e47a614b75ee576,897873536
d168181ef0dcb853171cdbb4,1754874496
6c8e27967ec63e6dec4bd6ac,1987108096
8544bc14286a51e60ffee7b0,1114713088
ed48916725be6970cd2f273a,445962720
9ff3268cd15cf039ab958413,401967456
16cc5c280124618cd5d00027,591577920
ac028c1580f6e4da4ccedf0c,556534208
673f2b913006ee8b33e75b5e,932323008
191f96722301456877893b22,735736000
a7d8e636db44cf5d3ceb67cd,484893472
1310e9cafc0b9fc21c212f73,810444352
1bbbe4e1eb264f5c69467e50,448836896
283c1142d027be336a7bfacd,117965080
4d09c2354c67243c968dbbcb,545816512
db3edc43e89840a65749cd94,774176192
0274166db611aabe4e946a83,483463072
8153b36347669087e363801f,235826848
e04473aa943812de1d662058,1252660736
7742e8923a4b832e3d94f3c7,675756160
536b5a8aea016aaa90fe744a,610714816
d2c02052de9c97c531a4453f,538740416
48378a6148532f71abcc2f98,399882976
fb0dbfeedbab00cdc7eb93ee,1810115584
699412bfdab1157487c81725,791171968
a63c26369cfbabfc9c2603b6,1177131264
34e5602cb58501859e32dc9f,1099701760
da83b03a6c9d405f55714b0c,1421281024
d938d682332fa9e5c4986024,1031195456
e9e39766e2c96bc783d580a9,989898688
fce89a9ffaba32f9f7c5895d,1227239808
2d6aaefe0f50db8acde6fd1b,1811142656
1710873f951e7f695fca3568,399571392
0ce068461fb3bf34eee000bc,711660672
b5606ddf3a4e60e2a0e0d6a8,1293559552
2c2e56e3e5210c111c7de708,708882560
94118bd8c3da3f14f9c7836f,483463072
d20a5b3eb857e1f4b548066e,1080408960
ad37e23456bd4d90010f7784,1193971712
c5602c608080e2546dea5463,560101120
e3bd8bd5884a55fc1a151687,725589312
aa31e5995379bc38dd40b8f3,1108160128
fe8a10fb4031669a9b21c919,1291093632
08eaca41f26eb387b67bf30d,1316106368
23ef4d57d130e4130205f30d,736297728
d6f1594affb8db7a865e3452,409764928
abd9cf3c36309d590e58c2a7,848936128
1c177af5bb41e26ac0135b4a,1129988224
a05da8df13eb4b121d536912,217466640
5a5a581ad5540fc82cd3c2ed,813747072
b50ff8bfc0b4c4b165c5ccf7,1010490304
2abbf26e80643dfc1b75edcb,1205674368
ec903c33a379d8d2cc04ab36,1241125248
c062d873af3b7cb98ccbeec9,1272754048
927de0269795dbe0566a0326,791171968
ee703dca75c4dfd5d035c9a1,383981728
b8a42b02c50438c2ad7598a1,149369072
f7216fd19f41ca5ea66a9169,149369072
f487761a658a4247563faa38,387471712
caf878b42daeee3c7de336e9,1649975296
29d0dd2d4b120dd54c34b13c,574503360
1cfc7d60ce613536d23b093d,269318016
c6c7409bbf52c86461aa1dd7,737898560
312ef52e0250429a5ecb3b27,1316106368
48299e52748ecff3b69f7a90,882659328
a02f6ef1f148659297d46b33,422610208
67f664c8f9250a22c10b4f67,675756160
4977af03eebca1aa266289e2,921521088
39af71aaea23b5c1e987de32,354793472
d69b019e6d54faa1cb044d39,711386688
024e94e72ae88464621539eb,1031195456
b980c778ecb2709696265c10,989898688
8780134f8b40f0fec4d1b661,1291093632
107f29b67164ad6861cb7059,1402340736
c8958d280d0cf2d8a0b481f3,800537728
1f8f74ce8831d5532f330925,565119936
7be46b6dd9891ab771fc4be4,891203328
4f4f7d2b14079ddf8754d6ad,1302237440
5921ce922675f6517f8f0007,990951040
49f0323d28ef0610248c87c0,619267328
3ef167ca6c4ac77f6968d17d,325158112
8d2f9968ec8aece8d1a20137,543475584
4bad47078442f3416b2c1ff4,323449696
5e1cc2905f7a701f895123d8,838622912
a8633d3336d097920bc8a9b3,1165694080
72fe83366bf13a53937b7034,846180160
ce78e1dbbf0f7aee98e244df,1047147904
11be39d287e5a8bdbecb5994,399882976
40a561bf79fa7a08155e1183,1411111040
3dbafa8cd5225e261ec9b6ef,438564800
68cd88b657b59f5671f59e04,308113152
6a2ce95a8be0654f193592e5,368520512
4e613cde51f9760d3c051562,912829760
1b69d2c7fa8f802c4af1369b,325158112
f126c4b36c00d0ca11c21a2d,483260896
e6a7e6b41e6c6bbdc16e1e14,1302237440
5a69ebde2e113923ddbcd18d,1019042176
72f0540aab38ebaaf9a389f6,1176636160
75b5bb7b5ff8ebcc863fbdcc,565119936
096912698fd9a59d94935478,1158528384
f0ad965090221d2349e90d5c,964283520
1c224347a1445ae01184e0a2,990951040
0ee7273686a0a92fbf48a383,1531364480
e2094d28cacad3e2a711c5ca,469085952
f50e0ea2c3831235704b8c72,364706912
1e64759f297a66524eb07b7e,774176192
7636a187e29abcbd8fad6244,807256192
9b858a70a031475e422e375f,932935360
56c2e8e14f9c6c9a9f046a08,555772224
1bd7b990be19afa5acc78bc0,528228352
8b36b7364e4a4c80a6e50bed,830077120
d348d38769937c8f350297bb,702467328
f4350916cbddd5a544c6ae46,406110752
237bce11f35d32ff029498a3,962946432
faf92fbca9baf8cce4a00063,531630688
812c9b5407424f956d308b06,849753408
9fd4adb5c63fba5a11661b23,524234496
168f81689afa1f055d8bf7c8,563537664
2a9bbffb1b98c49d79bae509,1374082048
b95ecad591e5c69fdad8763d,799167040
dc51caa89a74da37ae644ff8,799167040
d97895a836e6ea22ff3265d8,215575184
de754bceba2d206a9cb4f116,719071936
036177aff84b1901e0f18759,416909312
8a6cb559a488d6ce1b641585,611767296
74c4f233c7f385be73168e0f,377193024
27a6f3e8f9649ccce7680f0a,774176192
711045fc099712aae3fe4d14,587260416
01e033f5bd502c4ad398ece7,658482048
a99261116e0158109b3e3bc3,407001536
2d8d64261ba659302da4a481,791747136
9adaadeeaf6a403e1c8754bf,587361088
2ab24b9c5349427998338d21,1274486144
09ce36a03c52d6721bc5276b,828179072
80b37d5ebdb325edef39258f,806467264
78a080fc98669c0cd9153904,1193524736
2d14ad8ab9573c406e203ed4,940778496
145f33a8350a080231306bd1,684810240
b0aaae3a435fde30c4c02fac,885476864
b3f5af523b5d6d938693ebfe,1111782016
25d62e6b1a1a52cd8080354f,901522944
5a06a8b33611251b62d77e72,1172675200
e93a9b257ecd815c860d0b82,672064128
610f192d22864016cc2df1c9,1175296128
4e665d479b3bf2e25cd463a2,830241984
343be18b0f77260f32ec05d2,513590688
33dbec39ef8c0667e4c3f039,389496064
b24fb90a2aa5d9d0c7e1541b,984622400
b56a3a017449fc4ce417009e,628334592
e0dd5e6879d824a95c3c1773,411161952
156a20e2bf9e48b9a360f9c4,437162208
d5583fa23ed97a3b9413e910,969829312
4e6f695bcd4d3c0d8497c1fd,1443433472
da7a511a5f470d99ab2bc4a6,791171968
22a6058ffe790c98a8922258,663949312
0c19c54de06d1c139df99ab0,889641856
48e687093fb26d29cda9ad6e,390831808
3ad3c519ced4b63ddbfdb0a1,452596864
0b221ebf810f632568c1e2c9,895275968
7930f32456e796e40fbf78ed,1033485888
f084bfc530f4039f6631537b,802229696
f9793063f561dc76c0b49a9d,968687680
4d2ec23fff8eb502a9d93353,1341989376
a6f570e11883e74654898d75,1329819776
cdf11b53a23fcf9b6032cc8d,1172760704
6f968f62a6fa4dc255397bf7,1131480064
d692ba46b098c6658799ea8f,588223552
774a4b48d34052a978b1180f,878655168
acea4c7aa1185baaf6d3b60f,1241125248
07ce6f95a7719abc9a204b6d,1065835008
b371665aece480b8c1602773,1332972416
5edc37d9746cbef8352f0fa4,580462528
26617e1fb3b4f0e4a70e1b0e,921268288
b1a13541b37964b8b85f4669,403666432
94213637892f5fe643cbe8ca,429612896
742acc26686d04596ba60a34,436579872
acb1d16ce30aee0a39f01f09,883184128
e0d837e6d5d74fe91d39d23c,755291904
29028322a6d692edc5ca713f,1208347776
03d54a6e80d48c96a7f6a1fa,449246272
8616b310e335f539ab1109dc,1001775296
6c21f6a3513869f93b32e9ec,1044084160
10084cfff54a17bcda6f19d3,1162785280
169c742419c0d4335d09fb45,1322964736
0f06896d7502890175cbc4a0,1059896576
7d2e3464d5f2f79ac29e6c0c,638011904
de9053a55630670ee8e59c9d,562176960
8d54b9bd24cd9da341cc942a,885788480
95570bee1792641c7c12e4ef,791017856
6d0c5546a498fafba15f2e17,386320032
ed43b0ac46067bf886457c01,1301276416
8890eca19a9e1cdc9e0f0541,1151905280
760a5dbccf4eb4ccc2622b77,486230720
20fe2d7fb3910ef786cff965,921589952
602abdc140c40112afc1dc98,333897344
b7f906741cae6861bd5fb922,589584256
4d45fbe5a5d39188b5eccbfe,907964352
08f74ad7f06f2c409903ddf9,684765760
7be186f4eeff5c0efd58e424,458677472
3d1a767dc286fe1cb86ed9f6,757367232
2ec9f5265334241fc594976f,802229696
d737b8b7b39e99f7d877b7ed,1276664448
8fc50169e6ec98a3f4229ffd,1091695360
942133ad6b84f9d08e1d4e7d,956560640
c965b03014d21473b27072f8,1278328704
f1c8da86597a427e24dcd557,769004416
8ed5e7770d03c43ed19abf42,684810240
68ea36e3f441cb6da8d36198,1557391360
c97715bec6032974060480d6,1114608128
e6eb47d050702ed49ef5c49f,895275968
5a82fa348f3b97e74cdd3a61,945320960
cd05166ab9bf3128c23fb8c7,1358279424
cbe4318f63d73fea6238079b,1366494336
efcc8d268982e95fe2fdb311,1524955776
c45d7f326a2f279760d1a4ae,525961280
7c5ce0e65cb26773edc9ddef,1400791808
357fda0abf79ec95f73e3584,439680576
a1e8f0c7cfbfecfd1549b0b5,735165888
3f208f32cc24d8ce1506ed90,567899584
87ca8a2b3251a38d45730f5c,396828672
728961e03bfa6e3242f06d8a,482894528
b9f9dd0d368df912e6e0ce70,995434624
429b049255a7edf227a980a1,1089929088
a6259664a05091ef92129c7c,1188480384
674c915c52b27df2c06b8bd3,516221408
f8be64dc83c5923983fbb770,1611862016
445fa7f5e8e9d7f12e8991d4,599083136
0842816a5ef4f24435c8df22,753722880
40558b62d83e4362efe1fe26,525422368
bc474096496b98177e40f590,1068731904
2b55989b2253416428ece917,1068731904
7158e3a6d456211d4533e246,654729344
d4fac54e137f5d27ce5f457a,594569344
faee80ca0efce20e731823bb,979070144
8ec09555f5a47f96a8683699,1229299456
2d7a48a6b9fff20ded24f86d,663187328
514b09016ef85b9ddc4fafb2,1037463552
a1c975ab16effc6f97935e16,1323571328
e803e3806630c6579f004610,1298179840
26526235b34fa5b7349df00a,402517184
ba762cf12cc038e5c43bc6f5,506957696
45aa335dae223bccb31ff7cc,837066304
1dd3d7e197075859c1ff5b23,1522151936
2db9b3463f85dfa87347d6e3,1156811008
f72cc14d79ce15491a96ddfe,1663481472
4e25bad08182b79f5ba9639b,1373629056
e724a1db86d8d0c6334041b6,610109440
8fa53bd51f5d54be50b3fa29,383471136
fb7048ba61e9e6b1de829bdf,533907616
4bf70f19da0bddec9241d310,302565024
13c7f3592bd432c7cd0a42ab,600250048
cb64b363295d36b9b0fde3cc,1418124416
bdc17ea3f30318b11df30508,1205364864
cb7f62ac4c1afbb4256601f0,701892224
5d6c275d9d3326e738c875c8,953093888
9865836c04a9582688f50496,514811648
55a615b65a28b64d46ec63e4,324472832
dcc9e2c9c1151bd9f93f44b8,425335328
1a2c0e46bc18bf3224450064,473404384
3de8187003cbf6c4813bee45,514294496
d62663a447beaec69808f85a,363821728
1ae17f134221d5d9ee69ebd9,882299712
35e55d060b1c4239a85c0ebb,275908960
45917f1bac415feac7e41124,863249536
ed44705c17c414af8442b6ae,618644224
6f01f2c67343ebb8ec717a5b,605456128
8f2218126da9580268661c70,1241125248
5b36bc6e78872d2ca6d3d1f9,976016704
c5c7631ddb5b485d0e992f7b,588108096
43c88f1874dc7f91c899df36,694118400
dc544c90e6ee38346a6002bd,987000704
02990998f3621fc5a3d0ee63,604337600
dbab5ea45ae910567c97fbb0,500225280
bbf80c409ab3a6784028eb6f,643431744
40e56beaf4a7f28f8108b132,643431744
e857db57a89e165eade00770,827780672
41fc4ca2b3f48508d840bbb1,774176192
08c1db1e620e975c4d476b2c,524747808
8a1d93bbc83f4728657317d1,844574208
6be0ddd4180b5eb92908da05,382302592
ff1498465e4db86f4f652e87,730024640
6410d336f6e61c4a81403c61,399784512
169cdb07bd175b4325fd28fb,116953504
546b56fbf616a6dfd1ad9d88,565119936
666af58bb684c2d8e7574e86,985299200
9fe75dbfd537f9ebc6653f18,320211648
ef961c130fa3b9015b103154,1781222272
035ea0f13f2ca01c902d5388,854760256
7800f742ee14c4b4142f8b58,1733135360
0c621256c4d7ca81045fcde2,466513504
50db9d168354ea3d75a03a6f,1120885760
7bcd1fe7a140b6eeb4df2aae,956299712
49a4cebdb22fc2d72bd1aa78,239883616
69ae1f2868fe714ad8e2f114,365888352
ca4f4a66d83f2043a7dca261,390831808
c0ef32a7a294e5891505bf35,390831808
5ad6f4091b77715b7f74587c,1113232128
331e915e2a66fb70380282d6,1118006656
3a00543fb00cbc044a5b3527,330867936
81df59c6d8be19568d16ea3e,437580192
88a4da0d72977b0c56b31061,917409920
3ff9e75c6de41de517d1c4a4,230334416
147f80fbae69dd577ff19950,1172507904
78beee9b7fab8600d420fd27,599168000
c3733b88ebafc0a05f5bdc99,778827520
568509a7aba60f8fe2d0cd5a,551818048
f6d3f7e963c9aa1783b3adab,851940608
ffcf6794a400aba909383b41,1014020416
fa0aa00078cc178de0cc7d96,895436032
eec51f949083f39691e37e15,1061125888
26f3d5bc3adcd1396747a414,987560832
cb9e058f82b10cf80990beea,895087296
22a0f3315f7600e5120db131,311720640
bf6845aac15fde9b89a7208b,738081152
6e3cbbbd3f4d0578144cf021,710467840
98a0289e513d5ba036b24252,441018624
597d3f78e2f413acabf825c0,408319392
43a91a731e86b9a0784f717d,1477718528
f34ff57e272cd08056e6a243,567374720
6f68b289516faa0b7ef36a34,629924096
8bd8a7e19b6d3b8bcabb84d9,464484800
74b64bd536ebbcd7c30ef8fd,910343616
f968e756cbe6504fa0f32458,1106238464
e99d9dcb9880cbfd219b4297,971775552
4c9e6812520f4aea4ce435ae,1230911232
78419be95416d2991ade8be1,377727552
d417ff438d2a418b1f9e50b6,579482240
3ac77ed776aa4630c7293240,1010490304
95173735a8f6e554f083c065,1294069248
83da39bc1a2eeb75e2825c22,596107264
4bf89c9e50c5417ed669c481,1753093632
f90fd39477c8da38e33ba0fb,885788480
b45bb2d0d137de6984d4e1ec,446102848
bb812343bd6cd66e9cf9a9ba,541803328
e299f614cd8ae525fc8fd0e6,1024067136
521e9326a2003c7b56fc4365,1002865664
dd59ac4f6706a1399360bd14,711386688
d6c6e7f923ce2cffba8ff9df,1001775296
df07a34d0ee2f78f115c45cb,1547548416
db6061f876f890071f7ed957,1172456320
b31601cf48b268f3b4107564,810444352
3a9b2ef74c59e96a6b107357,670847744
d600310e19c926cda14ac923,1710300032
183f2cf1a1c7eb9700b6e72a,1524955776
42556b1bae874a5c09777873,1581889664
57c1ed738536d177d66fc52c,1139228416
26cdd114566b7cc63cd96fb8,905475840
0f679cc583a47b30ea132bbb,786139840
32ea7e13e8d9391aa9b7ab9e,117965080
0a482968c7cdf212401d72b7,699005952
85e4ee2583c51592d68ef5d9,390831808
f4ce15aaa352d707b68cf773,480835808
7d383abbb6ac49c6599ffb0c,1205674368
6c67b1b0991a1d79251855c3,1009796032
9e52ce2cb6f6b7e2a152dd54,773357568
bdeed3a7395cdb9b175273a6,1177131264
423ddbfe2f575e6bcb22e7b8,754743872
3247399a31df838ec5fe58c5,783137216
bd57e5cd29d935cb26006835,1032544512
bf00f36c4dbb273d7ba4b7dd,487997984
48b9efef82faf72bcbdf66b2,858758656
d2526a3e39ea01f87c99d073,565119936
651d5cd65f80c4938deb7da4,425727520
0be7803a34b11d89133beaf4,852837440
a54b0b282edbd217e9509287,880553856
550c5061428d09afa0c409f3,885788480
7538c609fdd115c9dac551f4,888622080
d7e3cdd3ac239a5c318f2e9b,1560169472
9bb193ea939c5308a738fcef,322625312
33425419e1a8e854418c5180,416449856
fedf2e30e390f5cf74b27e97,548380288
024c5c787d005adbe770b9bf,689839872
13f681a090b36edf38a4abd0,864765056
442c6bda79f63bae28674b1e,603055872
47e0c773f65485ab7c78d49f,278035104
9e30b310c820d0426f504d90,654729344
8cdfda9067e0934a8ebe0894,1206977536
0a8aaa78f68d43e3b1bf6c51,561400896
1101f533fd18cae5d32c1cbe,508180576
9f6af9ac2404a8d55f24286b,587260416
75060f295e0aba8e1224f766,652966848
f0e68102ff84f49d90fe38f4,490733024
3c45bf3e3e31e7804ac91704,454235616
f908e1de4c4be0d77411a998,407566624
ca643c04044fabc6fc566d12,1410538624
8aa76df8fea21a42fb6229ff,791072192
c214d2383936dafbe0652c51,858758656
993898470c6676ce46ede92d,941673088
18f6240cad6e92f9151099c5,943363200
1e63fac2629793fdcb793f1e,594569344
e0137390f0186c98f4e91263,899728768
e35f95823a486c52b0f4c2b6,767133376
ede10672118071a215ae09fc,1705780864
fcf46edf6d612ff1f5ed6134,1454735360
df4be33c0931aa86231b7a2e,1681407104
53fdb16ec08e794dba9a10ea,1403753856
74c24c5e142e5267456b24a7,1032544512
f1bc08407f40396c094e0499,1011432192
496ce19c015093e97144d375,1108999808
a183a1c009abf7251fd725a1,823420736
6bdd97526b1a9cf10853df1b,609987200
f083a8f187e2227696695ee1,938612736
2621e068043a5019aeed6c8c,484197024
3b43e7acfab46651b099b1ed,1341989376
6565b3281cc2d632febbb6dc,1388220032
09e47ad8508e7cfee83c6d68,1139542656
88b02e7b20ce6db956afcdd2,1242463360
bfc41facefe9428865e4c29f,1164171392
569bb17b961fbdadf7106d56,1697087616
2314e3ffc7242a429e00207c,1124363392
4bc1e2cf5e5ffcbe1020df08,1394213376
949c4a5382aff4750b4dff83,1754874496
a63b4a22614d334b4a61ea16,730051712
734fbae84cebd50aaf71c48d,1302665216
f92935374a7ef86314223c5b,808820352
6cc8e22f11d382206273af23,1026343040
701768887155444b77c4f446,591607104
13c86cdff4dd32a9f8b9adcf,790586816
8002e2cd1b70ddcae88ebc4b,948906496
d0d77497c8a7d567f01d3afe,644592320
95a7b01cd60cd10e7364a600,1129462144
d1e38d7cbd32567c874e194b,871758336
e674ba41f9657ac8f30d4f7c,411158496
6bb760d54e5b0f54d9612a8a,1176636160
9e3bbcdba89c647e4ce53182,424501344
72927abf4bcd53d6907aeeda,912829760
aebaae467e5f01db3afe69ff,400764704
3ad457c8855ab8921a7974c7,846180160
1f3d3fbcb686ada1a96e01e4,547550272
0775d831f68b88ca59eb871d,458677792
5fa3b0993cb43d3c72c30093,858758656
bef19d0084cfc9f6fa37ddd0,894078656
85a856b4d0dfb1fae861f513,325158112
07fa1ad76017843232107517,990951040
4049086139009c35dfebb3ab,621397632
655120f80a39c19221623311,1213357952
71dca93007d6ba45fa40eaad,1302237440
9f41ce015f02d67e193c41f5,270247584
9017bd24d173b2fcf564b32b,1531364480
e5ef29d41082025c42f7c921,866116224
5c60d7880850970facc54bb8,1077721856
f51fce25d8376d48fbe73a43,674163136
9dc7b0a394309d8b76d0bb7c,1067212096
a12ac99bf63b547fd9180a79,591511744
378d846a7af35e0c3efe53a9,1162785280
0872198056be7edd5eff220c,573685888
efddad1eec775ce61d3b7b64,886738816
70c19d59c6b9e194b6bc09fe,628912128
b0d3d98076883f346cee8d04,1118910848
c7694e92a97bb66794e62fbc,1097641984
7b4fcc72822460a428c19282,1213982208
a6baf4631223d9b24de8b590,177152576
a6f616d63d134f14ced205d1,1127223552
50c123baa5783185ddbe29c6,896139520
24756921525595f1684929ba,1645144960
caf9c761d21329c993a0bdf3,832575424
193d70ead1ff1043845e7671,885788480
62ea31859e01c2f4d4e97baa,593614656
272b5b5c28e46c6f5ad95c22,524918560
552ab0964056c1d1d1b7398c,1701111168
23799891583435710f66303a,760462592
34896afec0b639648c527483,1468385024
eaf53eeb911ecbae638409e5,697226624
b1fdade0fbf0470060fc2708,390432192
8a20478528e97700dcc84abb,808346112
702525f05b47353c95b0905e,561065536
b84c837c5a1fd0f1ebc5f8a6,380382624
ee2d16316e6f4f2388494c7f,976016704
ea4af07bef4ed93e81ded95c,1457549312
1a71d0d3503f9eff28acef6f,1417569536
1fe392004a09aeeaa6e8bce7,793501312
46d4b0cdc81137aa56f516df,1270283264
4d666967b74ccdf5b04e9787,221574896
fcf79745f8cd716d3ff9d27b,746875456
aa8a19a2fd3e2cfeb3b7dbd9,455269632
f055602beb49dd6040641c9a,674296640
7b1377c8d81755bb9b501064,854792448
17d0418e4a439e9de8006f5f,734866880
48f1c6e343a4724ed865533b,1127078016
353207faab3dcf10feaac8ee,1031829376
ff188e88378c8e2abed8119e,592064384
424b41f5e01ea2e2ccd3ca48,722582720
608cf4f46a188cf84f853c72,774670720
f9e7582dd99d36bfada56249,1538658560
d52f04fb69bed41ffb10fce8,596342912
ea84b58f733c8e491db98a52,1217812224
68699eb9653684fdd3fc79b0,1165694080
31f52502e89beb1b2e0dc3d3,972784256
fd41747287a480d5c4dcb56d,1048788416
b7afdbc1b57b52e6fb03accf,1311963136
48b270a493af4fa28dab9211,454121888
2a787b39e84958ca6b7001d0,1355731712
e439c77c0d871996bf06bf88,1363062016
91b8b9db5372a2c3a5c30c58,708569664
038272b33c075765464761e8,776025344
fe8e45caf7605fb91d6bc5f7,713112192
d354a2581dcb183c0cd70540,826090304
9421ce9f204f373a50357fce,1251989376
56bd3b61805077405af098a9,493206432
0a606d19ae362a58922b172e,1169448576
ededebb1a544fb3246d3e131,804212224
6b6c365359d20be719ce815a,924169024
b8b22c1afac62b05ad389dc5,454674528
3e3717eda8ec9a68c9d83027,668499456
03be8ec62dae56680beb2cf3,617907136
fe6c8cd2e792d62a4c324da5,747769792
f9c133f7a12f2b8c1b2beedc,848936128
4ec47b8100d224499ec608e8,1217203840
143ca16847cc47d4a4c01ac0,555772224
22127243f7ba3a68c3fc33bf,367478560
835eff7679889fcff6795d8a,640847936
4ed3eb724d4e57a7b35ddf5c,1615270656
4d743a1250f7d91e2782708e,523621312
9f5cf735a842860e7ac753cf,1698769536
e54a8b735724b2af56c7a36e,264090304
3b39471f854357b7e5d2853f,1241125248
91bd11b5a8e0c0124be78f46,204324048
6121943254877ee48716c4e1,492965184
3f4c2c98a5a6cb78d7d26327,345044416
2b6d63d6b072901effbc8e1e,802229696
7e4b240c601e37977faffeb0,802229696
ac29d71a80307cab65f29ff4,1237393536
70c77552b1bb67a2a71c2ee1,987560832
54a09a85767156b072c808c8,1129609088
244210fb4bcc0a04f2cdff95,642779392
9a2b53c1c7151a8b26a71edc,211170144
918c48a512fd6ff22fdce5d3,1672342784
effe4219e6cb56e5ab70ff6b,991400064
936e6d2192f28a2b40939a4d,1233750912
ad9a1b23979f0edd2ee19f38,910598080
8a8e4996e24142eb413c0d12,1388220032
31c69cf4d197f97ac594a896,761192960
143f07eb2a8f0a9e26fc4c56,1316466688
e5fd3cdc6a19653275c7f4a8,746001408
5c7efb015b8ff7f108c99723,427814144
394718d9d069a126e13be804,843050176
56f30ea777f5493139f22384,1166000384
37d5a902f1036cf3d80c275b,774176192
3f418a8bcc7adfa87e0f67dd,774176192
051416c05445860d5b4095e6,557708352
887761f34ce0996bb05ac48a,1132626944
e02fa06a8de8a603e417d5ad,466055232
6f5929e67fb8da068b91096c,1250097024
291479f573955e063f2d8bda,1475833728
e60850405ccec092b8fb5d02,914127360
464864b367e16547fe319229,443680224
4c14547b7e02e75204ca9f4a,699810560
6183257f16bce94113879745,432747968
46c34a4e5987c20eb1f5ff99,702256896
3f39b25dedb96409dc9d1947,1358952704
e7a85e64ee07971696f555f2,855159680
33043b254b9085fc82ee1f7f,252725664
bd2759d469829bb8926dbe09,759968256
affae17b6cc59bdaa30e29c2,542109696
e611d41aaf38a58acaa0bf23,1044691264
0de426088a306321990cf60e,450529184
685982808b30597cc013e2c7,424625568
4cfd1be6a93641b110fcaf67,382302592
68fb3b3cc3e5b13440eb014b,1284535680
532bf5813d7e70958f71a480,959586752
06ee1d8f3ea326a0e3a9791d,718430400
1862e0c4d8e89fd2302ab376,2054024960
f3dea3d678d959aaf6b2849f,1237297792
2478e48a3c6bedd57c13c72c,570109120
efa36c7738fc14a11cc352eb,422563168
2f6dfe9443645d6629eeccb9,776025344
bc7e867cad6f221dc44754b2,1329468800
e4f2fecf58a038d7b18f7160,1172635776
a7620d5599ec354541c8af13,1600733696
484cde8e47fbf62a339c8219,653817024
5fcd9836a3ea537fe86d457d,483553824
1b288024824312c8b1681bd9,635003584
44e4574527acc86977f5bc41,903852288
8b716bc4d6d833f9bff3e729,588108096
0ab85344c5fe6ccb0edb6313,935923456
03ad99f1799f2a20c8cc0a50,857162944
6db318f828d464be421eb572,1162082176
c3e648317c360c76b94bf541,724033152
19cb65620d2330624252d01c,300546784
dba9fa9642ebc97ccd765db6,591523456
1d2467e5f991b935d676e906,334688928
4091a115125eb4a67f494620,444841632
d197410ebc0e3b9937464923,955956160
722699e593085cdd72102baf,516874592
c059affd0c19f6d4d76f37c2,395597408
855dcebac302ec5760f67121,717880704
f433278518a80c3301f26cfa,989859584
66a45b0aaf5f696d35f5cebb,650159488
0152ffa8757aaaf417e9f997,1117598976
55b72f6c7163a9b0b3b0b262,799139520
c8346a875be8391145a2f9aa,498227584
11c86230e62bd2c9ba44131f,1397974272
c4b97a459e2c6d13710fa273,524234496
8bcebf3cdc54d4ec99ba0d88,660679488
ad159116d166e45b70329bd5,343970304
6f060a8ee8d6d15f46289759,836076672
ab5f089f9d2ac1bf52222ec5,290159968
f4fc2da675d6a2583054fc56,654942912
89eed91bf5148b5645408222,770445376
0761d0b7c6e319a75b06d420,472439936
ce84187750fa7aadd141b5fb,698109888
ad77298955813089bce818a2,567884160
3abe8f334f0f20f8006ca5d6,895275968
36445c32822146606f75dfdb,994452544
f9798cc6285c9fb3ed7cb668,1241125248
59dd396f70b8458772307895,686131072
83e91710343450cb0812a6e4,1167992960
1e7a931100be734988955242,895755072
bedc5ab20edc896f814c3f06,1421281024
f884247fa6414f384480bf38,509496096
f34a38cdec7eb598e55fa41e,884856256
106ad411e13ea21ad68e5f59,1470549376
a87c585acf2a147e381005f5,1020551232
ad755859e7b6afbc021fcf6d,1273890816
8015080cf97316a08453a9fb,950314240
f56d8f5cfaca0691c6ffbe00,741175488
8ad016d414e2d2be053d7612,674403136
8b91a957eca1985938860c28,654483392
20bce83e2b75fc535a148dc8,738027392
5724ecee1b12e888d538c1fe,715686784
1e90d068f3c86c6f691649ff,1217424384
0fd954262ee740999c31d407,523604384
a6d7b144058ebc326b9803bb,559990848
a81abab882910584371c7b66,495531104
9e41c4b41cbdc2553d80e362,1055557440
b6fcc49ad3656cbd3f4c2ea6,862361792
9a296eb9b63ffbdf2a07cd0d,435092160
3fbc0746bd620a0baabbd859,902150720
3043d0b025fac4ed90b448e6,608312128
219555efc5b4291791143252,380697248
a00863c7c53b2c059ce22dfb,492455296
28b838c94d10823ceed62e0e,710698752
7e64ab35f5e336d5bd2e1b51,315900224
52f24ab479fad35c8bb5a8f6,432957152
0d1ef14606c58310cae371f2,598019008
a465a567a4f60ac534505bdd,1600041856
8694b149f7c0deadf820f0e4,833761664
16d6b756f5ebcacf221918b8,1245278464
7d132190218425df1857b8b8,1620557312
7c7a3f51a58dfd1588d7c088,268035792
64d1c45a2968b0fbf0eeacaa,1813216256
4fdc382b65441412fef509ad,1162785280
04ece9352b3810031f3f9a90,1264617856
8b5b351e07a26c25cf51e176,385840736
f923bfcb8cdb543c23bafd52,671865536
a15a12446d2e5993a0a6c423,1167609856
ab3e1642655f7e705cb047a9,671865536
b62fc917b3e8ddd64bb81018,465873152
835842cdc8ea0a2206c2b46e,795892480
02ce5bc5d5d286a4cc0928f6,978260032
d8e51f7b40bf1887ac007163,930364608
90f320e94aa429856e37bb35,646404352
967a7676754d6f9aa3e14473,691709184
9251f3dafa0e747b6e78f295,618056960
17b5e8357e17b516d947ebe3,533808896
f943cfd29effc9c048b8e106,675978752
41719542347401b04dfbaa59,872085504
bd6ad9a9ab28aaef9b4955c8,715686784
bbff88040e5b20e874cfad9a,279489120
3d6a9a4f2336a46eb62e6a47,855548736
493367258be5d63dc8db97d1,855548736
67cf2149b4c214da77694088,883922496
8d2e85825e95f6941445cace,651451648
01afa737bcfa6b1ab530eb09,1100308224
25813f7204a2e796170c4836,565526144
3cb1773d90dc240c4ffed5c4,791171968
6c81a0b90366db9f514362b4,791171968
44c8131b88accb3b46b79ba5,663187328
ff185be4fdbe3790c72d00cb,852523200
851f50292e30b0a464c0804d,891468672
6fc2a4f29e3b896bce631ee0,801080256
cabc4fd04b60a66bdbe2cf9a,975834944
61e9c2375626a18bc9920c5d,633817792
396c8060d9767b4debf2a54c,760167616
92ba019bd942fa33ab742924,555945600
ff71037ec8e5a91aad6f0686,700235584
d162a90b37622c1dc6550690,255934800
e1490f0730f8fdc36993027c,730064320
5a066d6bb65d28c2094051f6,698427456
9c7bcf000cb37f48d9f15422,1073907328
528a6345df87dd0db33bf822,820963648
579ee47bc31f5408314bca28,410456864
eb61a13df1c8d8d0efc4db3a,402922848
b649d315ff3c97c4e8e9db73,464176896
d8dd26eb78ff22272358e302,534716800
6ae2221c504027acfb7368e8,402000128
3ce908c9b70f349158f7d04a,1148645760
7cf74cbec871e465ec2f6a61,1148645760
02e9b077d6cece81387fda35,1063256896
865ed399cc344e0638e45128,1185131776
d9ed55fb72efda67f5144330,1056579328
9fdbab0b428f19e7e8dc35b0,1022159616
c061b886b7136a1b00c8ea2d,678899264
fd0f6c0b5234ec1f6c7d1fd8,625173120
9df90c0644948ea5539939eb,1110048384
547661e79bf0c62cb8de63d1,527621216
68963f5f3657cb64276e3beb,1073625024
cab0a460167bb64c037cf25d,1215798784
31977cd5d4c09eff149e74ea,858801664
23264fdd1059460e079e5810,999131584
4769743185eaeb0e4158e0e0,639391616
780c809c52509bb4855a4efc,555945600
f64d4e029592761bee698958,1626999168
be364e85b988ef8627ece74e,912041984
c73c38b652e9418f06f89b67,189326608
213032fd36fa1a6342570158,721604864
d519a8de5fdd1a84ca1baac3,478564160
df91a494d5d244f20dab0eb0,370488320
9be92b361ffd3ea2c69be23b,732555392
cad16b2ea432d926d961109a,425111040
56b22bd973f94a4bfaaf6b33,569919104
84114798ccd01ae3dc97cb27,226405408
fe2bf1f402addaf17a213030,509400800
e01c1b69abb6a4c1c69c77d7,757367232
24671f63cd061228ec0b5b9b,487406048
f54c16df774e70d49355cf4c,488085056
5537b994e85c2688fe555d5c,424146784
1e5919cbe4373aa261d672d7,589584256
cc125d0f70d6d0819d6d90ee,536080896
51f94ebbd6d2533862a1fdbf,1309143424
fe409f9ea8d18c9d9ba4d02e,479533536
753b47e2a3b9fcdf9d7fd9fa,342416224
6bdb3153f267395eefbf588c,428100128
9bde9f216ecb90814670e87f,686932224
7f5280804c59f56fba3d6201,354793472
ceaf16e097500022498950ff,391695840
aef06b27b0a080b5ee539b6b,946746496
abc668bf93ec7d1951c65cf6,479533536
56822f406646f93fb39d9e60,769748032
2690ba8b22a95cb837cb87b6,655396608
180172e4eee8ba756207b3a8,477424992
c11cd2e00942ffe56db5ae88,774339456
75a287d87aaf6ffe7b6db546,551104512
08f35bfbfe1bd663c40d9e54,781491264
c2bbdb2e5d0191071e6db37b,675756160
b129a508d1d98a1b6dd2f61f,796238720
335626f385c28e8370c207cb,285448000
898ed7299f0c7b8a99e4877b,1089877248
a98022fc80dd6ff27de693f9,227503680
a59f1631e721d231eab4d146,1114608128
98c9c866109bedd605ab7dbd,942379648
cc9743189c3671adbb1be49b,1015346816
e22b8126863c9ca8fb04df9f,609986048
247715511199c5b680088b56,325158112
6e51ca1a9c2bba9fa0cbe5db,944587520
ba8d6800443dcf95bf9c1037,1091695360
5ec6e033b9dcb454c57050c3,709925248
156ecfd8ca6004281b191db7,739155904
edc3879a1102740f2f96227a,786448896
c02ce25a3334860d3bad53e8,1422209664
d041129f83f1f13fd7b35e4b,1054644544
6946fb4c877f35e9215ef4be,1189051008
ff2897a56a0fd08996d19424,1369971456
e1b64df8e809ba220c9722aa,767736576
c13263f9c8628bdef086106b,855114240
e2b8d1aba0c583984aab25bd,1010490304
3786baf40b31a20f3bf3aa80,1369684864
bcf12785c25f6e600eee8fc0,598952896
f85d09bb2ea40bd4b68465da,1217812224
1f40dff9a973064aa4737eea,974513792
79beab95c6857412ebbbdedd,972784256
5ed8cd2cf2c6dd5b5241d6ac,1165694080
ca8dacc29a57d39640e3e59c,1867982592
723655990d58df33d55009b5,1001891968
79a675215fed2e293b27f43d,989696640
57999ba0ed9089739a1f4de1,1197481344
00cea81b78d6007eb405d5b3,509361312
c00facb3e4cbb27c47a621db,989898688
d1481d9d2bc9d1a3811f2faa,503957792
26313750bd29b2c59a81b58e,1133526016
2bbbe93b615c46483056bfe6,1027613376
0f8fa0a074b743c92f0fc56f,1082472576
b925f9ef733930be26417458,1133526016
0183b38955437e8d0128a013,1358243200
1c9f65b631d2f2856bc97079,863036800
c11d82cd360eae99c04009b1,1048788416
4a80ffd8e908a3291a32fb6d,670663808
1a0134583a5854d5aa9cdb9f,850169920
5f5346deedcb7cf5dcd1e9be,608350848
f17c8b14e56a76ea84a45fd6,1441328640
b8ff548543842246ad439703,990951040
53462704cfc47d32492b4847,1319911296
25f925538316d3cdda8218c4,1166000384
ffe653c61bf13df43fa22190,365775968
228d98c82021e2325263c7d2,481455744
f32a7d08d176bf9177dbcab1,429271328
f2c86c1edac4eec6c01ec11d,310703744
06e350e3c733e5a0afb613cb,804055296
e2544529df4efb7e90afcd21,654543360
a639ec3b943cf90cb28bc1b3,505240960
a1320186028a726935bc1cc5,935548160
97337d2f347a50e0ef518516,790214208
8f619dd7fcf5e1a17af301c4,872809792
72569ddc5828fc702b2fc773,1385171584
ec674ba8cd16c2264d270901,867829056
2b05f001ed1a84425a45d0ac,842548032
0a7758f69ddd8fb27a839661,589433728
e3ec7a8fba3e1ea07a135dfc,753757376
4163b665043ed27d7bf26c00,427932768
69f7b81b70ea61f304ccd36d,1227991936
ff61104cbeb37f077c565fd1,177318032
883ee78c03efdb4bdc57796b,415936768
fafaa5dcf66d22bff322c72e,521442752
eaf0f2b00b6994a9ba8c5ed0,374672704
9b1590945c0c7f7b0704d287,482449728
766d34ea891f3af53f1391ba,768963648
b8680f925773229571014e61,1194313088
2fcab31c752b699af5e8ce8b,1240098304
96d14697ed6847ee757d113f,859591936
ded79c11c30167a9d8accf77,552834432
ac50dfe70b599ae93ddee4fe,1010327936
3fc7a0f9c30978f24d688fb7,385072096
083f05fe52ab15e8d481ad41,1403579520
075be16d8d9ed6831d139b2e,825847040
ffce0b151f293cad0a6f770f,1378426880
5997da918101ff14bddf20eb,767133376
e102f1d841d7cdb596d50624,416449856
a2c3da753f0116aa5842d4ec,802229696
43228eaa1230dc0f7f1473df,814080064
4349d6bfd5a518fcb231cb3f,1004670208
c6c978051fdc655d21a370ab,714986560
f4cdf3ff86fe70fae3e59f4c,1045584000
ac154aaafe98dae45bf9782e,1288280448
01f6c99999c154461765f4c4,532434272
d7d30819fc6ad6e7e41453c1,1088138112
383b3198861942064a63184a,979109952
3a2f110334251e97abe3583f,577986304
9b9db425b698a4931173b5a4,1198476544
3b51828a1e891f3a52a4653c,640578688
c94dc49efe0a350bb522a56a,43471076
39e4765ae5c8284e1f3f618b,1076188672
04b28e63fbba92daf83865ba,1445538176
b9643a26731cf2a9a243ef33,1360395904
19e03fc1a7ca4b0761eb9ef3,1147460736
c0224f0cee5a388014db4f55,1389263488
c4074029fba935dafd82eba8,711556288
0a8d749a2336d8f66a4f19ef,1012598336
e84da6ce78339d50a72cd87d,392277952
e9830411c3092327f4e66a99,1236659712
17d51fdfe8fd16185bf5feb4,681083072
f07126d58455b20f547c4380,414361728
8fe7db56d501b9c11461f62b,888675968
1ae2058fbe26f384be45df4d,413526656
e74a31e6edd4459d4e215c5a,312960160
c91945dcab0bf200c3ef321e,1185929088
933018604a8d5a9020aac221,802277760
876ebdaa0bc953890e323843,765217024
4fd907c202de4f06cade3b3b,953347520
e40f616637f6187024b34086,915785344
f9038f7e24e0a29bd9f3e24d,570651840
b27fc4e7f6042d70a7651038,983033088
e68b18b57fbc5fd6cbb477e1,1181262976
326a82671272d893ce699476,750175168
d2655e69f5dbd09ddb9268e7,857423040
440cd2efd45c019c7151902d,605444800
e5099db945e4f04aa3f0bfeb,795892480
3477d85a434f66df58fbc094,926463744
56991f74ed430ed942b2d6d6,1236602880
7ac1b85bd87929705b7a86ca,967704768
0e1fbbe248919eb71e53ea75,413526656
75c16273d3a593752446c27b,810056000
7e74469fe0b030254756296d,1423195648
35fca2d53ed17ea7637c528a,1319403136
963cc728f3bc207a7ad74ec4,739660864
fa9dec2129f7218b4c4d4b35,1307329920
1d0a6bf40e609fc74a319310,728558464
b9551c416341fb167049d4ce,1162785280
89131a0af2db172538723b08,774176192
3e66557e876a876c259c40a0,801080256
078144699729ee0c46f36123,1176500224
fd15189b99da46b098a949e6,713369920
d69209d7a26bd306bde5a37d,866942272
89690c80b7adcb8a8afe531a,1878940544
0e0d19168609ac1d75253edc,575272704
6cd0aca2bc40d83473a39885,928675008
6ea0d50e822913d0f444d89e,640376512
39579c195f288da8d77f5ce9,773500800
bc54f5dc4e9ce267ea592813,508972672
1d43fd3f7fb4e24a0b7c9ec3,901168320
2566d8588566312ffa4fde42,936686144
8d27746cd9d2532fe9cfc408,481699872
95b822f76b4d3d6ceb0c5077,1226148992
eba86391ca00fb217ed1f774,952856384
b9a0575867a59dc5dcbb9cce,891450112
0845e73ae95dbd4aec3f1f43,166974640
419a2f823e87ab67b1311bee,1002860416
552217c633d2562cdcaa81bb,726773952
4fd7984773d2872e51574ffd,743493248
a87ed2154a2351cf26f0027d,941673088
a2522c9d3edb7e7a23a42b74,936758912
357e58ef96c53f39e267b80c,987560832
cf0ca58262feb1f8b0dc7b68,1049857728
1cb79aba890b35f9d2a400f6,1479360768
d5c79ef12f43e2bc19e22fdc,376636032
776e1192349cb7cf1579056a,895585792
7de63633c7666484bd098e2b,460267616
ca1b1c17572f776fc1059691,564448512
53e94de217ec45ad576fd83b,864924416
ed5c3d2952d2575b1bb757ee,695416192
bdfa334bc331e3e547f7568f,1403579520
9c6a01e3c7ef87d27185e9f3,836658752
05d9818d3f9f2a5c358d3911,1514118528
f6c990e406b3756ee39b3b30,591839680
19ace6cdfbd8bed6e99c86d9,685993216
6a04f8684e083eb6319b5272,1227568896
179bf83034539c8a391e0310,670299328
a42081eac6834da0560ea4ef,942664320
784fa9e78f7cfeca4133e8ed,1122612480
978edd828fc71300e6723e06,1242306304
61d6969334fc63611c810e2b,1242460544
4d592a67596afbca92d26bcb,948910720
50f8068603edac10c87411ec,879997120
9965f598c5b95b3cfaac50ad,999666048
66cf83769d16a4d659edba6d,648529344
9c2c2b01934d1d519e651786,837693760
2b4913f28d07628bf2d3ed92,1663481472
9baf7967c49fa209de8dda95,819420032
7a0f887a9426270ff3c24e36,1192078592
c1034173dda31d20c4efbed1,628379200
c4a3d64de5e401a86395a919,275383136
c4cef41167a5e8354a61feb4,804732672
f52226b24ca3d5b04b7cfcde,975834944
36d5003f0b5ec7f80e89262d,762837376
641600a4cbb13b35dc7913e8,1106393088
c31c4bd09d8cfba562ed2b41,945874688
0df96c81adcd6fbc2f7141c3,678909888
4499adb2aa3aee94d1f1a1b3,1363406720
4ec06163d39f96baebe11bd3,759825152
692cc1c9949d35ae11412fd6,697102208
f1da5388b772159ec90c3210,1441201280
e7ae63f81f8fad37bb9c1b32,421350208
d39797a12d9a4aaf15ac11e6,640014848
efc5412fb02ba9d8f604e493,791171968
bee2e008ee41f8a711fb8d29,544796160
80279a7533c44bbae477ea4b,932323008
edc43e57b2905405a13f8f3f,442372704
751795587d1396e0daa25783,584205632
6d90801ea8cbc12f9e2131a3,458677472
71fe067a5ae994180f530686,458677472
2e99240e23b0542f1cc75026,663929664
fd6112c82d5808311b08e29f,458677472
0ac639a7c5ec115b3df8111b,692230720
af0cfebd54f32b9b92c5fdf3,458677472
b0015b31facc48a49f1313ef,592167424
2347f69ec1ce4a3fb6989eb7,1083603840
209bf65e11bd7053d9658824,796739392
41877a677d1856bf609515fe,792271488
cf60297d9d9bf1268f35ad95,895275968
a33800eaaf178e01558ee926,377154496
69e663ffb4935aecb875854c,715686784
595415e95e075b70c39d5c5d,985434496
719679261d84d6b93035143d,1241125248
9f149071cf61295815e3f875,932715392
3d24d985b95a3e200a734bc2,1421281024
bbe705b86c6ed4da775b68f0,515653280
e1d875468eea7b2eecbb49c7,1302237440
0802b7e10706252dab8db909,325158112
2f412384597554f3dab07985,912829760
da8b5c8a320821ab8ca00a80,1047147904
0f10d20cff5664f9564bc88f,990951040
ab8699d3c685fa834d7ccb3f,1176636160
85956152686438c48c52e018,750572928
ed9c4f4e06183b15b877f077,1017449472
12e32a758e15fbeefa255207,436684288
22cfdfbff44541dba9091753,859967168
314a1e163d0b77b0f384da29,791855360
23959a0f6e27c8c2b4a7f436,703403712
6ab5a87a537d2ce326c867c1,691737600
d9ebae84cb53d29bbd8a466e,654805888
9511afb73b656135daaceb43,1825177344
9231ec89e58a3daf459c5b43,1747635328
8d97cda83fc7353a86c9393a,1492064256
3b380c563ed2505b7630feaa,1003201856
6e5ca223128fa2de422b4009,620935680
ee30ab004ac5270daf59758e,887813248
d6fee4f680569a54f4267215,1334095360
db3b84e5b3a9097392a57319,1343546240
cef379fa831f936cad745dbc,795102080
4db8d32011163bc4fe01d02e,675569728
f842221d74340270e757fd41,1265052288
f6173e36f95ad05b8e94321b,1837390464
5960f14f2a81075fa66568f8,445427616
cdeba97450c735185e486eab,1342838144
f9a802cbc802d49a087cf23e,1656862592
6a9ef848f22fecb9569098c2,916349184
f3986309e4fc4cde2b5feed9,1204308224
6c3435048735371c36dd3892,1766059776
f019dfbfa7fbbddec988fb25,1538272256
4526cb4a2b8238dcc4e496e3,1351842944
95561bd325f60967cb6653dc,1080854400
9f3e09a3461bce2fee7e1c40,1177867776
1034b1af0331daddad70f3a5,493082592
3ee9cfee7b0acd482672ed47,684810240
adb51a572f3198367e3760ef,863129280
5c802e198dc0906016741026,423659200
671603ba1f755be5d7219a01,409764928
001d77bfb387bdf0b53e9e83,646254144
fd9fda1abfcdd1066a177e14,729552448
e1e78f3432ea2dff6b69c6c0,631866368
378e6374da00b72bcd7920df,713369920
54ec4fd8f49c897c644ce83a,1310615296
a67ef3a182aa268bc4d9ea14,746911232
8100a4b0288d5d9d9dc86d2f,450304416
699ac8957d9b4eb7fcfbcc40,599135680
7b35a3e9f3e67fa1974f5c25,1322339072
6e5383a7f9a68147c2788565,1604977920
fca1c40a338288036b1eb25c,1111107456
237da4784755f090c89f07be,601864000
21a7c5d6ea818dfb25077e13,788190912
0cf7dd52e117832b4698b310,684810240
677c8056695a5a539dcfa3d0,1242501120
e4b85269ca413066323f66e0,891703488
9019f1dd02ede61479b62406,571740800
958f3e102c6ecf5f6386a004,913163456
b05c741bc5013a7a6abd31d6,913163456
2c58f2cbd00035febac060e1,551795008
89d36acc5f617a6a97e02f23,581123648
2fba6801eb9a7bce7ed2c081,780997376
45ccde79aee811756030903d,1046314624
5bdb5174517b8faa23df9587,1297960704
36a11817b32bc24eda6ec8eb,547550272
f1319a9332946bd68db250c2,388121536
39f70d6b68b22668a0631f37,1048192000
3958d0cb732f3d623764be54,853343808
f67028acda5ecaa4c8781ba6,426979392
76f50ce5f30cb96d48a69357,668499456
9e5efd4741a57b9af54e9265,573152064
8c45ac143f5cc43e9249c17b,1237579008
2a66eb4d2a205bc4474c0afa,317755328
85cf1ee98e1a85ff4619e27c,952918464
84c2ab0573d3cbffa0be90f4,1302237440
48976c41de22ddaea3f8c296,1220292224
001c03f6103d35389825b62e,828914304
ceab390b6906d5cbe65fc402,1259436928
79f989fd66108a2c38a9764e,399882976
cc385eff95aa00310eb22111,959241408
ed764bed1d05cb1e9a4e67f8,1015339072
857c5dae475eadef41c25603,1241125248
7148b0d9e2e1e92d41633230,1082059520
7f3e02524981fc7e40eccfdc,117965080
ccc625df8f51248e3dc93214,359815840
b38776cf09ec8e90fceeec84,231026432
48ebc3d79e01061c926066ba,378323360
9580bf8358095abb15a10c36,477447712
d26d35e33a0cf88f735a9322,411371200
b4c2a0a1a63d35a9a08a6e15,577896640
1bf1913f806bd4b461233551,355366368
34d1394dbb483e55d1cc2da5,467130016
7bef2da7f3c160e94fe91ead,510143936
528014ff6b7cdbfc174f4fcb,859591936
bf1dae54bab00fcd3e8c9ce2,566366400
f270dfd9ef449a02b6d7ae2e,354472672
31d6f089626c4fd08536fac0,472439936
259f4f7fd5d851be70d63633,376408096
6b74ef5c8ab1df614bfba866,1010490304
7ee7fba3a30e0e7c2ed3043c,691039744
b24bd44eefc3ccf053939dfd,1241125248
0545fc14aece3f37864ced2d,1309143424
e07eb36210e90ef0419fa0d0,1548801664
3991b04509fa61b36a8f7d2a,1205674368
387af5fb4b4a7f5c3fdcce57,773357568
6852e8bbadc1a9f4fbcd695d,894395392
8c3373f9c0372b87ef021512,1508970112
6123a0dd128e45216f832e3d,625316544
0913364c688d7375d0f7af5d,370488320
8831ae77efac99a6c58ce05d,858758656
b6283a5714e0b977110318ea,138561872
d2d8f5356f77507f8839280c,978933824
f36bb15462fb29f80b127458,760991232
7abf9cd6b26e2e2bb6d91e5c,1232039552
1a5f6f7e8b7af9d48644f1e0,711486720
8e2a5f8431996ae0db65d0be,875060224
29535d858fa3a11792697820,885476864
8e4df02eee6cab9bd1011987,380948160
5a4039f0ca12767138ae585f,865088384
d84248b3ce8ff6f5fa480a83,1033344960
5838e86b74020a5bead56161,955362048
02091877f01c926c350b013b,476084224
df298574e35dda90fb568023,947462784
d8b83253855448caa81f7780,943609152
1163ab2c0bc8c998e121b922,302045344
14f9ab54432e5f54a50be4a5,412368512
f4e0fa1172c1d4b70b6c4d73,421799776
4345863fe83682f6091d8a77,1175316224
6c5bbbfa3a1515e5cdec9ae1,1015654848
742da63af109164c21dd57af,637461248
fdc28a68bf8a5bc86288b4c7,769844800
0f4b077de4ba5f5db6fb0065,1524283008
320ff6c0320674fd278f6fc7,508150592
6acf9cef08906fe569c38572,846179520
853febf898a1dba351d6f917,1356009984
8ae41ff6a828f175a9f628b2,809511872
56ae6108c1b53c649da2f6ba,719060160
aa990d4e5f1a0fc4f0bb29aa,855212672
cb8b826e929f4f8a8e3687bd,702680128
b85a7389bab2e651f05369da,322878112
1fe929afafa91bee53df4e86,681438208
02e89c055b7692dab024defc,646669120
66bc6e56bcac9bfc4a7341d8,1194273664
63cee15dc4a6808616a2c2e6,843151488
9a889078a0225c013570609f,260126768
3548fa5ad26ba2ea999380a0,811476096
d9d8aeafa748f8f1ff2fca22,1108631040
9e2c21d635fc25f7790cafa9,250256464
f99adfe85d32b0a66f4d483a,1245615488
eb64fd330053a41ce5be4a7e,395186368
ea8d704272b2cd066a7e7867,1053090560
e7c92ef9784a92c8b7fca693,948623808
a9b83e18ae78d307d1b39b15,760167616
ab8d6823d905f1f0ccf4a75c,919102272
8447ca83d928dc34c2e7f9fa,443621184
5bd24b842a67601630036d0c,810444352
38d5b9319bc16bae99fe73b9,380073120
e1558509b120809eface5b87,1606714112
4b8d7217da1b1f225f254914,957751296
09e0c3a1b90d46c361007323,592911680
d090a9e520ef74848bb060a6,1426179968
07284e4caec09fbbb16adf2f,1245615488
f8bb20be599b79cbe29f36cb,1313565440
07dd30f04c5953f325df9aad,1002119552
622872d345b4b0d9c1b9302f,810444352
fc9151dd6f8850502c747bab,1238727680
0fdd03a2dfb18e323d96f468,1496377856
ad7cfe29b56c915dd016897c,1285586944
f40a182d82c489f55c64ab7b,840037888
fb06aae0e711d628b16eb910,1091293696
7dabee85f750266dce02399e,1147973120
ebcab2f8506c64a461591d1c,418751648
340f96c7de105aec5b7a28b9,625986048
be1c6023731fb633c4f41f96,558132544
d6b051fbaa13e3d92a798521,1153024000
bd04c8b6b5e381cd5f881379,540184768
2ca47f5c36ea5d1cf00dbd2f,639057344
3f2c18ea5d8e9a25adca4c42,1241125248
5bd59dbebb0d6fa71efa4c66,1356377728
bdac2f1c4b306a7742f60ab9,1169247744
a0e26a9d56cfb3b7228e5d75,636146048
933740e21e9b61721b2c6053,1162785280
a3b9c1a3b81f17e6b22b6152,1292605952
445e241d8bfaceb149609d6a,885788480
937f0b37f566f65a1871615d,503157472
9a76a405640f670c6355630a,615188864
7a0f351e8562fb7aafe6e714,412198592
4c5b79f3656501fce2e2178d,1190853248
201053b106a0b89a0a47e2cc,620043072
724a5f9542f86cc43334d3e6,514053088
afaadd87a196e04b934e0b1a,293394528
a46cfad2458ac7ca4134818c,474829152
f640eb21bdbb9369acc4e863,285448000
8b3350aaa66b9fa1c682c15d,613324288
1340b0805cb34eb9a982190f,416909312
055d5ab6b22d4d0ac325fe73,380948160
faed63c1287896e97987c4c9,944913728
a094be8af52cf76977fa5083,989276096
feb3384733ed8feeedf9ce8b,989276096
eec4d59429b1d1bb75b4d686,690249088
3e9754a961d2cf348c9ff7af,836162432
8f8a92abd28c8990534e847d,1357148800
256491790d0a2d5e1ebdc2e2,705606016
ede7995bc4e7e672fda4fa5a,966330688
9e8a11484838eed1f4673a32,947929984
8aad5795547ade3c804c0ef0,730327232
4ec4683fcf928d9fb33eb7b9,540499968
ee18825bcf4065d29287b54e,1112476544
485cd615660dda11586f797c,470841056
8b450ea6c21fe0b5157529a4,966119104
0d45e78397d4bc0d363be47e,1101582208
bfa4cb65827c4ebb91478e53,1073864832
deb2c93acfaf6994bb3c0608,679377920
571e1a8c252cd67ee0475974,1867982592
04e337d3c692f3429d47aef4,1106937472
cd2913f013727119158b98c0,1075628928
ba63594585c484bbd20ed3a1,978557888
beb7b99cf12926d8714d1c5d,966119104
0fbc9e52ccf1b7ea8136cbbe,741866048
f36031f3a3f77a3fcad337aa,1537114240
7738f18d533d0f0379e3a06d,1197413888
20c3cc21b44eb37d0b359c1a,1358243200
78257e76c16db549022fbf2c,1111782016
4baceaad0b0081bdaa37473c,885476864
6bbf67d88846e94a63014eee,1400791808
edb259013ceb62ad9b23eee3,760991232
ecfe155a407ad2c2f74522e8,731018816
6906a20be4962df7725dda7c,987560832
5d86b884df3627d93f206952,2014926080
cac3eb4606346268cea48e32,1166000384
e7439820086f8d1cb13d7c9b,864993920
b940561f2d48444e139eaf71,671865536
4433060d0fa95ae1382f2de1,469422656
27dd503d4fbf4d5f5d850d4d,1381785984
42a73bad238f2d3f5e376044,887819008
2b53b13cd912f353cf9c4757,871538496
4cb59b46927df31150830d5e,881827200
2f3d01cbf0ee0b985386418d,654543360
d12e6de49fcca906c3586994,346444704
8f541a839df1ae79d563427f,674163136
ae5ff2b5eb4f9ac44fef666c,885788480
ca77a424800783bb9c5c0450,1146866560
c0ec1e7ae2c6c3c2f2ae34b8,555945600
2372f7c0499de8aa2e5ffa06,1503472128
46de3fbec5bc6c0e256e7751,604103424
4d8b338266822739bc9c8fc9,999501568
86d46a3fd9d7bbcac3319829,708212992
b13fce1462ed87e57ddec917,938870080
625caf4f4f56f3f6bfd3f786,593274304
2214e2c62cf8d2d14f11d47c,764060032
cee8fedd5685633435d77a06,1053886592
061386497cc2dede3ea70b1e,600968512
3ce50f34a7974ec17178a79f,1195453952
855ce1721230ba103fc0ae84,541333888
ff3b85eb538fb9a7dd03f459,553297408
111bf82100a6fab0c9ded743,1402059264
8877941794810464749ba5d5,1363062016
1122a042822658cb504dc147,1402059264
d7d924ec35768a3e6bd39b20,293087488
27cf45528b4266162f7c9029,1254262528
916f946082d03023ffad6f2a,888085952
68181ef118970fdb1d83f030,1015339072
2f0bbbbb466fae3fe5c4f614,321702752
17c8b228fa2591e3a234d55c,366704864
e5d9afdaf318dbe749bf9950,816748736
ce2cce355f493a75ab59b242,501655808
b6825cfa2fde9b42fcf04c59,689971904
6fb3e33e16eb81331d389ad7,250256464
e29d9a401a246c00f5eb2413,684810240
fdf103976a39cc12f5effaa2,684810240
d1526bc5e5446680841a9cd7,863225728
a96cb9d988f5dc99bf5df4ea,863225728
760125efabf13246774a9f16,960861824
229607e2faf76efeeadcdfce,653034176
f14b11d270282b317d9cbadc,443680224
8a41638edfc5183469b6c43f,385081056
ba249dc7eae0609f20ccf234,877836224
0dfc7d77d3dca86a221fe62b,1048788416
ed7f61ea4c9095bd4aca258a,466783200
d2ce77db7cade7f2c6189002,138561872
9d18c354e8939c9f18598f22,385055360
b95689add02915dab555d9f7,1623266304
1c35d9468cdc55670d48db84,1114608128
caa4aecacff2beded2e76beb,524555680
017487de3455d9f642a7fadc,1341420160
8ed9c13717d2bb274a81e460,1111782016
c2eeb1cf0549df1359ef4dcb,541953152
3a413637f3108ddf7bd53bcc,702256896
145a241c80430b1e4ddebcfe,529877952
c954618c48b70cb00efb49fe,564448512
fda6cee77fbfbce6ec0eabdd,812171712
b92c9c464e23f8b987290769,387222656
d81b170177769c0121b8935a,1652451328
7a832790d068e1e85182b5a5,463276896
462ced9cfb28550c160e5664,846180160
edd9a278b86b1c56e237a0f3,231910240
fe9b6a82fcc3266ddcb3e36b,1165694080
fa74fbeb90bdaf8eb26f8329,1158528384
a70b6661eda6ef616e19dded,592167424
cbcf4d76223673724b0f9811,1305944192
ba16ae6ca55dc3c0d5480944,863483392
3c840c206546c20b3e53d4fa,848936128
c61076b24927a46ef506322c,544307392
2e797c8302fb7ada13ef2d4c,899135168
3c9e3b97db788dcd10acf0e1,565437568
28db5acb7b224d44e3d7ce80,794006528
c7aad87d39537083a5620757,782914560
099721566fdd0a32546fedbd,1460520320
bc67f29c8679adf31353bec6,774848384
eb40a304997a6e66c550b704,914855168
3882da646752a82db088c614,702958144
68c319925551b9484778bb65,1303199872
711b570ff195fb77229deb35,1168562304
e7a2e8e1c22a52f78ffd1b19,1544093824
814d93fc94b4de6d3a860bcb,735934656
817da44fa842fe304b93c199,736178496
5cb29f5aaad14b6c33813580,293394528
8a1105028a1a1b83c5080abb,401284192
82b69c38d041325a4bb2fbce,330140704
a57d01ed5a9641ad64f7f032,416909312
90186e67d802be6d12eb3696,585510080
f781bb1ed340e08b23258ceb,331803136
db05818b6de8d77c1c3fd053,487406048
f4ed8924f5d1a3e6374715aa,480835808
d792d1eec60822752c8d52f1,556976448
47a3c63f65a9794384c655dc,380948160
ebacf31727972e81d0a0d904,565461184
a759e4c03e49c419c8f0cd2d,1034048064
0648a4bd7ca088f4b3834401,1205674368
b25734bf3ca94e775f467e85,570997696
65a8795e7a5b88acd7a469c4,606828992
b799aa1dd2de813ccad401e8,422059168
c01440b8ff0d80e7bbad715c,429139968
a20cd5193779526b43612ebe,502917792
0cddda1c211fcdce819d5f8f,969020160
69bcce6b58fc3702580d3234,1311580416
ac7c0c806b57e4942d9ead3e,1023586816
aa9e131fe4e7982a374bbb84,711486720
290725d6b15062397597b954,958656960
5f0fa37b7c5cf77e0508abd2,1157198464
c76f482d2a8f8db5eb79ae89,1426454528
f651cc17b051c962e4124795,699311040
250d84aac8add089061d3204,1187011584
d3f9cf66c1c05f55325b894a,760991232
7198cf5aae5d0d5ba2e43b96,1111782016
766c7906cf0493736436fdea,1251594752
78f670c0d7a26c0323281ffa,829456064
ec0eb8d68807f52b681f138e,1417798656
446138cfd3749c0b6715b0c3,1515310208
64b4837e4550ce39f2f85342,942171328
1103c663f6b5ed0309a767b2,951817024
b9a573a3f2cedd87c7dc6477,529877952
de54862f5b7b8ff345c6b297,444012736
16b3311b337c0cb9312ddba1,416909312
a1c2003dfcdce97d21f9cd15,380948160
262688a95a32f10fa070a887,1021963328
8e374b19fb87640c56243088,570997696
4032d6a6a13399797a794ab7,556976448
99f1712af0fe96f67d11037b,318472448
bcc584e6a08822158e2a1454,536080896
ad14f4403926de76de2604c6,390831808
01f855427cbe3eb51b38288f,773357568
4673ef4fa28aabb0fe61043b,117965080
f4cf541f02d99ea1851b9f12,190674864
bfe19954cd4680149c682587,875743040
fed8f3bf4a2d7a426901706c,546929536
480aa7fe286f4aa31f56d4b9,399882976
1e9850a50070dd51861a5e63,1276664448
e26dcf5836f5bb53553cc413,763583744
c7ac975025713f368bdb0af8,1177131264
73fd5bc0aee47d89a160f5d1,1050641472
5bb9dac6e0e9409e89aa6cee,1163530752
9b15aa6c85804621f5c42566,1111782016
199fe72cad28e4554e359ff1,885476864
b28ba88f3665a2f26c2f8e47,760991232
453ef603a66a34f17ae22227,965487680
d8f4955ed4fc363d6d9ea897,1368591360
f2eca7e3226f625807f7d6be,1600733696
361ccd7f37ada9c07ffcf71c,569092480
e7d1ee027da436cbaa122f48,1195347072
554ec896fe4f9d8f2e8eabe0,1421993472
ba79c72aa8bbb0517c899b59,1290351616
69dd957e78fcdd4d8e874acb,720615168
df91a3c7f364df5e6831f2de,443925504
77866048ba7b69532d0a18cc,1467207808
a792bde8819aebc5b2d73a6a,1387494144
6293e4a72b5c84782bcdbf78,1952522240
bcee01a5d6a36f48d99a5e4b,767946944
c58b56f1202d1cdffdda3021,861828544
ed3275b560f020baeb9ce3c0,823078848
2a872557ba401f4c95e0ad2e,1033485888
6b8c1c7c855656b0e56f0bb6,802229696
d6297cc548b16bff11eea51a,1403579520
dadce7c7a446a6a177821b73,704441408
f5d9d8082e7652e97973e0e4,1304758272
2ef9126614eeef828f797e66,758156736
c70439fc435337f1e8fd2f5e,1287458176
79631cac54b1e71c1022da12,1760456960
6fca3b70ba2c68d9e0d2540f,621818176
5b29d453bd368190e0e356c2,509400800
25995099875f0ee622ebc31d,995302528
34bd7be0761ab3d43da7a81c,651041792
b8e15d182ac0c74fba332b8b,879625856
901e3b835718ccae27c8831b,675756160
e1c7a101e5d518583f9a2a7b,925035264
02f6ffcfcdd3dbba94dd7b33,1291093632
2162e09e137eb5f4a1f32b16,227915440
5eb815f9023e6eb97786233f,989898688
d2ab14487e0ecf640a785277,1031195456
437167a9db41b677da7d5a7d,354793472
c3f889c41c1effea85bcc706,686154432
155da5ad9ad19d57a7632cd0,764375040
43d1fb0646562c3f1dd6fefa,766133568
8eb66c4b057dd4b07b5fbca5,652548352
f9718594fa52500c16e3cd71,1070112000
d9c46d54ba6df0d21ed4ca49,600250048
d3f688e0deaff6648f2925b6,429811648
093a92c6846c924f88ba8750,699958592
9b1223cd8c9d7b348d6a5c94,1061350976
8209afd76e36d8b5c4f7a991,458435552
29fd909e7cef62de53430e1a,692996480
76df3d616d8bc1de789bd83b,702256896
8aa5d44a72b2a6851d14ef86,699050240
eb4e1b72abce1d184dd4d5e4,817569600
2ba24fd47c2ef8520bccf6eb,329157408
1c9e38cd216595b33e283134,830307968
2fc150cf6ea4141106bb8ac4,749761536
8dd46fd8ff592358e4c3e7e5,650067968
d5e001b2f1dad3962cfff9aa,578962176
6e73e42a0d2ef8d6e403112b,566152384
2537dfc786054c61eb3a80b5,988644864
19c77db46d23e0c07a06a8b2,721604864
e6424086fe1cf2a2931f4847,988644864
66526276a7e8da597683e8c9,614970368
cedd20027ebbf47baaa0dbff,614970368
ac7c323295addefb43c62acc,845258624
a8e74eb5eb523143cb291cea,1435852928
ad393e9070779969b496fa72,675978752
64d9dff81c79a16579cef2f4,1202962560
ea91281d5eaf6b8f436d47f6,1202962560
06e59cc783be86bd145a56c6,748827456
7458171e4db497a4cc1365fb,1409389312
12d73fb8f4ca87b19ca46231,845258624
5e935d4a03c6abc86ac5adfa,1369616768
2754b4e12a7604efe8e03f5b,1411882496
9ea7a0d65493cb5487ed2084,330051328
7845cf57552577b059dd13ae,243177728
6e710984bbf2662a9cc7bc4c,117965080
47720fb9e2586dced75db114,447220384
cbd48f3342e63a84173a8dfd,390831808
cb83c138aefeadb184d2c7e0,339086592
397d4e490eb2db8a1b18051b,423659200
4f65732875c007d3c1102140,321336544
1f8ad363a0539a6f2455c3fc,541291520
9535ab027f9f2a9a8fdc21fd,427944608
248993a27da888a6e3ffefe4,354793472
cd07b4553b6d3863a9e444e8,788817920
f53fe605b0a2857cf3facf73,828914304
ae48e30b60ec254bf0dc89ac,1514481024
2a0e902f3c07cc9696000177,856171520
d57535248bb34f65ae678a39,544209408
9949cbc958bbc0114404960a,602159552
841c57617a075690ce412083,400926656
9fc4385ea76cabf741d38789,490761280
0367da7dc5374f1957a1b7f6,1020340736
7703f868650a8252e954e457,763583744
4cb9319ff5adaa62386b713b,1033485888
dbb30f9d010677de2aee1b71,1597288704
0b54c51a787fe58bdf677658,1423195648
5234aeb6d817b8ad876e50fe,638180288
77359d0d34ba4c9d825e46ed,383053408
b84795015be5077f942f5170,403502912
75f5290d61164d42b39d9d51,487406048
b46d50c84edaa7feba938671,1033485888
be8c05b72ee7867fdcb05455,975834944
356712646865d98127b92a57,786139840
ab765acf8b87daf1673b3a97,873961664
3a2cacbd3b4f9a23514b1433,1407052032
3c6d485d7b01ddd6147746c2,459792864
054cd21c3b12f165bd520313,601403840
e114160e3ffe6a703eb42440,463045888
a38b2d75349c56ce04f02a94,1010490304
71fdd2b1214b9371ef149c1c,1186572032
10970057efd092c98037498d,993963136
7543d0e85e6328ebc8283d75,653209152
db1cfd89dad114c11ab2d409,905475840
760f24a443eb01721c6ffea3,1532699648
a1508f30ba87423e7393b4fd,1048788416
5814dc311aa87b24e26aceb3,1138168960
f26c2bb4d5787541e9c36463,1549597824
cf07a5af6ee98d735bde14bd,1506470784
8b716c3dca89b7caa7db1aad,912737024
df89e7dea6c313b0cc262249,167993760
3e2c1d2cba8755ffad9cff27,1456410624
6771a8c70428fec0f21d51a1,1031195456
d8171d498291341094daaa39,1297776000
3d43dd23536f843c2c5bd268,1556267520
785dea91d94ab384bbd6ce3e,1205674368
6c316d2bb84fff36bb01f14c,989898688
08ba99aa6a8ee752209de6ae,1149215360
d177236e8c725d4405025916,964283520
9a6b537a7319b3446977919d,1873884288
e2e7b03feffb21bad63eca2d,1566807680
f2fa898e1bcccbdb92dd91e9,894395392
2c340ee014e39ad0fd1309d8,1426454528
7ee83e5d70855ed21455b6d5,1402340736
fdd4b5fcf9ebadf96545038c,1177131264
512b4ad817c387bed877b7d1,1139228416
3ba644c7be754c21e3cc48ee,1298539776
cb38dc837baf3e0531c6c115,795507520
5e931fda1e62fe41ff0f2ba2,888272768
0ce9a7d4b0682dbbca68e070,615348800
8d114cef336100a8d8c81ce1,711386688
ebc3a6574ebc530ef715ea7e,1403579520
4c2b14bfeacd87b878cbcc92,675756160
577b17cb350bd2a646725b6d,1291093632
0dbe463995c605bcdffb133b,254229696
88f3f39ea06fb882c69bbd10,935555520
e54567ced41a40938b85485b,773357568
cb6d29f005078d4d4efc2d04,884707776
1d0919344e52b315441aeafb,475745824
62c39ad30e9a26d8cf3593b4,1219780096
a02bf67aecbac445a12da958,1524955776
06baade01a74972cc4a419ec,1309143424
3943b64f9550a575f15d6d29,1399296768
b62d64605362afc574ea5b0b,966473280
0ef45eb4356e2f0331ad2457,1290360448
6700ad4d4d7f70def59a5d59,480272416
19ad2fa7e170c67870ee58f7,1037362304
919c1e281329379c4d130416,1032109248
8a451ef547efb90a8fcfa6c8,1034379392
5c208e5c37aad07602f7cd7f,928209792
164fb89266e40a2530400599,429811648
5fc0f0c4fa019b6f1b2a016d,862257856
3b16ff50ec7fa717efbd62ab,1010433728
30e6d4e1c53e9e81ff66df43,993963136
cdae3bf05372c13649a2adc8,653209152
170a69c11cf4f855ed015bed,1187204864
e14b31f8a454e47c383cae94,1103394304
14a8134a56af1b328321cad4,475074464
ea8cc21bf7d48979bcae1458,757207680
c287dbff188e95f833ab21f0,680219712
2cd0b2d7561919f0223608d5,117965080
1acc5749203f964fa8b2092a,455643200
9543c16bd5eea47111e6b266,403502912
d415dc486936995f8b3704e3,383053408
ab946dfa5b9d7214a3756978,1205674368
803711fede531ad1621a6823,773357568
f83f29f28978d7dd76cf5942,675756160
4bf284e6ba81bcaa21a437fd,1309143424
d8ed50fbd5ed46d36b3d2dba,337499296
b40128f5e17574a5d3da9a32,845113088
506d4cc6613a07c313a12de4,1024918272
558b7d06789a1c8e488c38d2,1301065856
38410183814a757520143737,399882976
560a750cb6f8683ccac4563b,565119936
48740edcbe275bed3c82efed,1241125248
50b2bb276e598c9cfdb42b0b,325158112
302adfed183564312f9e3087,1177131264
063e53d45e5e7945f1f10fc2,894395392
6e2c39fbeb5392e6aee9b644,1255445248
8d6c523d4100ab0c83a31fed,1292587264
6d6aaf30227f16b2be29e79c,1048788416
e73e5e75cb18f52dd7239361,1031195456
dd625806063f76dcf53582d5,1291093632
a4b16572b8bb786561baa3c9,989898688
9446f801f30e8b2997fbd72a,1429572096
941569c4352c3a2e32c908c3,990951040
8b4c54125d9165554e4123a3,340217376
d50f33fe5acdaf5caf1c6ac5,413937888
46ff039321805b51870c64f2,1252660736
1ac6c220eb690db798a3d4d5,1179638016
faf872c4bca132b52dec368c,1001775296
d92232d77f7a124e7ff13ee9,711386688
f9a136d7944cb7768b598a88,1055262400
e03610db09ed7315cfcd64c9,431231840
8c51f1b43f15b70d2a294918,444994752
21d141a84af5f0e2ade9b0b8,886493184
55c7cbf5e572d2342d0d7071,784217664
54c0e5e6d368ec51f6e75c1e,414022720
434ff40bff8fad0962ec07e4,416894944
0a199d5741b5a6213b39b793,627424448
9931470b50580f51e1a4fac7,339259456
89498fdf642e770ea75be7d8,869952832
aba39002de605f9ff34bd542,1670308096
0c1c0ba7d75dc4090b7183f5,1050148672
2ac425aa592565b44b25cdc3,1025403136
c0cdcb5f860e3a974c401861,670413568
4ec741bc6ab20515070cf1ee,623907712
3d4c48167a8de8cb0e4956f6,1705780864
f5741fdd9f509d3bb02e35bc,1492036480
c1d0c0846ec652774ed5474b,807261696
ed2c02ddcf0e54789d9d2675,950874432
0e05eba6eed4e55e89dc5f14,961762368
b29e5a75740c8439aefc9321,463240512
218445f989b2da5eff4029f4,877095360
0c7da0c2613129bc322b1da5,1127223552
a41210034abe19957b317d1b,826357312
0cb4217cde38e09571fa73ba,1205125248
9df0663317db1cf4121a222d,1221925888
62be98264dbfd418ba21cfac,733766720
939ce1536f15c0e6bf203dd4,1468809472
d9028df78f9b14a720dbaa8c,1468809472
b05f4b5fae2f2faaddb377fb,495645440
65ac61968819927b8fd9b990,388870304
1e83b53963792d7445e19d27,997778880
72eb1af691a950fbb7e8d635,505226720
94fecb92077ffe3a72aedec4,526878208
f660a48b0eb17e98dd77c0bc,661652160
27fe3fc3838695ce34c5d287,473365696
9ff4b1fc1970cd5c102cb755,1065245952
b54940561992090411749db3,509551456
d4990842f549d8139fa94c87,1098284288
f6013cab49ef9188aaf87972,1108631040
cc2e8713dd087d3b842d2f11,32703080
fb8aa6b6c5d2499d404f3f73,953106496
6a8b9fd89b745a52703715ab,464688544
4721d06c49413558bda1fb68,496157632
0100b3a412accebf6a3aa4b1,325453824
215e8852679b9cb6c4029ce3,452540512
0afec1b2e7060b99dbe41a10,465504064
4ff17c9b88aeeff105b8301c,567296704
6eee8548b87c9349ce90ac2b,606439296
9b264d26a196a76951308cca,343970304
945fad7539481410e8bb60e5,431231840
f727924f0f35ec9fb58d0c31,479013536
c7876dc81e250503076f43f2,411761440
e4f3e425e9f6e393999d7a08,369289632
cee1833e8964355b9aabbce2,460696160
9a1819c45b01c341647a2410,366344384
ce95aab452311a0cc27e0c7b,1178274304
e6eff72b7c5b0fc2677af2ad,437069280
3b368c10d243f6bc9c027061,479013536
510c03bfb80d92d180803887,503239584
664934c8e209352d2c79c971,654953024
689ba3a92dd7c12f1965031c,304558240
93d4c413d2a1ac59f1b46830,523860832
08b09c586530266c14e611f9,390786336
7157dafd306fa99e4c2ad233,900365952
74e15493f395fdd312d50cc8,298656992
c34c94e7129f84267a5e4fd7,851671424
fc0572d7185e132770c3bad7,1402059264
5c1bd88edef0a4146c871fcc,503186080
a28a31f7d0e3fc6298606078,746803392
f388112376e68ccb2290074b,752207104
05d1c33ea8c89ded7391ea92,294311648
dfd84193c81ca8430fd27ad0,1402059264
8b89813a4ae5f9209f854be1,1505006720
d7b9566ffb28c753bea96f0e,1021213824
8062b4109c12a95dd62bd43e,1088343936
6d305d6f3e3c2a53515d5f6d,1118910848
ff143fed55f12a0105f9f88d,1088343936
0fd9a2a99c44c9e5565fc17b,1327478784
7f85c59323701ee0e75abb92,777725440
19baa03dc4143a83920a7d2a,861970368
bc23ec33573f28442b36f60b,1033930816
9957e5492f63fa295772246b,916286976
62e376b22a4cf0d84b7f6bff,596342912
0867853879129bfb46dae700,750801152
92c5129009b7e377fa004a93,917901440
6b9d38e0b9a3e28e3e695be1,1065333120
b6da2728ee41d035da57c822,1068745536
adf5879151c7236f5e055e1f,618469504
bb31607d0bc3ee4a37fc912d,1541922432
3ef8fee6a5cf42827d8bf562,1658497920
e6016afcc032d20fc9d6f2be,1052353280
f3962b552d34eb8bf38b4763,671061248
bce7369d51094d3a9d3495e6,1536365312
55bfd350162592f2571e3a0d,1116980992
3f226452520ee8f04e306bb9,919284736
b16fda9be5edaf4cbcf07122,812143616
e6f5ae869a5b7a30e8f0fd0d,794619008
ab0babf6941ef43c35acb951,1145935744
3bed16373c8ae820187e3d5a,855159680
bc1335d419a1c0f6e6860470,1195347072
98575cb25b358dde32ad042a,1219343488
fb50f2f13a30fccc3903577e,1464558464
7a608479334951a3afdc655a,1538772992
9cb40496518bb99a7a00a2ea,1676025984
a69ded1c20e05bd6b3a90028,678909888
71d422db0c0c638e448142bc,697735168
fad033a3c81708df7b6ee73d,1023206592
99fae85157be04554b236007,494179808
dcd314dabc7d162cfc29c81d,1457081984
1c65d5172e53b4c7f1c4d6a9,711522432
cb6d4db44c789fcfe8236b40,789644032
ee2c509989c7155bb472c5b0,540649536
73b60c9053ff8193c2dd2823,167974752
2a487cfffeb12837a5586a41,791855360
c9d285946ffc4c4b3ee95da8,885507776
6a21be8a7a429eacb1de8c1d,1081603072
2a7fc28219bee48a2368e730,1574801408
5b169f28ea1dc473ddf11580,378323360
58b3ab31de2f9fdb0da0dc8d,675756160
2054c61f0162a18c6fa2291e,117965080
39940234a26e7264b464450b,484307520
550157aa4dae5fafc5d795b4,996660288
ca87bd8401c0c7bbc4b3f286,1074489600
a8fdb6fb681aeae4d5c22f9a,924384256
998c864a446f06d114f42fa2,662173312
bc57535516748048e38d4a2d,1415185536
ddd55d8001b809f304883ce4,269411680
b9fecb3e6a507ba17764c303,424128320
4bd30aa3e2b4aa077ae27490,538711232
d7ee2851bb69088f851970e9,444510496
40eb0c78da8b51b53548d914,1120819968
1097d9a61690cc58a4b91e62,612395840
6aebff5b1fb3a438c2c7969f,473172320
af672710affcd7e44eee9ba3,599001600
fbe3b74f9e11c829d4dc69d3,1464558464
6b7219005737d8660d134ace,1282429312
042bd2cfb2d33467149ece1e,1241125248
d5999beafbdc8acc8a6ad809,273092128
4ba65b1fb8d8ab0a914b0b8c,845788224
230864c9c9c5959f9f0d36ee,444841632
8520fdd4f5fec0ba861ca9ac,595728128
447dd594fdadb1b12ab32e6c,399784512
3d405df6e5dd012419f43ba6,950874432
e120c33346ead011ab7789ce,476543840
505740f7746e0154932dbdc0,351946592
e9a427f23e80fa59d9d517c0,469085952
97388d009acd9e5ad49e7c4f,589584256
a100f050c34e438070ff487a,138561872
96d14a1d29b7abc2cad573cd,898154304
f69e25355ce3887bb1078fef,587260416
86276ef138e0babab9863276,441433696
344f3bcc1acdba48c12f8441,1108758784
f3dbdb2b69017cfa026ee18b,1069922432
ba32f2964e8b68ff5555fc34,1045157696
fb7154b2dfd2a48c13ef70cc,1056014656
089dc5de66c6c4132734b9c0,657358464
5c2ba5028fd94a6b9859de70,565461184
e8544410d811163a13c6a326,570997696
74d8df07206df08e8f3dc232,978933824
6fb4126e3ff41b8052fd0657,482652224
ba35cce2e715bda1684c937b,1111782016
d7997b9126bef50985bab347,273211520
da3aafeb2d0105f8e09c051f,966372224
5daf1136686fc538db40afad,418897152
88f632cc304cd769e2d4be27,295898912
c5dc941305b5fb59e66479ba,408638016
ec422df56b811a0aa42d8bbc,408638016
bc8bd1feaa8fca4c52e130f6,914655104
60c116411ab3cca49f7f49f1,670661504
75ae43992df8ef41eaf9d98a,868330752
87ee5c7c49ced4ec99f44d5f,753623040
918f56ffe325f21522cc60d3,-3672653.25
dae09210f48e5bbe0d31c728,795517184
c1ae2af40e1ea9da6380b8ee,861839552
e7b717278f7c95cbfceba80b,805663360
387f18b1f01b1aae536752e5,384005152
c036fb38fbd2d1b59ed5b7f7,877877696
76c510c0ad11fa67f0e9a4de,950676736
ff46d9f7dd86b8bff7cc305c,446496992
23d95cbbc056b4456b94c97d,1229564160
fc65a77fbdd07fb490ad870e,1588988416
8f0a61533b6a01badf43b6ed,1358421504
c26990b034ee83450a4517b1,1165814400
53ffa19a09c447f3759f86f3,1451830528
86d80d3757377df6f2b8a0b3,810347072
c757b3960436c23dfaed4f2d,1382548864
fd1431e595693fac0406151d,874213568
42b6cf2a5225dc62342d3a20,791171968
6f8a0e8f1bce0243ea50213c,897341568
02277f636716264116015dde,906850752
b72459ea34fa22d1fd012dc5,859957760
cf4ebcab3fe4d12e1a20146a,1600573312
ae2c10850b4a8ffca934cc72,1034670592
0e22a41ec27869c8f83f9be9,1549203584
22a43024821ad081e654c5be,1415409152
2054c223fcd48a48f67d02fd,366187808
9af6ac77a9aa0c6da3cdaeb0,117965080
6601706d2133f96aecfcbfbb,416909312
ce011b7462e9be36184a2984,448555584
f759f71e444c16a59187a067,578221440
84cfb0342a0bf2c6777de39d,722119680
760fd4c893a56a4586030772,587260416
fc174b19baedc11f78b647d2,1165694080
aff9e510eba008f3ba5c1847,442719776
a5a4c0f268548993b61d65c6,875060224
6cfb8a07fc1100569413b33a,325158112
94301e20cb91669986c4b34f,475379456
52c1ab7484e412ccbf5d57a5,1162785280
2538cfce1c108ebfb1056c8d,588425088
d57541684e5c00bd9354cc35,615348800
123106a60208725514f3a343,380948160
7f2a2959f5ae816761be658c,1132558336
fd5758238e7ec91e415779f7,1056458752
e3197263bf47b3d37f027e11,972784256
8e5661e79f4fc282abac1f37,1132344064
cdfc387f8246a1bb3110d724,1217812224
c53f3bdfe8159bae98ab005d,1400791808
200ea08f57fa23013d0e661a,1048788416
603c736378e07570fb985ab0,466172672
cc019e30685c91634d2fd4f4,1111782016
b0d394d6c9b8967250854c66,1183528448
f7a79e1211fc72e06a3a82b6,990951040
8a1ea9d91b3d8a66c6341243,806421632
22903633f8c4d91158f65c58,1176880768
bb67d95fc94532b1fbe80ba6,1286273920
a8e696037f8747f562ec98fe,432771840
72e4fa00e8aab44cf210251f,1077611136
d70948f87875325380885803,1487741696
a0e53cdd1132bd19b8ba0c54,891088640
882eb7115cd5b8b09fca0e47,279259232
529d6599d8a64c63566a11e9,302045344
e26eafffe4ca3c22b7f4a272,559994560
4e4abc111c07656e5bbdb0ee,763178176
46e7860100b0c09a6a475b9e,516221408
7bfbcfd0fb8f5b6d553c2d0d,1522313216
5fedc401fc32ecc4d9ba7e89,618760512
aee8b22ecf19495fc5894a08,1522313216
313e17c442fa3040065b7489,1037209472
26206185deb023a344eb2e99,1156357632
4a9e2358d64df916e2cfa213,1207444864
2f6515defc3b21d82e0ca4dc,211170144
a9b18720f68c7002dc71c3af,517417440
af911ba38d5376a8aa53fcef,665013504
025b094e1ea7248f4aba72f0,433207392
f81aa0f575dbbacdbdc681f9,342535936
848067a69d18a171e7fa34f2,358238176
e22ca3f1c8073e246079d57f,891450112
11444a88bb3b230b4feb5b58,1649046528
7a9264f3a12de839a42c1783,608440384
6d825b439d8622ab90245049,1153526784
d2d317f2990465269ef58c41,709692480
2860e4435c857cc8a661ec97,1172841472
39c70622597e64c4821d0731,1152515968
2d6f5bc20de99dd0bd4e34bc,1033485888
37ac1ae3a7e2a3319eafbb58,812845952
fe6fb32f623a9e3d5586a8d3,802229696
501531d637608f7098ba6242,782957440
69f59487924240bac2e75bd4,1403579520
358e1287e24c3c4fb353315b,971406912
55e307c88e2a943acd64a9a5,790627968
19105db21495d546e6792a25,699311040
375419559910484b17782b47,1592914944
c9d254244e315974cdf5d921,1304758272
adeb9a6ac3d357bd96c019ea,1074016640
b08e0cfc5bdf5bdf5068ebdd,1086725376
8da2439f391c6db92b9260f5,1316466688
d0751cb5e704e28e03514fb7,1156357632
9051c6d14018b4894b560e2f,1449238400
54c3eff286c62f05ebe2ba57,587049728
975ee5aeee84593bbeb331b1,226072944
5102f4786cc032e24781c7ab,1715289728
cfcd97bfad6e013aeb57a2a8,601258048
f304bc9e9edfc24eeeb720d5,961631552
bd05a6f6ebf924adf92e5577,1417569536
a7b459470ef58ef3bed7437b,370888544
37e009a57645b845b1673b8b,1361174784
b70082fdca35092802f8745f,391695840
8a69b9d7461107db6d16d1a9,484307520
adf055978a7a8e9bbd88e741,505069984
6c02bbf7f6b087a1f0c8a47a,343830912
d91017d9c530e058ace2e017,836184384
89016540f8b3fb727d863bec,1409389312
506b653545eebba4c8821588,1284535680
01fe5add1e7df4b15dd73bc9,585414080
4911d01ea0a4505d5db5bb2d,363303584
68bda8b092d5a53a35dfaf07,1103799424
70bec150e1d8ac537cfd90e2,1210911744
0e21abdf04b36e5f6a1fc337,1335983744
f53efb47de2bca5912ad7517,1029369280
82d6244acae149ed9ed88e8e,476881792
755a4fb96ff2b2276836f49b,596232128
f15ae83fbc4e4ee3f646b4c9,523473984
eac458ffc1da75fa1a4ab384,916595008
6f7bc7fd41ed908494d8e098,794552192
12d1678bc86ccdcc8ad756be,1411008000
6e07d31b81f3fc9b9de8e1a8,1353186048
6c618bfe55cac120a4f1e08b,1056319360
22958cc4622a0050d1aead77,483744448
c7c3da1f12d872a3726736f5,801080256
ce30c2c7cda56a69005300d4,455902144
7a26e5936765b409b7b73cf2,975834944
8d5a73b1d27a66b3f72fa662,1033485888
3b8302dabc47048245acc09f,1001775296
909182c92bbc39b00536ce6b,1061084864
963da21c3c571d7bbc36f1b6,410456864
a73504d5982fef268f5ff589,399882976
50563038c05963223b459beb,543052480
b9a0058c58cabd619e226178,1105142016
0037d98f6ac46a86e36def45,478632768
38117bca778373247df86e14,302565024
4eeb8b5347526d721092a7be,639344448
0b6cd71df4dde546e665f865,639344448
bd066d5d19d41c06b904d51c,735934656
f10e210fc04e3fb073568323,639344448
9f504cc4e6b170155d38c687,639344448
3e4c1e6435ea1a9c3150aed0,302565024
052c93502aa794e0574db9e9,639344448
343f45e7d178eb780a9a9818,302565024
c0c4fa199f0ad751930cf78d,547609984
5d86154fc1769d4dccac1269,735934656
e1fb88779e55aef2b66f2c10,478632768
c26af6fdd00a85a17b823d92,639344448
be3ee4457a26c6b6ad4237d7,660679488
9bdc79dd02cdf39f92e8c869,478632768
1d4bafec52ec7575161bcbe0,328974880
0f15a78ce3ff90b6894fe3c7,688548416
afa5698724bea14940667231,1176636160
4d8e365b35a6b8ebe6d7a15f,601386304
6ff848f65f2507e58cfaa231,479533536
e13947242fe19bc3925919f8,492110784
c02caec41084656408c2696e,564548480
d6fd079beb9f759fa4c6886f,589584256
d14f7f939468e641c43abfe4,1075913600
8f6076f8ed13e87862d82255,965340480
8d5e662ba25a71727f1eac77,638707776
bd2f9648ee9ebc1fdbfa53b3,460696160
da8f986b6ee6f594780f4a91,638707776
af7131ea57639ce5aa1e102f,638707776
30e10a03626eeaf8bc2c380e,1191949824
6caf180e36fe18078703db02,353765760
a40861d6573e4539ee3c23e5,139180752
d5f905cebe05262cfc44bb11,399882976
809800b56b7b29399986115f,561599488
6b2d7f88f15cbf7d998986da,565119936
a0ede3a514cede68b721d994,884579456
179d467dacdf674a66c7310c,771598464
97f9cfef1e35be84ceea2a46,1105803136
b7e01962fda2102f1402a444,912829760
6665e5bc4774d04321d1ba9f,286917856
6c09a3ccddc797f77d63f1bc,978933824
97986583e1c988373765eab5,846180160
56807890f8587cd75893aec9,1158528384
0f2fb3cf22613a339c88f7e4,1104823808
a967a4f0b1dd36d7264cb408,478927328
08ead1ac0b9b30c2a72db17f,1531364480
1b989360ec91f5da55806bc4,1616884480
b289cd856f9d15493d31ef6f,1156835456
88668347361a227b6dbba15e,1521421568
ec3f1679451b9c0037f89386,1074162560
9cd01a5cba1674559752f5c4,939437568
2bd96c7fe678945fcaf9662f,1365528448
9f118569fb8b084f0615fa22,1060303744
033521a46dae036839ad6c90,354440320
bc1ee1f8ffe1ac88f08e2459,692230720
c62886167530efe1f84086ba,416149440
d58f191c74d26bc1fb02cfe2,587617280
981b55d5c38361caaddaddad,838117504
ef26c0f1cd9e3203ad16558f,843316032
74cd885ec200a0c21fa9e03c,439299904
fcfa51e5eec6829b9f4f2c59,392469408
c3bbe8c09f5e58281dddd412,786139840
8f36d25584407d9e3c326e71,1128782848
51f4aec91124a9a96f4c5372,1176219008
b7becde9261820feb7cd926e,718465536
65070c554133f2b4143fe051,678909888
c2a2ddb94f60de25378aecee,1046232960
5ec3abf721e13b0d55829bba,802229696
502aff943d74cd4cbb976dcc,1031195456
11e6e5ee92c97e31d34db891,1639908224
b1589aa1f58f6dffa93a3a61,1139228416
783ecf989538582ad008fd95,1402340736
1770bd5b0a07a6aa785e0caa,1045165376
53715a484e20d6152c76fdab,1165280000
ef73428a38c201019267afb1,571715072
932a93e3ee2093d7f806fef8,608899456
00e9afbd1d27062a7bd40a3c,1397463424
a11a82cec7f8a243e2f90539,1179638016
e4a70600296b0bde6c28fb19,1001775296
0a1b1a3d68b04cdcb2d757cb,1710300032
7c06a2f06cb4226f9043578c,719037632
5e113e1e878da12e312cf875,1581889664
a72f5204153b7c92f52d871a,711386688
fc17f35d300be9680971f95b,697280000
13ab6a062601d40843de37b8,688272768
22abc78ce812c519511f8a4c,735187008
faee4c33e892029b79b63742,565911424
c8d39eef5a5422e0da4172cd,825794752
b13683c625c97c23333269eb,539190976
00e7c5894c739852052f566a,702338560
2703313a3e5a6fef2157928c,886493184
8dd453e986d05c6c1dd104d2,955117440
22b34331d7ca2ea642d29946,1377027840
23187388f9d6e2bffb88b9ed,761192960
6b49a668de0edbe7f8110740,966127232
ef0e5b23069a9fe377b77ccf,517973088
c37348f8247ade33ac513855,1562914048
1d19edc1e0d907e5ab0899e5,639581888
c73ee8d419b96c6e7c53f95d,733164096
6251cda3676ecbdb6555c526,1058480832
d12d6ea066b67c3db9b2dfb5,733766720
8ba4e8e071e458a13efd179a,1100168576
9b8d798a2c455a960ee74503,705928320
d663ca1a0d29b4cbc5cae9ce,807652544
dc3b8d97b11cc2af4cfbcc79,679434304
7d50144c4b2ead9b7b9f594c,1396237696
ff9cb7bc0b972d4515ea3837,117965080
267e46cb9eaec6c7009348b6,469420512
1769a8ec5ec94aedc397b4ae,808407168
dadd9ddd29102f529caa3bbe,384343840
251903f4b947b337e0134415,380948160
e1b753c283bb9c6d4e438bec,1205674368
16fb51fd3d35db53eebbe5b8,1548801664
8f543f9c31af1eb17ef1e353,1309143424
20c3cb2d4fa486b23eb81bc2,719544064
6fb9e9ac6d44d3a286f317ae,791179584
15b57b0ad8794d64a2784ce6,763583744
d9ce31250d4ae25c3b850124,1010490304
f90efcbfcafe544674c02586,675978752
05a98feedbd3f422bf063112,789644032
ea359d571ad0c986f826d31e,910137664
b02f1997e6e6f97dc808b8cf,1184248704
307acb7b4044cfa5680e4227,1254657792
ddce386b0ad3199ca09aac93,894395392
9e28972500d8ca3fb3b76fd9,1177131264
687b1dd576eb7d06a08c3439,1128782848
23b2b5b9f5bf3e1208f5f80d,1241851136
dddaba511b6a18f49b41c1af,1111782016
874e3e3ec6f67c160807628d,991400064
67ade5109553a9d784886a46,760991232
6879f05563a9f0748088cc65,885476864
dce05cf86b42124fc93d41da,1251594752
1ea5db844a6d3a926480351b,1179638016
4e9acf6e9f80f65178766740,1001775296
a35450284f8dc27e0ed717f0,1406049664
069499abc4e393fe540777b4,201414752
cd10d6e28fd7ce92518ea31a,1117091840
3edc0e70e7cf6a21be2f0d53,117965080
2e2ff1e620063f416a387058,675756160
1ffdc10c53bb83d3be84c327,1234658944
3c95dcc4bc3788b4cd5602d5,847590144
aa592f388454d575e0006206,545816512
f7e5bf5b0f6157ed1f604d37,378323360
513c6ea5a3c2c560c409eaa8,1334759808
7cf15f80838e8edf4f9cdead,1017539968
49737c7682eff2513869b3f7,825630912
4e8cdb49a2bdf68ad8d12625,1033485888
86af11931b004aad3fd27b88,786139840
90921c9fce21986dd23bc645,957699264
d79d71be963d418a4c9dec68,1710300032
c27b2b735106bd5a77a15616,802229696
b6129a71f8e320aee8abd0c4,802229696
26922ebaf11e35a7a320d30b,1581889664
23f859b889afe2639ad55a21,611373056
ddf47d32045769c0596826db,1600733696
1d0c635770f2e51aed4c8664,1139228416
e6144e15d5cafcfe87c07c9a,1417729792
a7c7923f9a4d004eab43413b,1548801664
42b3b56289972176c20c4990,793317888
b63f49396431089dd646837f,695224384
e0b041a39e732783f98bde56,1163483008
409eb9b8f2ba87ca299a7f6d,417492992
1a46c13974f3634ca6dcb51e,701364096
4b068c79664179605b145a15,611336832
afeba13fa3f81249549cd2eb,575629440
3a3ce11d981d0893ec732e22,786139840
ed68664efdb7377c33f4010d,851873088
93de58cb0d8fbe74b0cbb556,625236032
faa204421a94ef95b79eddf6,802229696
acdb13c4c8e2a48b0bdabd91,1017024256
5271cd1cb962066407490051,896632832
933251193ded6df07c83128a,1369708416
524e00e537f841c13497cd52,473470304
a9d4f256527be98066c493fa,1705780864
2207c1ed62f59d6eacb3c18d,600968512
97ea5dc81ba49ade4f8f580b,965387904
72488318dfb2181843f17c03,723832768
76698030899efea431dbb81f,433711072
e84888d2f22e14a5016ac789,486279136
d9398ef84ae71419cb7cc82c,1363062016
6d32649478d9d86d840969f6,742530176
81600c1e6b6e3ae770e40b28,1308172288
68075b0ac8e779bf5e66dd3d,506426112
6d7ac64b8b9f27f61fb155ec,299614080
d3bf3146ec856cc26c607d70,764242560
d12298e0d398e9d21d2e2eed,757367232
97b69097fee8d8496a6b8c04,399784512
fa6e53a7107c0e33e3d505d1,733766720
7279c610bda9354e1c840b0e,486279136
6f3070318ab65b867b2702f0,794942976
e08aabb998103a941d24d0a9,402515872
415e1faab81016a460db7a0b,489569408
8b871cc48b99bd4190877bd3,478632768
7240bbe28e950ed75637b504,707322432
831629494c6d15d5ff6a00a1,478632768
1cccddc33bd892b44d7e4b7a,1364427776
f9cc6760b1112ce5197bf399,799133120
0901e845b6c56d4761377a09,456553952
2a33fa5b25963f3dc928f668,532931776
83e9507b9ca2987a21d1b195,915639168
9381bdf491d48236e84590fa,913676672
c041a933261204155415c2d4,1245615488
a1cd867286d6e82181e5d1bb,638707776
240d2474c81482baaf79b6fd,638707776
ddc1c85af165e47502447242,889720960
58f02c785ee9a506e899b967,898255808
8b353ba6823f4f800635f0cb,533785184
68cda50b602acb4efeb275a7,1487253888
96cb3c08c80815907de81e73,460490912
f54dbd8f0aa752f79c581e5c,964551424
52a438d024af0d5c38627ad0,774176192
1b5db6af0a1c0f7787064020,1033485888
84a7286c91f1ca3ecacdaaa2,975834944
bc6d6249873222ac7f22b73d,802229696
12501015fb631d7c10ff08fb,411909792
85b633e09a41cf22a10f28c8,1073490048
7acb92246dbaaec1cc7b423f,539165632
bfba8fe959dd2e44a4202943,1148645760
5325f16558ed6d2689bcbb46,240550656
d4653d505cede3d24e258d4b,1148645760
5146ecaa8b7ed507c4f30785,711386688
f5b9cbae30356fb3a1d005c6,1508823040
205ffcec56fd884ab24c5600,684810240
ae7ce478fb66882a2c952012,670413568
efc9ae02fd6c3f18db866cac,726032192
2221052e00c236f31e6d5a06,558132544
54673ffd4971d04493a1b1c7,471478976
b0bbdcf0916b246ca95c4721,724026688
1ef15e2b882a0da85858269e,890154240
9881fb167319b34cc23da955,1395544832
9d2a195e645a9e8556683b4b,902170816
14acd96163e6b3e17177f35b,648973120
b2c5af8615b8899deb16c896,277167456
4c40683e401dae89f6537ab0,580626880
dd007a202a0a3d56ebc4868c,826446528
6d9c89a406cf2e755d4172c5,573836736
7387e7e385063c180f05a7cb,360307872
9dfd5df5a2efca3fbf2c07c8,1149625088
2a9e75d221912230f98485cd,1020483456
86ce27f9ca03821d13030f18,1155049856
3dbf89c6e97182647bb44e69,543613568
eaa4893a313d85fcf38dbb6b,569816128
c57e1c323ddeaa7475e5189e,638322048
84856812b63dfd9630fa49e7,878297408
945202a450bea48fa7f2a95c,1152406912
fd689e54d5c418dc9f2425e7,945243968
eb90d9e9eb53b44b07ef9613,1014324992
79005399fa92d05558fd6f6f,1248738816
5cde51bd6de3759821216d5c,1508970112
230cb38e035b85a4353220e9,1439839872
a22ed42197987a8534abf76f,621838592
43a2ceffa8ed90bc1a43255f,703404352
8f2fbced5d357bcd6b1c7de9,552765440
6e895a15d402ea7fcee98156,879995712
b6a2406025f0e1fa09690c2a,703404352
f46d46ccc7fc415433e471e4,337738080
71710d25975271eb32c0c8f4,793716672
01b7bb1556b5c32df8f618cc,796372032
56e5afaecb2cac6293cde16d,1039503168
70209b9024acb3e5baa769ff,1205674368
efb0b413b3f661b23d674b3d,1548801664
251db9c4b7398902b38b4a4e,1083603840
e3e7ffecb903d2daccbf8a53,413526656
a92ed9a378272ff174ce2688,547166016
40a53a3f3d49f7905966295f,1301261824
bcf2c303fc03897585831351,1705780864
4b0ac2ce45d7ee385ca369a2,1478523136
85c7e8ac008493b34e8e0176,285431904
0ff24418ecb6888dd8ec734f,1557391360
3164e0ecd246b8ed6cb6d054,1192943232
5f52e316136696cdb56e65a5,395528256
5ba4bb943139d7930cb91650,1010327936
ba12ab0869d66e03df12b6d2,543374336
1a111211207627bb4c840442,1120885760
9d2ec1ed9eac77d534ed514c,639344448
9030f17b47b3940c2e2c4093,639344448
3b224cf6107d815a2e78996c,1328126336
ab0e770ac42dcc82b472c55f,688548416
75fd66abeaf040fa76eae2e7,1309143424
c31d98f67673691ece007a65,915271424
60d5f19c16554cc2d8e5940f,1205674368
53fd196fd0c0558ed1219329,276967520
27b06d060ecf702fc88c7956,1548801664
dc014623ed69c32abce2d0f4,566366400
f1a8f09837660445961375c1,1658497920
b98a462d9782988cb54ced54,987560832
6ae4843a827b36bf189a32ff,563537664
84e4f6c6b5dec0da7f7ca0fa,544103808
b8f2b9c2e63f0091b6038ea6,796965312
e54c7ea1f012656f7fafa49c,217324688
f25f5df33f25576f805a95b5,1397064576
ce9474244dc2d40f357146c0,465504064
54bc553b5b8abad0ceed4d53,452540512
e75d4ce522cf587cd66adae4,411761440
b1f0b12c28c9bd2d16b3545a,523860832
412e7b9e1de3df8c3dbcf198,343970304
f52ce56f20251f018d7864e0,390786336
6641ef09c0bf5f3180952b30,519205024
ada53307260fa34f3a6411f9,419079360
51f0f76e2a8cf50ef3650901,369289632
da482df3d0fc97f9f8582e22,551656000
55d47b5f3d0d2dd7c2bf4034,587260416
1a6714ac2350ad371d8280ae,382392768
0006c9478f4e7edc53d84916,705809600
dfa7461510c6dbe5e119d106,654953024
5df95b44c73b249be0fc69e3,885788480
76bd7a0b87bfb6d2723766ec,411386592
8570a1d8156dbcc267d3b495,916286976
94116b7517a06255bf4320c2,729310080
8ba2d7afde20563e38892304,1088343936
f86ab537a2f5d8c2b223574c,1402059264
9d0d2774fbcb6fcc66b865b8,503186080
9086e6e757243bdda003878d,1019547456
5a3625846567d06dbe4cea0a,1118910848
f51a78ac4b03665561552b0a,917901440
561a262410ca91d69a58645f,1423010304
08d90f931e7e0a6f43c9d0e0,777700544
f47c64c8ee69e744e654d4b9,1116980992
fcc4c878af8bdbda6e1fc86d,919284736
8d9b143cd8eb71b05d32cd2f,1065333120
ce6a3868227d78852fad9f62,1536365312
d82f743ff414299f8c222db9,1658497920
9b2c7e6cfb2d6c66e1ee8a6b,1541922432
6e9009ad01cf466e8f8136e5,812143616
a4bf0c02f139c695845c9507,794619008
16cf0d7977ed97d6ae8d2cc5,1219343488
d96855b0ec427f041e7a36c3,1538772992
63613a9290bcd9e1bcf2786c,1889901824
32036c1eb131e6cc4f3bad3e,554521344
ad47e82c9efcfa36ddac0a95,372816128
d5af3041d95f5e89969c9868,370144736
f2387712fa17435f56d7b102,403078912
c1c8024bb6c3635ff655843b,604485376
11e4350271e9cbb37bcb75af,903286464
d012efd4a77c5aa5e8d6e508,921889152
6240b85a47c079cd0efb077b,792822080
85e332a999931ecd0e04475d,802160000
4ec02a406caf200b700f5c62,1039363328
f3270f2ccbcccf3046346809,1198318976
bfc5aa443994e3f3f78c6105,858758656
aa09cc29ab2f2cfc79e5bc7e,852238144
6eec5b03718975e5137d5e92,816664768
6974d82e41437d61c627b16e,1207042688
ae3f7f428b49e6948ebe6fff,709495872
a9a710b78e776c16eec24be6,759363968
249cf6f96144f769030d1b4d,554008128
645f3c4490ce43ed68c7df10,1032544512
3413f37549869d2172b76d6e,1705780864
956600c9a4ed31e588f8c593,1100308224
00ba709f184e70be13e5bf9b,1468062848
275c8bfdd3fec33752493861,1259337600
3206523e850b5b5fbce567a3,869291840
9c9ffb3401ab6ab90fcb555e,659376704
4962650cfa3decf487ccbd0c,1156357632
a541b35c62878dc2c425235d,2014926080
2112e589911b979db6e05a6c,1083436416
c9cfeb97323bd6a0564e1903,486545632
30e1bd4619483b0e896b5229,380948160
48aa146a36aba8a0270a8a1d,760991232
678a80840673787b3aa64228,861891328
392abbc83cfacfe87c401e27,1200863232
51744814dd3a7e60c0791041,1241125248
c6faa5d2ac8e74c26fdaad4a,1264083328
1f2c22839c470363ff41551f,1111782016
5438c2127072b47e3af428d8,885476864
32e182242a654ac03a8f3ea8,621397632
0a45eb817938241ca988c2e3,187218960
e74d815ad652f7046ba33295,1244916608
2887a0d34994d284759db20e,1340524416
621c3051ef29e8da01e6bb2a,746150080
54de2275006e273686ae5fac,1447199872
b0a0cc38f73c9d90bff6ad92,1410628864
f4df4ad4366bd794594c111f,1169813760
763206de4c26e3825b69f4c6,1182763776
d5ddcb0a54416bdadb4bf57b,891450112
bf17eca5afccd9cd6299b9a4,528302240
02888257efaae858fdc7938e,480865728
1f8ecf6c089ce6168b3be52f,837456576
fd7a48744bf966e417f34a51,1535324160
655d6eafd78be856479767e2,1254641664
27472c6c6a801eb749b9719d,684810240
18fd9bee381e7a8c29a44c4b,607254848
da5d47596a755078a2261328,969158400
737c83218f0e486ef4feba40,648621248
2390c275fccc98eb4fa33af0,390099328
35616923c84423b44d1d1438,1249211520
22fcf0650753e2b5a2fa3786,1322339072
9d8e7178912841c2a1232ad2,943645888
36c2cae6de0add92f32d29f4,1070594688
699b68daa574a0f169436ccc,313068928
c3bd0b8277a37832f56be54b,530425440
6b3411cb8c50c1498572e681,405917504
fad4ecc419fb64b3f77971ad,591148416
4034cd9a70d18fe0c883a0fa,509526016
8f9417de118ef8486538955f,1484268032
33f4f9988387bfc237d114fa,981030336
40c9f947e826f89c6ff3f898,416010272
351701c5d1b821253e2c8c42,468110592
f6b405af32c398147475dc9b,885788480
45750daec6238508791d0d4c,665576512
eb85bf9ab77f59615960fbe0,547164352
0ab6e52af85ebf23432d7698,943887360
9b13a371ed4724d2e2966447,1288040192
081bbc273db70f1d2cc84ed2,769004416
e113c48e4e1b53adaca275f2,1275945216
4bb0666c55d174e0280482a0,116592024
ca516516b33dc09d712b3154,1430077440
631e6aee6ec1f720f3c78775,789670400
c7746198cb5871bd687c2538,2009676544
58a5dacf2f664512c2b00ea2,1025403136
6d8998442d831addafbc878f,1170284672
7d4ffe0038b3ebc149d8f4cd,511838976
55ae7bc854658aa5fa49d368,1142445568
042ff73057dce4d92d383cf7,473318688
807c04729620ec60ef18598d,481455744
5dead94ad2dd86dd41448994,658482048
bb90c874275456d5fe0de83d,377193024
6ea5fbf037ba7e5c74d7ca39,667089024
86dd7931177df94a649a4d62,651395072
58ac250fa52a1ac7ce39f70f,455269632
2861f1a224b4c879b845779f,530832896
8d06af8e439c45e0e125de91,1168292480
bb2dedf6198be0f3ce2c4ffb,733064448
57d8cac189a13c180f08cd2d,177318032
db575f8a4e10a29fe81b335e,565119936
e8c79fd41b001fb1da0d4fe1,325158112
b81679b32ea288e9665dee49,990951040
841482deb90d19ecb1ec8a06,406013120
214df9371aa59f68e5740212,518073760
bc52abbda9027e10b879ed50,731640192
ce8ce41a36b610be164a25de,1101745280
a67412a01feb64ca6e772858,1135952384
d87896f889ddfe1ba210d74d,749761536
556a39ca66e10ba3545f2234,421269568
50cb893af4ad0e21a69f05d5,988644864
3b5a5d6536a9fd24f02e8ba0,378559392
121cc20fd81d6322f56d5c53,484307520
b9c893f3c3ac4dce40d0ea19,484307520
47bf8d322af3c13e8868ed0a,988644864
a4325969a50a14c948446f9e,595740544
4583a6b01449530079415768,1202962560
920e2bd03c9d34e36fc38ad5,1202962560
0a59b506798fb96edd7681c7,1166590976
e8d2cdda77c1d885e21c7bbc,1335983744
8abe99f2b71b13dfe7d71616,1251594752
c07e98122103d1546d995f9b,1335983744
29fdab43da21ed0d22c9c71d,359044288
f2ba7982bed03cac394ef87a,346967936
eac89e705cfd337a99417320,334205856
40713332e88c6d3a393c8b2a,730008576
a9aad230d22f7dede73acc8c,1542281856
3b7fd4008e14e394dd09a0e9,1139228416
098327587a877bd50df27551,587617280
0379b6a001e4018c34e944da,628379200
45f24dd99d362f49c0adb875,577986304
dce1dd028695bfc5a47aa6a1,362420160
cfeb702df06baadf29f12eda,407535296
9ff5828e084070628ef2ad96,801080256
6920e6d7fff656d66844949a,1001775296
31ed69311bfbbe000f4483d4,484307520
d300473e3d2ced1177c9fbd3,1124717952
2cb64650b876ccbc7337a0e4,218224880
3ab2ed6d140698cfa41f2e3f,753757376
9f8697b55cb665ebb054f9fd,587260416
7e844f8a24422ec3b833b4a8,644288384
55a615a3b3919798d54e885f,955615744
fd26da8e62b5d1155962f0c5,1178274304
ee9171c496fa78b1461acf88,1729039104
d5182c47a954c964445f25d1,742567104
e064b4dd7b4e64a3e0016f0b,750801152
36753a5e31b0edb1eecb8bcc,460696160
c2ee475efec76c46efbf1b08,940624192
3baeb28cb33d048bcd6e42cf,383096864
6a6d990b9b1bea0f844d3065,447328064
e93dbc804920c0bf7bcf8cb3,390262112
b9ea1b9fc0e46ba0724cbc0c,542042624
95e98113e39820523e95adf4,492455296
942ed340950f02adf9749a36,482165472
8538a41c0e0fdcb3829364e8,885788480
804289a128775f7d1652cb43,518073760
3dec1da01706b06f5d6a9266,524974880
fe004acdfad6ac6b00911ef0,380073120
6c679d5b6a1c1b74bf483478,851883264
ba54b5ebc5d4f554bc56dec3,1212443008
5b9469c3ff6b197bfe3513cd,791171968
2ca6ce8266afc6721d179335,945874688
94160aa4e5c54bb479b1d0db,419243744
eea6a2137473c3ba6708b576,455840096
9969f6f4bfb29e3a97c2fccc,536080896
68006626a3321fb0de032307,400551456
2149d04442f73cfc78f93bab,753692736
01cac7d033166094ab9f87b0,943667968
15515ecdd35e9f175842a738,1597288704
86f1d6fc54152004e69027a0,517973088
0bcf7987c4b0ba485c44caf9,736703296
107fffd601a2bb7a3e4a69e8,301138688
5a44636153b1d4a74d58513a,784427776
5ae08e5999ca2ba0a1e2d8a7,1169878272
369e9e64898ea16b7ffefb7c,844882304
192b505186d0bcadb46b7032,810444352
6dde6686bfdff12620f198d3,505833568
503a04e079773a04f2abe075,1705714048
42b5ebbca90572b9cea79177,460696160
0b6f2534f862a7ef551a116c,618056960
05e06a93e9f01dd3984a85ab,405944800
c6706db3eb4f0bbb0510578a,1285528960
2babb357d1d828c49bb89be0,427814144
3951171501fc51e2d830cc82,1183130112
fb72b8e0457c0199e158e599,996115968
df865201353bc7b915b56ac6,244649968
8d1b3071f5396359c0b6cc62,1038177152
c451b61851c8ae1e6222109e,1252973440
e1c33552eeab60683f2f89d5,1290360448
1d8d51cfdf78f1361710708c,1041734784
bdc8e1a1e06d387f9c7b026b,1041734784
2b36d797d32013a126e15709,639344448
13b3a55d79b79ea89a73d21a,547609984
e57ad52764215c3d54740ac5,639344448
19e11b2d60326895b5e6ba01,639344448
f6e1752b9f4a0a3c8573910a,735934656
062efee92601be294d7346a1,735934656
e2c3acee51cdd03b1f211278,514528224
9390ae5c166e1a976e53e16b,490733024
db3aeb3a96304f3c255e8a22,935555520
d353be29e7ed2c35b920f7c3,1085701632
893c1b081e383de73b9f2e16,1021770048
8302e2afc48d6eda16784da6,883653760
f1e9676bc91a76740f4e9b0e,711486720
ce86066ad78dea43089d25c1,1303895168
c89ac55660cee4608bff27d5,766772096
b183776d007d85bef0f6671a,471719360
e8872302ba40e4ea413689da,626046592
0afc6cbb60f34f1cf00fdfb0,1133645440
a811af7cf12afb1dd9b8eb86,800537728
7947f71467036449efb99972,1246169728
2ead9549bab6f1386b7a2c77,616319744
b54e8d557263624947f979cf,1241125248
fabd2201750747891eb6af77,1406758144
7c3f7b513bb20c918a51dec6,1322339072
0dcc222d83e1bf05f2c2c090,966458816
3ee3ee47bfa21462a1fd455d,655259968
1dc3b6ea53413ece15bea33b,694118400
f44362b932a8b70ad4b99a29,841425728
5372f93d988c3c917629f9f3,581353024
5c25ccfc7ae77f1d85981a79,968366016
4df222356df121a41adadda7,326758784
bf38bb7a2a7ea663cc8f3d57,682051264
ad0025f5b240d00936c82f9b,480523232
2afa66b726ed0b1492b9e01b,706351616
a528312b77b7f84741c2bf29,1207369600
1cbeccacfa11843a256b2e2e,593281792
d11eadc78d95c96f50b41a10,1213309056
c918e02b3e6d80125a2db1cc,558591552
b2af005e93b0242e0f62f298,570492480
ed9703ed896c6118a3458e78,727549120
8ed11c1d4e7aa1ccf0ea0508,343394464
9717b066e135a82feb422181,413526656
294985765f4d12e51a68a451,1205674368
edbeef6a08dd17a941634d49,930826496
26cc292628ce4aa87cd287d6,974414848
47f7065118bcd4c3878e50fc,920167232
e369c63f83c44329ddad488d,1384135424
383c0948aac71636973507f4,588058176
6bd1a412c01387af8810ce57,1127788800
4b92ca1cee4739104e620871,653112448
0123237414f757b9c3809f88,1502379520
6e36550a6ff6fdb2711a88c1,1018737088
1b5de74aea685b506a952f4e,260256128
d85fafb4d5ec056e6db9a79b,517868640
cd097f6cd92275ec8ace1f20,1174784512
ced1f52def08143f0b2b6849,848936128
89a03e25c43a555b47c53864,682577088
f8d64df401009704c152bcb6,716715200
2a5aedaaad2d908122f28f22,1033485888
edd0b57b90629fb00d036e34,994687296
f8731413b0d976c03b7e05ca,1110910976
01abe3cfc94be46c1153c82d,1269353856
aa7f5d0d2fd5474cc67cc70e,1137427712
4912c91afa6e4aff6ffdc6a8,1400363648
9d805330fb0df9ae73003ceb,802229696
7daa9115f755a6c70411b9cc,1403579520
f5896513d1cb044108d23785,935099072
3ff2a2fd905d81f0422c54b2,814096768
02ed31afcba033953c79d95d,460267616
c2164829374d5e880c1a1f31,1120885760
3f6eba5c365508ac192f2b82,463276896
3289958459cd87f24089cd14,455269632
ecc3362a649cf08afef96fc0,641694720
264e00a64cecb861d2c05b1d,1064217984
d5b5bbf927f763a43190fabd,1010327936
2691d7125e9046e597437f2b,1672968064
7cf183ed411cf82df26640e9,1200833280
f81107599bc083fec4a13ca3,1311699712
3c2a535f1df831771b859a86,481897312
9e871ee8a61b183aa9051b72,951724032
e066ee04cd3a597dac8ced59,836458048
2f4ed160fe2a21722e6299f8,993963136
e0ae53aa3cc9e9ba7ce65f74,926174208
78d727d0e61a7c8b1cf6fb1a,909928192
b42f936db049a74c7d24b0ef,1454610944
62e9330888566f1f826e1ee7,1279940480
3fcc5ff04edf753621d6cbb6,1394097408
d4ae25b207949fbf0df3b404,885810624
14bc234ffb3ff7f974afc8e7,445584960
64fbc9cac3f15c0f1a16f4d7,358238176
5fa1c8237da8fc7683bc10e0,993064448
7bf4beee26ba81ad0b884f9f,354793472
72a47f70aa99d42320e54787,697320640
07641db461323a5cfcda4f98,610914944
3af2a1ec9efa6884a8254d28,666794752
3adca5eeda4939a5ea11444b,672220288
37d39cb7d3849a784497ed0d,1080590464
b9baaab70cb83475ac3bbab4,657540160
74e178e2398895d2288e6fcb,675756160
ec15e2a131d9724b012d68ea,325158112
ee042a4b4a0bf9a1dcdf1eab,718668288
35381d7a5b25317d7588ce77,801696960
18ac3368b1f6d8f7171b07b3,565119936
3dbb09358256bae5199e1318,996660288
4662aa1c44351dfe271e3a9d,1564994944
034a30994bb2e0e446e35957,399882976
4cdbcefc434b48ba3d51a498,1553602304
3d3317303679a6a5a381d0ea,1470549376
68f4e3d4355bb71db0f35a65,964476480
b3c77f4a398b61d9c204f8a1,1167992960
3865974fbc1b412f24c47eaf,461776736
84ab3ece52fe00ee50f057aa,1522971776
dcdb8d97ae65daf55570c88c,894344064
7ea01fd99b389d08ca50c0a6,1031195456
51df325f026f4cc5ed2e9a65,989898688
1f11cd977996d909ffacadef,1251594752
5ae03c0e33dc7d3e0e0d54a5,1032736640
da88bf5bc2a7310ff382be4c,1291093632
035de58d60807ee2c272ce82,990951040
0cf82b1128ebb8d1087b640d,1009796032
bd8b005383020611b8922147,839714496
f5c79a564600bcad99c74f03,467038176
b11672f22fafd555f940a8dc,1008837952
2bc88a5c4bea2bd00fd8f13c,659710208
b2b99019a929584b4904b98d,611336832
678d0e011f710cefa49f6465,518207744
f7de22825945329521642f49,816255360
79b5a037bea858706838a62d,484307520
9f339d547d83b4ef956a3690,1523272320
127e197a2f70e7ddb5dc92aa,542057344
65b8c48546af394a924decbc,780955328
cdc0c282ee62c51e3a20459a,1033485888
ec824ecd0319e05d1ca6a9c7,554718912
95f27bf0d25bbcd0d1eb9cdb,549565568
ac0ee54bdc08632efc0d771d,1241125248
904ad71e7d108930d69a7332,640578688
7f4e6f790de012946197e0df,1179638016
473cb30713e88ecf782651fd,839304640
59a309a6af425b2028a2ad69,981856832
8a1b0f59f86e33a7aa7c2c23,872809792
1e884932e57cfcab75ebbacd,1041619392
8e273f1dde4801825fb19742,1365536896
1f9c0f9c3c6460a323171d72,1658497920
5dba98aa20e371c3947c19b9,1194701952
51516e102f8d43a07037ed29,1176723584
6eabd14e55ff090e8a93c727,965336640
e224f9ffc7bd70369a5e8b68,1335983744
35cb50346289f0590dd24d83,1500471808
2aecb598de8c74d9d5108d8c,940787968
69c7e97037c747b93c33251b,924384256
b9b95c89c988f68429822e81,439572736
fa2c5c19c86087f207c379ab,857179904
9bcd34e7a974c977f65925f3,1337562240
3611c89dc71078cd0aefd2cd,484307520
9ab273eca8cd5dd4b6339ca4,353882976
4347966ceb1770f758cb6e37,1409389312
2a68f627f4dc8060484cdb18,1321651840
55ff644abd72eaff17d533f0,1576622848
db563e5a1cd9eb1be832bf5f,1587145216
a0e9310061ff0084d63dd242,1105205632
7ff62b2f8a28d60f6c4237c6,1421281024
c42c59e8a08e8657ab4201f1,613176064
de28370454624724128a0688,920167232
514aefd8a44ca048a8088c51,1084481280
3d3a318662cbe218db0878e7,1033485888
2714bcd5c0c503c3bee0e0b2,802229696
5461aeb15c7f826f0ce157e8,705820096
db352cbc2aa3066ea9b34184,816282816
22b066e6dbd0f2562a0554f1,1122969472
daf8d6d3f4ba21513341eb3e,1470549376
523605d1fbb75b0c5acec5f7,593595200
c59c2a19b93ca666b7c389d4,1241125248
61e57e5539c40e5ffeb77997,593595200
c1fc25faadb151c73ff254ec,1457624832
63e73f1b8b385d89de1329c2,407535296
80ded3bf4f2973a5ceb1ffb7,542341824
e1f5f0e96e5865370423c142,859081856
3bc1d407f7e7c8e67f7dd27c,995302528
d87c489d3572187e3280965b,1866865024
110d49e1d79a3534e146b300,991132416
7baf3723bac87b0b393ba52c,1165441920
8e9e35321545774dc1f85776,859591936
e0d6155cb3cdac98f81d44e8,188544880
bcf775187c0f5ae1cc0e8ca6,257871728
a792122a1b292f482caf25d1,448555584
09fe153b0027697e58bd08b5,109479648
a7283f1587ffd80f4723475f,299137216
67a10f161cf7215302b6ca1b,75686320
f403b20cb52d4ad3f9469ee7,457108800
643e13f00dfe7787a19b1254,801080256
0eb7c68fb7ea1e58f3e76345,1148645760
cabf47337c2cd619f12fe69f,1061533824
55c5eeb4861e8cd71731274d,1564129280
363c96b85cf07dacbb10b92e,490376448
49b59d19432dbeb8921e57b8,1670356224
818ee3b0c3862d4aae6e7776,345756032
b15c662c56b19d3843737dd4,803150784
03243195c467c67e67a7823e,526268224
5db50c50b523f3d454e94dc9,362101152
0798af235e9926b1e7e4642d,564611648
83852e78afcc4127481adccc,405944800
7fe25ebd70b89f4602bee6a2,874371456
175590951b6f8c6b8b4af9ff,666389696
d4dd48521efc020762ea141e,760833280
a681d6e9ccc7bc60eeaf7e3c,458677792
e137b5003b8c8f18892ee9d3,1101582208
90dfa0d7be06e7a1dc15770e,1361717632
7fb856eba0ae98a40eac3efd,1705780864
9f52855eab4ca5161f1fb492,740528704
494580f4974c33d7ce0cdb28,787808640
d972dc3dfccf2a48a6384e54,721313856
7cc8772ebde8902f55e14b44,587361088
deda3ad684384ed67711ae71,998536448
b288c52e4d0fab9f579122a0,1162497408
0bc16b384acd3f8263e386de,942159040
b40d1d2b7c1db9cc57c65fce,1521421568
c2580329ee6d7a03925725aa,717443200
7e73516d57a251061b3916e0,1556267520
7749f3bcfa8339444b0a8b7e,592879872
557e40fdc93c1824b0bed769,592879872
edbb5db63dbd0452c51047a0,451790432
383af3a5794a0ec3efe78b2f,409526944
90ae7af091c23957b88de5e9,869951744
b1d9704dd39c6cef28ae3d17,695010176
44916ca9b874075f55949f87,1095309568
0515734883eea12cdacb7aab,1162785280
faf9f8aa50d936c1465e880c,976702080
f37c9693e058492ec3715de9,609678848
562c7846b05072561d96698d,481263456
4a629aaf60a113402834c042,1750888832
ccc4e48073c3da10a2e2d08a,1070112000
8532c64eaed74b64b4d4707c,295400544
528a96aa31409c32bc9f1f63,978810048
36fd9fc1f1d9b2e10c1c6463,365720640
91561030d87ff5bc0a497f1d,1529473408
eb09010915ee68091d6675d4,461057888
56c41a58ed5b9864b68fc910,444233632
bf6005f6f71da582a6fab8c7,534281984
86ee80cbe81724e6919bdb73,1227913344
0caa7856aca178f826fe90c4,1267359488
9e41f25cf2e77f3fbe903368,872809792
019f4a25794ef01294845b51,1156999424
d6fc6059bba177ab56d85ec6,1041619392
436089e2bf605d00849691e8,929612864
02a9c37b3d92a6da473c6fbc,734803840
bde81ef5ff9edabfc7e30d10,810444352
379fcab709c66fa146d3491f,722390144
28ac1562ebb5050f1492f576,800101120
e68f5a98070efada9b5538ee,972305856
80aef024b0ecebb01913504d,240316704
f45161bb79292e974dc88b5c,589584256
6de3c3d53d6aee18ccdee958,649919680
5f2f7596a284915ebdb81a35,695845568
291fc50c4ffe7935b01e5d9c,285448000
42ac33321bb1920fe2a78036,613893056
c8e00b4dcfa2d05d6a7fde26,863364672
5c0e328a04f881674ae1046e,875060224
c28cb417dd28fe4d4d41d114,843704512
8e160f094a0425aca23f04ac,447201472
a8944be7383b5689b5039c87,1538658560
cb7ed5960f325114bd3489c3,1241849856
275d73c7dc0fda7cbecfea89,935225024
85c24df2d836cc8addd9b7b0,856387968
0fa87864632b7bbbd161f879,650159488
c7f422224808e043753683f8,725416704
c51d1eff1b6d29b4164df520,987560832
b50e8c13de383e64711193f5,711113792
1308dad458274c698b2fec72,711113792
6a1024c5da689de67bdfa274,760217536
6e426f60d25aa8a4c6f8c9e9,796702528
b80f3a46440daae51308d459,791171968
f59ed9b8ef1726f1a55a4dc3,502791904
368eddd8b6d39bcc7124a41e,587617280
391cfff759030283411dfe1a,479559008
4f140229175de685a0999773,533180384
cd365053914fcde97b7ee9a8,1232596352
16a05fee8dfbe78d26664c3a,786139840
c462f0736fdefd319cee232e,674377728
b419d977b283e33c0b3da86b,1086489856
6eb27e2a66d08a8a60567272,1022139264
7486ef139d41d91423317e0e,1322339072
e663064dd77e3c63ab9222af,1541731456
9a6849637f1b8332ab289e27,1139228416
498de85ba30cb01e9c686081,732195712
3507f260c3c6e195fc444533,551412928
e538d52c9b2dc994491be3db,493001696
f016ba59a64f287099fc4af4,488080448
380ae516dd46442f97acfe14,551399360
c97e4d7e08db3171290e939c,890338560
f7847aaf1491103fd931aa5b,793824512
08f6bf438980d55b35ce7537,793824512
a6a06973b5a4c990d5873b7c,595794112
6e26918c69487a735a639c1c,1758113408
cfbc690c55e5c2bd8dd9d89d,1184062336
56fe5c13f11813b82dfb04f8,427814144
296f0158b5cc1541cfc8419e,896392704
6ed2970ed02a3e50ac984aa1,524255136
4c9f3af11fa91e729384580c,862361792
2ce779caef0637db97954912,751995200
d743892816160218a63dcd35,993796992
758efd6f99db309c67cefb12,426013472
a4146ec09d782b08e8198e11,789992128
f415c2bc1bc0fdca091285cf,1427880192
39ef4fb2a43fa3bba15a0b16,1297548672
874ee4f1b9c6dfd3d2358834,1791584000
e9d514f90ebff0de1936d09c,684810240
9f15c77d67021f349714806c,187360992
a600ed86cff36e636d204f39,599135680
58f55e9bf743e2e3ad43c274,1069501760
af1aeb2ba89d29973f73511c,577747136
bee721e93b8d8e7cb37dc992,599135680
bd52dc8dc5398e5ca2952473,454434176
b71095bf5e80bcefafb12d52,419680256
a7f48fbdf807da68594e9ae0,372808896
50de04936770f874e1eb86c2,650067968
2ea47ef8f02712c32613fbd1,474990848
27eaac0ebf8a5ee99d143218,894896576
ee594b6bb0751dab39055b3e,746875456
eba0410242fa1e8dea90b194,634233536
a619d30d6f2e2aa3b9613c04,589584256
df58a4244134d3493f3c9f30,1176636160
32dd96f4f07f67806146ec46,654933248
a77ef77ffa731e8980d36b27,601568384
a2a1665a693852185673f6c1,1105803136
8267eeb41ed1e68144301a3f,709692480
887ba6b287a8b3ccdd5691b5,1302237440
1fc94e9dec93d52e0062e07e,673191360
ffd3d51ecc85abff64258e1c,999265408
3eb79541c2ce9413d2c54736,443680224
fcefb2186b13c8bc39b17915,565119936
d4a43654382201db5d318dca,377154496
15fbd295328ad698d3c76aec,1641515520
7f5e87fbb4952caa0cb658e2,912829760
9d348aa70957592dbc56ef32,399882976
2ac1105447a71f68a50105d1,1250097024
d8ba9eb448ce35ed404e68e3,1389810176
21d42e80f6f818eed990bfc7,1226973312
81c890b0d7cf787a091d4081,966458816
518858c561af5c13c8aef9f9,877095360
01cda25ee8545b9fe19717ed,1358952704
2c34c1e1655e87ada03f411a,615736640
48f9e9a87e7fc0a678460e05,993219200
76ae7be5da1785c37736fdb8,990951040
3918fa99179953461fe07f2a,1978640384
305080502cba05a1c165560b,539935680
5c3aaf3f75d6d3ae9b55cee6,702256896
2ab263b5d1ba72fa562d64e6,855159680
6d13129db564ad15e69fd534,565119936
7de7a2a651273df62aa6a21c,1105803136
59f9cc9b23cdea5bd4cc3ae9,852243776
d4436ad417941fde0aed2818,565119936
80ab8d9f157c25b40f102854,399882976
06ca01d3ff86406e896b6fa6,1191949824
88f36882dae9a0487383b769,702256896
da474e23f34cb63de4ef28a4,399882976
04f968f1873a655fde8702f6,439892064
1dc1a51628b8eb1bba214498,743632128
e7cb4cf600b9d931eb295c71,510924800
9052c644813d546987a72305,515735552
1e32a8825a7ea79c28e27a8d,848586880
82f34c2a6644c4cb0649c44b,1161403392
95815bf7c79e4bff3f41b233,758976512
f64f642775ed2c9f45aff215,852837440
4cac81eebdeb45eb0e8aa5fe,150435744
c6da2874d2dfbb2ebab542bf,1233691264
e7c08555cb8f5c7d0f32fdda,495531104
10b7c99bee9a4a21e1f32d50,521135136
f21625fb82740d6f4cf1c325,619199488
1c3236613cf95c84c5791bdb,1186640128
b11c3a4642f7eee2e443eb32,877957952
cd08976dc2d69110375f8541,1056494656
a44c7ace8ab50de7ed8e5a66,848343232
fa8f13da6d8be3bc1f05fcee,138690304
77bd7837b02bd8f2c290c9f8,644176000
11a79681fb0a3f6eedf11d1f,740745856
70c3b086af66b0c9db4b0b96,740745856
64ea18085495f759116f62c9,1145657472
ebf4bda17341de806444ba83,1276664448
54228579fd8812c3ea160341,1478523136
dae0265a0f2f79d3dc010ac8,1383340160
7340afa659775cc18d83aa4a,1241125248
5ba05f67a77cebe5cda31e74,895275968
33dfb510aae260ccefa4d349,1657389952
82af190e32398942775056d5,1383340160
a9b9263f6aafe8531f3dadca,1244207872
9a38e7293e9ad7d8462eeaf7,1195347072
5852773a80f7f1b929c7dabc,2009484032
52fbef3effd854b0ad0f62b1,733766720
0016e35cfd881ee2e37b49b3,886493184
380759598c614cbe10ae4bfc,991400064
fb63e870ceb7ff355299f3da,808427264
285b8cb5e9c887794ed2fd1b,1263452416
f003a46a1c8e04da0052d72f,284727424
a731b326a61043070c3c853b,455836992
d2644b46136fd95c0fc2353d,963000064
8248697f70c21fa361840755,671656640
075b5c16441d9d67cf638386,711559680
6bb2ac0cf2369cd8fd85bc12,558073024
2c0b3d69fca6677ba9e95327,1854514176
c73ffac843c155f24985e6f6,897545856
78b57a58368ab056c11bb0dc,1146847360
90b25b6b913c1bf0396c149a,706921920
fa29c89363ac9cb59667a43d,1146847360
eba756e88209c420d288c4be,505833568
e7081fb59ffa298320321633,1214813312
db1c3ece26da7b342eb7c8a5,1146847360
f9ef8fcf24d28ce11e71d758,542833984
2f854c9df6212c39091bcf28,723991872
ccc66d77e5f68779b1c016db,527376768
47d288f8f9227013424d6976,396125152
3e891afdcb568befebd66fe4,571715072
2d1f036c96e92d9c557605cb,444521504
dd9d63c612aaddbd86676c34,549018496
13cf784fb3553f75acf25a4b,444521504
57dd353ac00d0e99abdb3733,1350309504
ed0051ae106fd0df60a14586,979276352
0997324f14c5823413463546,1480877056
e2cdca1756b1635dd1ac2b2c,1378721152
7700df9486a1684157527739,325340576
e790b21630ab963a65c53df0,431632960
2bbbd9878a1e7c55bdacb330,542071808
decb25b7fdc0eb259831cc71,834680384
fdbc74fb5882051327b3caf8,257010224
39dee9b1661292cdda6c4823,792889344
354e2de1e3a81a63e7fae4bf,968927104
f80b9e8c51cd71c5be281652,647125248
a96b19e82d9811d5de1ed0e6,147636672
5e5ca2753a908aa1b7fe80a2,891450112
495b6e61d1b887f8b4c1bcbf,807256192
ad8ac9edabcf2d4b06ba9fc1,1322339072
359f6a66a407e30b40979d2c,1302237440
ad351bb6437583ec871b1739,689757312
262b1c8ce7db2b4aca2400a1,839968256
6808b10f5876ca36f569a4b8,1554584320
54c74b36962edcc922573792,291360032
e7fc4e6b1fdb38ffe68fb680,603276224
1c9325df5599379a73e18053,889312640
8c9bf9031bd378c1105e3f3e,968278976
be70989d473cd731f6d8e580,870388224
46136f5f078dd31170c58e64,745601216
7055f85f7749c4646577a51a,1041528960
861aa922b483f9bf7884dac5,348641600
45f18e0bb676d2495a227dfb,492773952
9cca7c1e9ff65766c8dd2e29,721847040
b2b7020e66872c8d83468cec,986645248
7634d7acd4197594271c84d5,231761200
11ffdf367d817b582d590db7,325937152
103687e73b0528ec29725f1e,302892096
8b5369b126b75c497b1a7b73,961555392
b33c9b03cc12a253e4936cc3,826088256
ab177c5d60492f2ff087708a,396499008
05bbd028f30492fc0a9f35d0,961555392
2b9fd26383758104d567d474,961555392
4addcabbe23020d3d0d46ac6,961555392
d93ba0c32244c455e0f7baf4,961555392
92b772a38d5e38bb51a3f621,866940544
135ca1dc80ae4d9993ec46f5,961555392
ed5192bd8038c77ed2e46f0c,415350720
3a878d44356885ea61bd882b,961555392
c29c69bc6758d5976024e455,587260416
dc486a3d7e9e2e608ab2a7b0,961555392
1a34acf8e509659534a56b63,705666048
5716ed7d678cc2575397174d,253838912
444c68a7a6cd0b794768d5af,891229184
8a724286cf661794084aa87a,1506946560
ff9c4796bc3ef18ae7bb724e,1705780864
35984f749eeb84eaf938bb08,825453952
0998999f12dfdd50c597c6c1,1359169536
58bc65fd2e0e4430fb353d83,1050452736
fe483817d899e0044abc3787,967842048
183a8459fa248605b8b5bc1c,756262080
a1f0d61cef676fbf798b5473,615179328
d7d3cd587d291f389ba2e8d1,812171712
ff8e7294270343a00978dbc2,797585664
0996cb112fc3919564e87c37,1464906752
f183e3651c485e0001e64880,679026368
e28474959994ea9c0c2eeac6,346491872
682c0a5f5f3130a61b5214d8,1161662080
245663c600727f7c214063c9,1414506368
dea79d1b25bb9c78d331e3e6,1241125248
ba212b5f12959e34b4887315,948993344
dd4eb14b56cb00130955d021,1341115776
4c94103d4366bcaaee4b550f,1304019968
7bd9cefba3f5dab498ef926c,880476160
1d7a2572b466070f08c6e564,599135680
a38e7af984a471331b2d758c,1391899520
b6775aefafa4dcc161eaf6d5,571473920
8654295684292e74d0245238,461677472
f0ae62ce6eebc4d07415c48d,1549605248
969219d7b193ac92e7a008ec,527063328
651d6af0968fc05584cb3d25,517977600
4f992c2a0526c0074bbcd875,420142880
9536c686b6ec514d92493f9b,486144064
5384587ecbf956275d86e60a,227395888
bab5690da7c42909464cb9a2,427753280
bc91072d808fe7b43e972f42,152744880
37cf2c5c1c6fb6e601d2f76e,487804256
4cdaece5d1dd4e089a99f47b,663450496
b37af80bba5adc197cb51649,533180384
552152b60bdc1ca16d2dbb71,698357696
32354bff9df0267a5e139156,647878976
fe4a6d7d7ed28b85c5816fa2,804048000
afbc7773755043a40a7f9d6f,853343808
daf2efda70c6f3cd9257d0dc,321855744
66fa7c9e82a2876216b14b1e,420873056
e34517b1563d829104e230b4,540865984
222a35842b0bc09f48e1d0cf,896667392
c5a64fe5ed5901734d98a22b,542317376
05db9fc492801eac98f69c7e,327385824
6e4ce81e713a571601d861a2,993064448
79fe5105ed7a7861d3c0187c,360914336
70ea911907d320da1f7f9c41,460668352
e60024d6e0b5aa52e27a3b5a,564503296
bb63f086543cde77832bd4ed,564503296
b3c2187fa96006fecc6b8ba0,469085952
9499edd83df77bd6a90560c8,469085952
a947158782fe2832cea53040,720758080
2e1608b8c646a102e27df16b,891450112
77fbf1f0c35c1025ea4803e3,565733696
f9e6a759b069e04b0cbf0182,866116224
1e158f436f2a4caedd1563a2,362101152
67af004f80b08fae38f472eb,913163456
386ee01c3f7bd8bdb91181ad,493270688
36ffb5566bc35fbce9e42679,547550272
b58533a6850620b0960db713,425111040
41353584f956b9e316c6c67d,411761440
b1d1bc7ea83d5c584988b95c,606286144
6b1c0866e6f12f7fa8de94b2,548882688
fa4fd8380dd2620c672facc5,1332756096
44394e66504a4d77587ee105,560034176
d841d6a82425710e36460f64,649311808
33501f96ba3b02da073d586d,891450112
831693b6fb81df1359e45db7,794865856
7192b9d32e4ad55f6af9e241,695188224
4f99b97100d003ba3a2ecd46,885788480
83d969bfc020aea27d2b829b,744078784
39be6f994f2cd3d68b51126c,585593280
712f16cf2506710d7f2a2e8d,673234176
7ba618fdb1fe8694eaecb64f,733064448
d8735967c942d1a7b0cff7c6,810444352
b4ef40e00d089a35d750888a,458677792
7d73a548c2a29ef2d9655e1d,440922720
63131b8d125073c7dfec72f2,1089677952
a65655a4f42564ac48bdffa4,484197024
033d3f8ff56907db4c453700,1101582208
05e8878bcb68d03e3b656eb3,854990912
2ff0775d2c131d19804f2a2e,812845952
9957ccd807718945178bb847,1382717056
7bcfd82ced5d6f1ae390d388,177318032
adcc03f332b427be46f118a5,991400064
b5dd038cf35169bfd0e62eb7,890114880
35b789e1d63f8f25980d21a1,1226973312
c9a215f284e095850c809425,1135123328
d26efb0e1213e19c378edfbd,1101582208
9990217fa4eae1d1c4ed051a,1659616512
2e9390c4423db604e1c7c4ec,711486720
6faf9b6c30b176e36f2f1d32,935576896
5b83d91f4d6364d3e4be1428,1241125248
0d9616f0ac8b0c2e9e0a97a3,588521408
9c9fd309cfb505b628f84fab,1044128832
98b77fc0888335702d082f8b,655057344
051d68945b95562009d4029c,655057344
eb8021804e63016fd934c9b2,745009856
ed6c8c45bc8c1d160cf0d0eb,826348160
9fc8c3523883947769b2fe6c,1156782976
3e9cdf767389ee551b5349a3,405944800
512effa47a1c7a5420bdcd6e,234899920
0768e70fbda0e09b88c1548a,757367232
acfa7a1cb136e4474b7efe32,1310088832
a343e6ec6eadb287711d3834,978084672
a698d80ede6cf6243fd9ed99,881368256
fa5c81237a94f2f78f05977d,1433047808
999c8da7dbed7412dcbafb70,749261248
c33613eff66948d1bb8ea3bc,839854336
a642351076b7706a733dc52f,1874120192
c69e08214cb1fbc09ced0971,547795456
48a20e676a060954308c9ecf,335961888
304ce5835e685778b1c2b6a1,508436096
c859144477dcaacbc1654a8c,792541952
98865eb2f40b8a30893cd351,644001728
68dd15c8e9b71171348ea24b,1196997248
3c660885ddd7e98ba5ea26a1,1363271936
c670315562766401f92913d0,313599136
777a8d05edda0a335d89e90d,459828192
81f5c32a2c2d3b32329a645b,860033280
40525fc425906c9485f1ddfc,306508416
8b6efcdb553f6e936bd90f3e,667089024
94dc108f1d146641b221cb81,225746016
1034ee7a5160fecdb5e8c27c,447714848
48b34600046c903f0ae4e6d1,1178224640
edca31377b4f7299f8b45187,1156211712
b1586cdf68f36926c3bf72a2,752482240
70b15c2a38c404e62ad05171,498303136
ce18358366157fa869bf3833,455506528
6883fb90099426e6f3922909,243177728
1b7151cf29b565b2f1caa559,336721376
f2ec3a3598c99bb8c38cd680,833860480
38026eb43ff9876cd5767ac3,659075008
9f68ff98e302ab06df4fc672,513129920
2d2ee255ed2144b9fa1fcc39,533891008
029224b78e8f358aa9c38e94,275908960
88da5851280dbe750968c565,678309312
1c67456195075a051513b28c,629988608
9741ff1b895a038c32205784,794190272
75fdbee42ec89d428143066c,604391424
9f27627b9e439fce085cb01c,912737024
a4a4a57cf20ad739291aafcb,1012829504
84a074517742e09a7eb6f320,563537664
28fd0437736c1b17c7ea1f33,1116442496
beadf1de0732143f0699895d,684810240
b027f75411dce9c742c5d0f1,1266900736
182077fd9c5142d503309490,684810240
b1df92683a593edc3f2b45ad,1156758912
38cbcd7f88c1520fa083af9a,791171968
8ab5eda5b66a6c2becffad29,1212858496
e68ceeb098f60054c19fda0e,757367232
e6ac4d158437142c15bbd4d9,741090496
a448d8246781ae78dae61619,613341440
4e878e99ad2fc34400381c3d,711522432
beaa09cb49a98e8025fd7e8a,1015749632
3df855d8893dbc62eabd95c6,485305920
cbfc3ca911ca23517da8c2d0,1241125248
a020e479dc5db78794a5fa77,1241125248
6247fb0e5261d4225f6c9f1e,991400064
93822a34ec8dcf104e7f49c4,684810240
17d311554f40ae8b40234c31,1316214400
762e044ce9371d7b8c7acb6f,1241125248
2fad468e1c248f40ee3586ad,579664768
fc25df25f4151a16cf0c90f8,1241125248
39c1613acc0ba4fe622c1f31,970231872
2c15a0733cdb932ba8f2225f,694118400
1db68ed64501f35c51d74c5c,1225288832
1d968cecf268a7f14def1af7,1168425600
77c886207faa6965238b152c,390831808
86242b25bcb2dd775d25191a,771494464
a8b457cf82926e25cd862af1,1033485888
fec1212eae4e6369d5555d8c,798093376
8f59ec48e38092ab01c23e33,1423195648
490b89e972abd7e64b5ba6c2,560034176
f8f217756d32f31faa784c2f,802229696
1c2ec62e8ebba12c6146a04c,854598976
2afa1699af46ad8124f76e4e,1162785280
8c1695c9a31de0f956e4ccdc,1162785280
d88bba495701ae7a44eecc64,1463090304
00571815d5a7f208eb3e7737,1304758272
d626a635ee75c23aee2fb327,1658497920
7e3937cfe43dc906983fd321,1685804672
ddd8906ea4a22b782c7888bd,1208782208
258abe0fc321f6b24d37ad86,592167424
f637a4885488bbd499199148,833665600
97f5e6ee143998e0b3fc97c0,886493184
be4b96920e3aa5c57baa13b3,442372704
6e7f3a0cb6246f13656fc95c,1106109440
0cdcd8cd52bd1967dab88a5f,796997056
83da19e7fbbca11083090574,385055360
f0cb484eb3f6e04b5b1806ab,567001280
fbf8b0f1159e89428778c847,307816672
7c316b981173919b6cae5516,676689024
d6496a3215daad9089fcd5c6,733766720
e104567c1cc70000692f502c,469626720
c4476befe0002dcd0c315993,441806976
3008e821640b33a8d70beec9,312154208
9eaaf577807d86ab64fb14ae,536683968
9db120a76af04028d2f0ce68,512303552
81e1f8b1c0e3b15f2ebfd84a,278313696
9943a2530009f62cab6b466f,575249472
a8052c48a500926214eb2e1e,275908960
3335313b9060ff29782906b6,590134400
cb93bf58a01eb262cb003061,1212858496
0e04f84529d92f2832ef986f,1015749632
807d7f5155bd299afbb6491f,485305920
76558d67def95bc708039f05,1403579520
bb19983466b1a1184ee7ea1c,810444352
34067d9b2b4e45be1e5cfa32,657066624
1c4fab7d9cf798617fa90a19,1529473408
b4d610e0ecfe007c133a5ea4,391701760
ffbedc0873b99654d10188a3,253296096
ac413fd87de33153899a1d04,458677472
83349bba5fbddbfa2db5078a,455659584
0a759932f763df64a463ac18,885788480
fd9ebf37acdbb0e4bffd2fb3,763186240
f725f6ebcc3fdeed22bee385,486568224
ceee9fd6e692196b960443d8,704927616
bc10eea54e4a1767881a2391,771494464
4ed5718470ffa3e5b5f40bae,801534848
debd031585e9527fe00f116d,1017500864
23b5f2af5d39edd25db6a522,623511936
f51000446ab65417942e535d,885679680
e6ed64435c659f236cf213a8,66720688
b160d30961ddd3dac16184b8,1340007168
0cad79296edb4b18582dd77c,1038553152
7bbf8e16cc32dec423afa6b3,1116442496
acf98212eb702c79f16bb058,728981056
1747dd033c2c2769974a06af,1034048064
d54e80ee72354c70cb84323a,1034048064
de901d3433ade456e9edcd79,1034048064
3fea10126c0c651f02de7167,1034048064
f823f6d95b4340e8e4dd0d57,1034048064
ff6fa86afbf9da2aa8eb7991,1034048064
a966f298e8d4d3d580a72d99,1034048064
5b0918cab84af6fa6c464037,1158528384
bb1ece5366ebb2ef9d52708d,741198528
fa926bec03068764c8545d41,881070080
3bb987adb4ff573ef09b8c12,608435904
d7fb188814d4c118ccd83989,467137728
ba511b37b4bda08d191c68da,427944608
3c2f62f464aa5c48c470bff2,545732352
3256c6c6f30aea9cc79b7283,859221248
9844c3773f7a50c71f218e99,1118742016
23229e392dbd8fd9d80637da,1309730432
e0f47a028df2dbe9129cde7d,1290360064
a12f0f00148e564ef78838c5,1429413120
d3ace27450b980262ba9bf76,1233220352
0668a4a4521c783a2d817413,779821248
768f69f0241fe339b6f52fa2,1127533696
e78ef4d2b165a8e8781c258d,456563072
631ecfa47fe167bfaaa967e5,350509760
954e3065b1e8b31a68f6d4be,864809216
e81c5c1b820636f691e5c5cc,767737344
b4c779732e827ab2fec8e8eb,909835584
b58208759ce1402501f68906,1235006720
59805e5f4080246ac1d92b34,526463840
a3fd38336516b98117e328b7,1383676928
c0bf06891690188e17ceeb8a,715974400
efc8ccaeb09a5e1bb0bfe011,1189051008
8e604d41e0cfe9c93ad536d8,832559040
f770b66579bf2b55a714c43a,250161696
4e01f07ee4b1241360de460e,1379617408
dba1be42bef913f35a95735b,660072704
d839ca90c5df85e5cab54ea1,914127360
ffaca67ff9f0d7cbd5bbd295,1425017216
6f17875bd3ecf00566dd5c1b,640054976
10d01825744060a7b777ee4e,706214720
185b333862e7420f25622efa,676137600
7f7141f5e1a7964ac6dc688e,948906496
adae78b82caeb073d84f02ee,1390834560
4c0f9275581b5572635613a1,390262112
9d6810aa1035e91b72de6a26,516203296
069798704327652a899a189d,675565120
2f34de2546f13e8a9dee1edf,966609600
8147da5e5f53a163443e8506,878695808
6834b61ee23cf04daf4fb83e,877095360
59cbc0e7dc6e6922feffab8f,1043267136
7cfe5c3f5cb1bf095eb2c503,722363584
d916219daa90cd2d99edc609,1672342784
e78ad3483c5aa5a7a4310720,774567808
d048fdc255a5a7f474d48c0a,975834944
b76a3fe6a49dcae6e6bf5815,831609344
75fa60dfb737ad50073848f2,984741952
83c1d0e2b8826844416abd9b,1106916736
8c02948b66db263420c20d3d,1294499712
33ab442cf58cfaa33eefb6dd,378323360
d379dc03d78685ad14c647c0,389811072
5e36efb290bb265d81706bd4,752128320
db534a5f57e92d29b9e150cf,443205664
5354a816a7da90e205448832,702256896
f0862f57dd6be5e7659c65ba,1320678528
7d58eba13f418d890ef563da,628379200
c2fc3f04c3870e14b89d5fbb,1422209664
15537000b6806ee84d4615bf,975834944
e82508e88e3f62fc8e67dc16,1413079424
86ee57ce617b2be312a9efd6,897873536
6bcc29a0afc735bcf3621595,762518912
d79e2addf7c11180be222103,1398326144
adeadac88e573824f08efa21,1487154432
922c37e46fe9e75e73fc1f35,534397184
5d09f2d1cc5fec761ac4372d,1148645760
8c5aa3c826f325a9a6c6f524,1148645760
fd0c010fa0c4b84dc75ede86,1548801664
c23150d0aaaf932579561998,1205674368
163405cd6248bc3e832dc93a,773357568
eed12d0c3e65e9989fc4f4bd,575364672
e6fd53315e92a55c6b67405f,490376448
7a3ec914a15b47726567af96,703233920
7f02f056d5eb4aff92b44659,601181248
2d5d9119602c228b333402a4,1173146496
43fefda5a3b0781578d9f2d3,487285216
513211d9f07fd6645711ae31,743632128
c3e1e0d2618556de7df13403,585559424
b4a4d705930d9afe896dff17,309652064
e44b023e39910ed29f4dde2d,220844432
4e78d095988a92642a1bd18c,1360822144
92507b623f039b4ef5be8870,1105435904
e216fba4bffe753a527ecd4c,1584921728
24a4199c17f9c56f0b3ed12f,273092128
6bbf09c3bbc3e3a000cd2afb,878695808
b3d45812baa819caa1400255,793353600
2688e4cd1fd441d1da455504,466186912
5dc1fd6ec7ec8c8af71e3b6b,1319196672
f7b7e298ca8fb75e11e92999,449380224
05b71daf88eff5ae8cf5789d,928675008
e8a7ddb4e5d43d156692326c,1264341504
632820af2a0477aea5ccfa1e,1134596864
43a3fbb8218e73b956ca50fe,1052422592
398c195aa41ace34a16b0d7b,1139500544
ef3887783a12f591198d6c27,898971456
e6653cc1c94306d4e56ba216,820849344
166c21ff83e97c6e74169d92,811567936
d0fccd2708fc7def00c72317,1180672896
d66bd7e4bc7b51d23af57de2,1481601664
8b47b76193159a21c3580a3f,597473984
448d159391c38e4ffcc405b4,448177984
9ce7fb3190866e6a02e01e26,331463936
c25f892c01420855f61c3dd9,1178274304
2d5ccb12ebb6fc7d4ba462b0,460696160
9eb4041ed9e159ec0d890de6,544694144
c342f6492f90ccf623e8e8cf,587260416
c3a78d9bb10165d9be188394,1168058752
1978d8fc2031af21e98a4e9e,989859584
d6d581e852a025b61cffd6cc,750801152
ea28f68a1d1d81d29b88531d,802342272
a3cc0422a37512ae124013d8,858758656
073a3ae443f3333f0f526f7e,842078144
57238dca767ebf3a842c5f10,1201518976
113887ac25fbff9d30fe8d35,450410176
fed1a50c562ffd7f30451adf,495247392
b1e9075645f4b374c7301346,1047147904
6517c1efabdea4c1f93078b7,369462016
b966fa606a3b50d3ac7249f6,695364608
e0ad3e9588636f454e9e484d,1215307904
d7ad46cde8eca723de6510d7,1165694080
447f51e37fda773ab748814b,509960576
a6b992c9bf4eb32ab3d1df4e,447220384
3a9c7ec02f3e7e419669fee2,117965080
c908280d0461c3585af94d53,905475840
b3616a055e722e3720cca48c,762915648
45a8f6d942533794501d775d,1010433728
b6da1db3aa02debd11e26edc,544209408
6d12669907d7d80d0b458a93,776003200
5122b2e9638d3438434fc56b,1524955776
6367a127b452cfa27043f74f,711386688
fb3d29813052141c015669c2,702256896
5fb76f2095eb1a5cacc2524d,477573216
95632ec6578a204881694dc2,361000768
846b75324c0f3cbb027387c3,841582976
940dd8311f2b49d4ec212fde,766837824
bd0261ab68cf56950ccdced9,724749760
f79f0c23b5cb96b5d022582c,507878208
795cd68f9a5ef45902712524,493295616
d908973d90db91f772890c9e,401303072
d670be6c848b1e92abbf415d,589584256
87b940bd3dae37b9fdac5d4f,574038464
8a7ddcd0c452e7993bc5087b,490761280
8925e22f8511be30d50545cd,1402059264
1342c307971094041c9c240b,756998464
385488342bff3d3587250c84,1402059264
f8e25b7d7e93c45df1b3a4c5,987560832
fa4f331f05b1488990a69ec8,1195347072
a71d187784b309d65cea0b14,844591104
0f44b84024412099f27439a7,1241125248
0ea1a5d32324d270cde1993a,639024576
b13cdf9314a34852e8db4221,739846720
75e0815e2ba7269a10d9786f,655396608
f42b6680baf774d27fdf1e48,1389130624
5cde1a59393643d7ed4e909b,521972672
8736dfe0f1c6e2181b0ee31e,986323712
5859ec20de4a5036292ee947,998071104
1eee0ff52c53f04307cc3216,938612736
b455979bc938acd34a580eac,725159040
6921133528bd6fa3675ce8de,695500160
3d266736d0307404a5804073,562909312
f4f6e48b618064ced466c302,350505728
dcf606270a4612aafc5f9f29,331443648
5e455623c380290e0a8e4e48,354793472
ac3c9d9357fbe72959817602,675756160
f48fb9d9c42b0ebee72cfcaa,487406048
dc99f2871bc05ea7e8a97d72,725159040
b5cfd5eba0b6297cefd6d3d5,1710300032
0dd30227247f145bae82f96c,1581889664
9f347bf53e4ca4d264a45241,786139840
81406ce289219cdab015549d,905475840
a085fab6d9b9d8c24472cfb0,1524955776
1fce0e993a57a3e3873b8d7c,1251594752
af67d51867f382dcd9cf34b0,940094080
432f082ac51bb0d39ce45b0c,1291093632
b6281efabdbff697d70925e6,1158013440
9215d29512b14aab6178da01,1139228416
6218a5d7267f02c576e5bf16,773715712
d66cca2c8e08c89af26e7622,565119936
ad3b4ae81c322a9f91381bea,600250048
3a40bebb521445fcd32cf033,797865600
c1ca38f941200a9d666aaedc,254229696
a1da74ec074df16a1e8690b9,1183405696
502154647e351af240615b98,714986560
b57cd3eb0290984f061e1053,565461184
4db632fdebc000c9e64a589b,673234176
e380184391898aaa2d3dc540,1115515520
dca45f1c1a79ea5ebe639920,1303045632
961de1cc8601447b03682e1d,598753536
60a4f09c268e61fbbe423ff1,469085952
c3191b6b40191009ae9f4b7f,1298975872
478ac408d2a5c603aa23cbd5,1235358592
ecdb747ee4a3ebf958252309,885810624
6c36e346957e336a33a7708d,865133120
09b18e3f3cabb7d5469a8d51,954975808
f1a5856ba56e7b12cbb9459b,433711072
c378ef33f40f8be9263e517b,1238693760
b45911f1875da543199e97b6,967941568
678c70903bcb6c90e3578d6f,1557337088
be22ce55ba31cbf7cd285e5b,335018176
2dc58e6aab9399e9677265a6,1289331200
dae55582e86b1f514a4ec3bc,1086186624
c119f62348e418d9ada13362,1187281280
33510511ff07dc7354cca7e8,577168960
16b79a8af9d6376c73c2478e,1205432576
714f90489426e80933ef31b3,686615680
6c8e1cda487c9841c8d297d4,584288256
6d9c4bf994147d8892d27f27,1341918592
1b300634b71b898299c54671,1454022016
181caecd269e115cb5cfd75e,464484800
059516a91f938d2e8fbcca0b,741670784
c42ce8f9f62f7a315e028e3b,900365952
bc23e25cc246ced4731ce5f5,1271271168
de44f54fd6b1b62f30956f5c,730023040
2ef897a38b95d7b769856e78,515069440
2280b5f7c47c3b36924b84a9,786242496
16ef7eaf29eab571e229e537,1349318016
48b1f800656bcae6a9e70802,625241024
b4aa025f8813a3f0b132b7e0,557809792
3c6092e8458ee81aed0db0a3,1034562880
d919dc64995903c9120eb61a,933869696
ef53741b01120666a08db213,1161898368
c3dc5ad23dc8cfce0671adde,875242432
a270fe47ba30ef0056ec6c4c,355366368
f550bc7ab5992a6fb48eb60a,808085312
28f980b3c741866e0db5b761,1043906880
c2ebd39857dbbacb99e6cc96,1403753856
bb9fa21902daecf876c0467f,1211998464
fea142787b18327108ee8929,682526208
a1647603f732f97a99f5ec6e,1395265920
775f25d8144580541bf2746b,1299686016
527a8fb085995119f846a5d1,1740398336
8b69bb9fd7f0f19a248f5cf3,339322976
3b14b48188fdbb0917414039,881070080
02259637b8ef1311c69d3d90,978879744
50eeed30ba674cb079689afb,440502624
5fc3634e1fcc96b9215a6cd9,1312082048
23cc24e23a1d74159ff78464,678443392
44551251fe345b31ed71aa5b,565437568
82ad984f02ccda30bd60da8c,805479360
5734cd4805f5c055d36ec645,587361088
fc7ecefb27bbb5c3e25e899f,250125504
5ecbd5b92092264f4e9101bd,567950592
83a8d9df3a535fd273b27c15,1485079296
d76fadda8063e44483aa024e,1117630720
a15bf12a6b8749ac8f9de19c,369703264
a3f32d81f4cd99dc85a16bcb,457947680
4029115038a899d98dc93d3a,1294069248
2326bb628b4a571921eb7345,1266636416
471d6fb8037049e1e4d120a7,1241963392
b73945103f07da807f7a30dc,1429413120
d6f4479f9226e52c93d70eca,786400128
420b03095062d9571144a276,905592384
ac0185c8f724ddd40bc0d235,746247168
228280554ba149e60f81d639,854966720
8a44e15417d8e520a99454b2,511953984
8978ec4c5b2f02fbc1f57820,1187011584
2ab88dcecdb565b6412f5bfa,540467136
1dd6f560c804c4548561cae6,1558543744
90e94b7e392f84e01a5f1551,1109132160
84aa7d1c2590f37f0fd6dca1,461354208
0821fde7debf7cc445434024,348407968
b9973b07c84b99dd1018050d,284727424
169013bdcc2ef214e0163ccb,615042432
3c8eaefb3f5dd8d4c9f5386c,709692480
42d91ed3f3615247f57ebecc,1533360000
a7f1397df30d6521c216e331,1199718016
f6c6ee12e338b1f9730b6e2c,508252736
8f4687b666256e136148c3d0,1199718016
925f83e20a153a1e094bc606,1344083968
cd270a11dd8257648d1f0444,1038541568
ab11db71265771ed4d9de64b,438564800
ec199e33b7557dd669fe1aa4,248294000
b47fe4670c6b065a9e1db429,590787264
918947d51e52e0caf692f22f,820184640
070543b03770991d65cc337f,957988800
f45dfcffe189327cb0d303f2,1169231616
d2e7484c81358d4c79f040b7,1241125248
73ff3a6b0cf4f7ffb244507b,1538658560
b0cdf05097df437354564bc8,474467584
33ea5de5e8f5c639a213414d,1320686848
c94056bc09a4bea0e853cc41,569848128
6d5a91ae44cad7849dc4e969,1156026752
b52e0738dec9d2f119c75a9c,616310208
0e35349077490a01f25e2ddb,1480403200
9a5fdeb5f389590eb46e7aac,1344661888
337c81be4cb14d494ca69db4,1319814016
ff28f1a1ea72e21acb157f08,1302377984
e83ef75473fefbf8d7e52302,521063968
6d3e508ff42615eb78862723,958656960
3b7ddf527979726fb8aa1683,540527552
7b08cade91e2be20656ee856,796177856
59cb7abb39785d5263a156c3,924833984
bc48ec7245297b4cb85dca1c,969020160
0f366a36001c0766521b9dce,1124652672
6ea022e53741adac484c1798,1044288576
aebd6304298f84e7d440c379,1455824256
c5b333e454ed6e93ad32d96d,1185082496
bcd31d201096351079cf7ce4,468107936
46cf5b18fd7bac0d3332d70a,1272329984
1dcff645d389e7b687a498f2,916349184
cadbfbea1d03e6538af648e5,683836672
9dc0c6ef8389978be58daa59,904606720
fdc00f6ebd155e84a387878c,284727424
99c1b39476ee8e2ebfff6ffc,590825856
8930f231a5b9d8db14e9c656,1141747200
2dee15f1b082bb986f8d9513,493251072
346c734ce163296a07526a35,657633088
6079fb3769f843e99b47988a,430695904
f5802200af1d28eb48466c1d,365705984
1f8068ab65469ba56a1f0c4a,365705984
1ee45a731b6f0242b6d2936d,430695904
56b7a6da82134b135fb7de2d,976390464
340c4d762f830197fdaf0977,2145154944
1bdc0d441e63089737ac4c27,1189051008
b3d82ceeac64b64142286375,560485376
947421747f33db213e6b1326,909297472
bfdbb7aef98d4855d459ac94,1523272320
80e88d50c151d5534a57f61c,1443330176
d0f6e19e92c03b40a5aae3fa,1321803264
6e2a3e49dd6434ed01eb5e71,603239744
89e2d612654b3c792311faf7,800303872
29425249fed4a74ada083dc5,505308160
fe0182e1795e2b87eef4bf41,922547904
dc9cd30b760a1280e0318512,801829760
d22313a06e43b8ab8f6672fa,564250496
f91cc2e5edcbb704c293084a,1308117376
dae776f643e809387148900f,1233750400
e55634fce84f78466095e730,686291008
a507a938532411f06c57ed8f,1533360000
30f3b383f2d5e4709c9304b1,1026300480
aaa43db51d1ddea564d1bd2e,452462304
b3e76a0a1fcacd0218c17908,545633280
e548ef7a5650696c0e968cf3,1255256064
939afc1f6250d528b0be8e3a,1159004544
405baee61afa4b08dc25e586,1256608512
0c4781c598c06d538c5fcdf7,398044256
fc321e2d9b4e954e80805be2,1091710720
dce18d258c352b7edc60c304,1241125248
7b0a2bd964c04d01387d78de,697735168
43fd6b5cb01d05c9b1db0e65,789644032
cf0152b0a5e886e8291ef4a8,457626240
d05030b0eb8931161855450b,1026300480
281ea3a3fab48c028721ee1d,1767915008
4fcba82455866a6931590dec,981856832
ecc5e3781d5e004ceef8cf76,650343296
409cb370961c60bacbdf7416,248294000
54445913b2dc2d6ba35abc66,490246336
51a8c190ffb673d4fc27f4e1,1072818944
80e7c6b194b3229e3e2b9aae,862790976
bbfc9b05caa647bd95b3c88f,818574848
128cb9247755abf5f2801431,902150720
ac180e846fda5cd7f1123f6d,570191808
1e7173670334937dc61243a1,1601822080
c2555955d5175b31e5f783ac,1174615808
d87bbd60fdb8b84a9fe23ba7,973718400
825012911321d636425cd0bb,1373501824
54561e6ed5570577ea97eeeb,1073998848
3a2a2df4f07902b04b809125,349747040
ea7e3ba584cc5ee45ff8ba7b,945874688
25093735f186b70beb018317,1137845888
7fe1adc0a5873cbba4b021d1,1429517056
461749398bbd48d69b444d7b,535418912
eb8f668912b70fd554c8c723,982872064
e2f00293305c464b361b6178,586385472
02a0a38b45e1b196165b0098,242216320
0e6dc789744b678028e74d56,966372224
58954e79191c62ceb1ead100,1744087936
23aa0804aabdc61650b8562a,1205674368
ef64565957b5278185b2429e,412629280
253725ec3d7939088faf71b7,514883968
a9683df184aa8b4ad5d0cc5a,1035664192
3c38153bc36b364b92548965,730064320
286cdf6dfcd95ee9edf73a93,312072608
df93a6e36d9f19e252fa9de3,580440256
586fde402c82c1eb5a74d634,481225312
5fd3b0299c0d52e48195fbdc,523696512
06d33fff99a62c330ef2d585,727369088
df98fd10dd8ae59956994521,434977792
361715cb422c5fcd9125d5e6,534522432
af68665ae8711d009e8810ff,654543360
63f3295df28c02953241e2a0,793195648
62d338c26b44153bb075b234,1381843584
41a269c661f20e443a7a25f6,1114397696
c5a8695b7aeba06e46266959,907331008
17e5796a30da5eaf310d02b4,309988224
69acab4a6f82ae943850b9ae,526282080
5fc3ffb33090bf75a81aad8b,793708672
02d89daa77bb313328fe0c4e,530659456
6ad1fb94accb91bbc30449c4,805928128
a1cd215fa99b8776818d0b0b,584929216
0553a3aa7d961ada6dfcd52d,663766400
c6ecbe7b57db2db74b0d788f,1090742144
a4b23fbdbc7bbd45c5ebf80e,1370863872
3bb15c6313ee70bf4d88f4e0,679633920
e05c52c9c8fcb792ace06b61,1082206848
5fc77edb0e5bec0ed8e72a60,1237888128
85e15a0a63ffe482c68ec474,1536375808
859025f2f41efa521a74a00c,540229248
1672a21e6b2d8d0525df1759,399995744
7d4097722aad95158c51d24a,1148768768
174fa597347f2b1d3e9016e3,723996352
3f081fb77ad08f8370569bf9,650424192
74cea4c9dc0e00dbbcff8b1d,1193118848
4f5de1bc90694fedd216ef40,1407390208
8fa4be9ac1ef719dda1f96bf,392239296
3db3b80a902c10004cd3a3d5,1213579520
bf02fad806fde4e3575e75c7,802300608
edd2afd07fa1305fc3126078,441740704
bd5d2030639ef16370cca032,681142016
87e74ed42a2c8c97f7bdd239,1682846592
d1c6037d0750bcfe47d425a5,724487744
763c9a528d0f99f34e5b0031,626534208
8b674605311d296990ec72e7,478695520
d7cc3d199e538258fcc83f75,933379264
ec6ffe86e9ece6fc03556ea5,692768128
9762ecd72557ad6728274e1d,727083520
49a2d111903c77053d44573f,526123680
d06ab7503c6deaf9cd405f66,826569792
23e7dd821ec2601ee2c6e353,1205755264
81519727c7ad9f60d2c5f224,1411949184
a4a5b6a844c14b4eca92dc49,1205755264
7e647c5e0a7d95ce87cfc8fd,1482621952
7a1bca1ed03e7cd0e277fb95,481553920
03eb8da7205428e61bfb2845,594424512
82780776619be0eade3d72ef,670824000
4c03afca943c3f2484b8db6f,442018848
85d731901b48348f57932240,1153866368
739de8928aab4ec77a1ecb0b,640770752
7f45d3809b08bb32a45139f8,639024576
cd14f8aa1613d754221c4735,1043105984
537a9a2dd0ace0d0131722a1,965543616
2d4a781f969a4fa2a4f04a7a,956944256
e3676f99542f27c9037fca29,1088233600
bb33aa4f1a7732fc8ef19039,808796288
9f11661702873852a3d65ed6,453925280
d7f22a4e6daa572583e02640,351195200
f6ce37c42fad91fce47758aa,367189728
f57cab248d2d832725d78135,387015104
9d73758bf7569cab4837e49c,892843072
322bad590ae06fb48f80c533,407438432
5a7b67d4c79ecd83b7ab66e9,1301965824
8dfd846e6df9a040ae1188b7,435652480
44a587fc89d6b6489157ff49,1278019968
f9ce5b7edb104d4e8407a344,463372576
73786d11f1fa714aaa9f1f90,1033740096
cc72295ef156cb2d60d6b10f,855112064
c9851396352bfeb05fbd7580,1136745600
b3561144c745ae3d329dfe1e,570048512
7ccaf332cf87e07b38b340d9,1192943232
d63fe229354bef8b02b4a934,770021760
2e0a8235637e98dfea862909,962865472
0a1b14f320e330b405b27a6b,1048195776
db41266d7b500a6daead96cc,513590688
364b8b8759e3c408c4005021,358212960
73bcd7efb7a25587bb1c31ff,684810240
17060f24d81fe2661c7628c9,1188925568
98318f22c00ab335d8aa23c0,536804064
c926feb307c493aea729001d,359612608
58d92e8a26589e37b7123716,371628032
54d11dce9374378326f7ac62,429811648
8e79eebcff019c3362a76a26,854562496
02cb957c3db9ded3691a9004,1225673728
561689dc0f267cc5011ede3a,1091339776
1533da89d388196f19e2c5a3,1245919360
069ddc5d1f3c855e6498ac50,490832544
d3aee2a35856634eb710efa9,816430976
4bad966abb5e8c4121ec69fc,638741376
f059e39d22124eb9e7e8e20c,875210816
3360f48c1ec30dd1c3175101,688511744
2218c6bddc994984cdc6e567,527480224
c2a9b4b389ae6f20140e21eb,1614498176
d135cfa351ed6abe4ec2033b,615042432
668e5bdda1f4011578534f54,1447401600
d2aa3386ae240d7387424e07,525003840
e4f2ec7e2f4389c1efa52c0f,228301936
d4f90a6b73b1e179d3f8eb70,179058928
5738bc8873b341bf92ece0db,753562432
2906d21b1d96a1ec43bab50b,1273736064
4e1bfbbd8689a95fc97fabdd,774176192
78410b0193dc989de2d24da3,1262473856
fd7f194d9929a6f28ea57cf4,885788480
5e7ac1ffc0886c27471d1a54,798506560
879d9e3b4ef9063de41ddaed,547234368
4bf620c6c6d4c916bea70e81,1118255360
573bf87f57db6e037aeb94b1,1114233216
3ff7b739ce65f0b3066806ba,1112601728
a456f85bbae3f189ff424e8f,713823552
6683685692e955a8ff172c89,1037480256
82e1ae440b386c7da3a580be,1205826304
efd178c4aaf3fc9d05b8dbdb,601057408
55ea155410b001104518e992,479118944
32a10e550bf7095627d17da3,684414976
823124264778e5ed64d8664d,727180864
fb01d990afd25ef96ed048da,1336177792
df22426db407f4c660681c7f,1091695360
44fab96fa2ea501e0b94548d,1185603712
871204bd1b3505acfa632954,1664434816
3d63320260d150d134fe8648,805604736
b8b9b90d5721a9ed5e72b328,850330048
926d12cfe05643554837664c,416505696
cfba6db03f0e38d1aa0802a7,526040224
97b12012ece8a740944aa547,914127680
8de317591cefdbc375a41483,463525440
46d34fc9a8edcc199a537b30,876905344
262e3b4091dfa6b71af020ea,1493554432
396761edaa353e0828949bbb,497616928
8c18d3417886c150136a03ba,572162880
f053d3918234bad409410755,854021824
8f5444b81998e52ad76b3ddc,937637632
0daf89cf494e0f40a94d3e5c,1010490304
dd8c289ec872be3fe3352313,981512000
f02f6c5b97b8e3cc5d5a74dd,867796032
5f39cf56c4e1bd43f61ecde4,1384135424
5e187b07578d582ff3d8e189,1065412864
bd018b302f732baecd085ff0,1488868864
674cccf4c7772d6091166aae,894643840
38e84c560b0455548ce186e4,1393758592
d14173913bf5ed21e3ab50fb,115081432
cb8844cf2070d8697bcccf27,474467584
6b44648a905e7f4c0de6c855,558411392
148aedc984c7f6831c7f9601,758744704
ff9d1cf7bd90c5e47a0bba3f,512938624
9353136b0c791bec58f93ad2,472119584
de2137c70bacfd5087bc5c68,507170272
12bf6b9badebc2902cc11c62,524104256
c0706c78d5d98202dc24e46b,1102697728
4394a27b21889bf78927ddf8,369620224
0ebbe9d3831727f90d677ed0,1498826368
caec584b5b6998684bbc6a70,824785408
0c302f1c924f8efe0b6bb58e,684810240
e056ada7a37336bbe878f38b,1139180416
905cea21c0ce1cae97fe86ab,1084934272
e286b12e5aa7929334322842,962527296
6cd4e68300a8bafb9d22700d,838345088
39124b1ec419566a371af8d4,1362412672
6110b5bf07cf38c437c7ca8a,1264846976
6f8a22e4dd21f44bc6d383af,1761543040
71eebcb108c4828b8bd5b84a,160107808
5d61946d53efdd9bd0af140b,1045584000
c0620585c12f3d9f1298696f,702256896
d27283e3c941f8fc256c3f4f,1231751424
2acc857ede19953734600dcd,558132544
32474481a0f8af34a4edfec9,417653856
6720db016112cd2a4a5e0358,581627328
959d0cba47f650933b9a5168,1305928704
32d2c5f1707b00c93407a19a,405413536
0ffdec8eb5272d9fe4775251,552082176
c77d7a08d5b9abd4d3082fb5,619977856
a3021c7c465dfdd38cda9f9c,964416576
aa24974831a0c608635bbcea,1252912128
eeca3f5c399785a1cf15b1c6,819327680
0b51fb3a65a86d7799f27264,332729920
1af16b7f14dc04f05edf71ea,461354208
e0d7e4dffa0f3dbc40c7da53,555482112
cfeb42023e2737491b3e4283,1373294848
dd4e23681e00fa1cb9a679a1,454462272
153c89081fd85dcc66a02421,694456960
f25b2ce0d988bf5490fd780a,346444704
8700c9b62ff5a5c3394b0bd8,565539776
a53b105919c7b46c0cc1b003,641646144
1c835128915211131bc561ab,328871552
a0c6e0c6fe41e32b3bcb2b26,1107258368
4eff2f2297ce85a0a3964d2c,1078302336
57062f248424c47282d3da30,972873024
99e860bbf3033ee4654d393b,953484416
db8912c5c5e5e49431b2c85c,627928768
3151daf55106dd159f27a8b6,473546304
3e8a4318d93b1fed4c48f48d,979276352
4c8ca73cb51a58933de61f0b,618014592
925754da6fea9c9cdc06e18e,930546432
05119815bd72ced29391ba87,1445274496
aae7cca10bd7f041c8e02d23,595794112
4890edc33a555cbbac71795c,1146140672
902fbbf9f5037be8759775a7,987961088
d013a0e910b1fe2e3913af7a,998759360
9c38b9798313a3091d13b340,1228275072
f04d3ee8b175c8f2f30f4f39,990951040
f0f883c45e8470e74280e8ca,904155968
af820361d5f20198bacf839c,497047808
01636da0aa2bc223af023a13,592252416
cdef6e87c007bcd9b4efa9fa,1403542144
1d45332e2f04df18cdac590c,365475200
db3dae76fed5fdbed29862fe,945813952
f36a379e0149d4800e793001,746121344
30d2ac3ecb8150e4d4339d1a,1109719552
7f78955c480d050f2c8ae3c9,704896384
cb1dcee1f4ede0877be1ad15,879832768
a32d2c51f2bd5f23bb519d12,898039232
bcac2a4cacf13a91805557c1,359041728
a21afcc258e50a538dfd43ed,489499264
7202b83b651382e2630359c3,369620224
77d6855eb6a30d268e49eb1a,916862592
204ddf6ba4822d55ba80f713,466400672
e0587d29cb717f725e991ef3,939021696
c606665f3a3f70ef61fa5cf0,872650304
44412a9e16b2824c4a520a72,757428992
313abf19d78b719cce4b3188,700041600
99ad7b36c3c916393e951507,778020032
c34c2aabac06323fa180b24b,492747712
37f39916813a58b844e17833,966706752
6ab7f97fb9880e48fab16a1a,711421504
0e6c74a0056ee94b10bfa86a,763583744
7fdbc3fed9c9607e6d01e958,828835712
01018b9796a105be650ec802,1065871936
16ede6f8833a93677d05a131,773146944
0a53b0b7c365879a6d2cce39,1068911296
a293de027279019418c070b5,207153456
973ab56a202e039f5ef37353,453726880
3e18c851788fa8724ca8b7cb,455312224
0a4b0a004c894654663bdcdb,758644928
55d4b530b881abfce2d03e56,1574580480
405bc08707001684d19f6edd,890355008
dffa1057472b06bfc0fa7a66,1381810176
d061615fcc6355d79665f9a6,890627264
6cd96d73fc58b1502bc6ead8,825630912
db78a3ce9c6f6a7f4ecc6853,675756160
1498ce1c1bbe2e89b84a4a45,1460166656
3035d7ea4b71d204b588dccf,847593216
2b8e9560dd58d880dbe77c61,1045584000
e8948741a987cbb3759b7a44,1177131264
20718780218eac9668776956,699234176
c0a9e3f5c57cfbb4aa9b2357,1301725824
5e9e9339fe1c3a06470cf7c6,792052288
f852e0f3fb8563ea6918164f,1758277248
e38b4072ff8b856487864f31,1035159552
8cfa1121fc87d9483ec63611,1293099008
1a805101f78cbb783e6f919d,669783488
98502628de3c4fd3905000a7,530875488
ff7ebaf86962fd0ab6ff41f3,624737408
69442123283ab024a911506e,1188827264
ce6e91b53465250effacca98,1442125824
5d42f42059617a5ca7ff3a32,432812896
01edceb6c5afc2af1e129e86,354037600
fdad0c86eb89fe93633c8571,703539904
831725656d9df81b63c0ae38,675062976
d1f8eacef9bb4d300d086837,1784244096
3b6d88f864f6c1759f957c73,1859445760
5a38f908d8d75c5810280e12,484312160
c7c835349181bd3f0d964eca,1606734080
edd4d560363f7575aee42d39,1126949888
8f3924eb214f5194d21499b2,956944256
466c542d7825d36d18a86486,783521408
0b71d334a6db66cf6f1a8eb1,777977984
7a91cfb02df63e4396b15aeb,502791904
6140125d2a94efe499a6941d,946177344
080df3efe1fe81f97e74c4c9,882496640
e148c2b109eecef0175b3c5d,688547520
40aaf6665b489033ba0e55b5,1344661888
05498e49d0b875ae6aaddd83,505904704
397d0f6319465fd7fea6f710,1332722816
7e6d8c4742b38854d819696b,889684608
9a8d13d56d677379ebf9a347,1159147904
06bbc353bf62fda3b3786fd0,736284096
09fd7896d5445f422892b196,753641536
57c63e412f3fceedd3a7e698,509658336
32cb6246cd94f962f780a1fa,702760512
b0f9bfd521802b0d2586300b,743896128
2a99204f0a53c4a4d0a2393f,739970240
7651626df0e2e3119b801466,666415872
59e48259a076518d929f5db8,337738080
e7b721ed96269bb195906bae,337885728
61c3c304eb8a06b5a483efd9,1053149248
3c26b2954be250bfe239db68,288920032
0df87025a6351b435958ce95,1492714240
df82719238ea0e102c282c09,610063360
57c74f7b9bc5e33cc823439f,958414912
4195a9d13c0a526d7cc959f8,1807274112
0d00fdc440d7612434a6b91f,837484672
0c91369119a06c40623afbb4,655429184
5a6b30b4d33e068d421bc2a1,853183296
f4beded3c5ed9fd6cd5177c0,721854272
95e561c7292d64305a2cf4f9,945874688
67138978493b84ff42daad45,698303424
7da10de45c866c7d066d2586,540467136
3c3cc027fb179e91a46f11f4,624933824
df3ada98307fc85428022d00,753993856
e029c89d59f2caf4af4bd908,804509760
105d05ab3d5334b976e448e5,903377664
253fe7aef58ea97fefef922a,600250048
43e11f10650837933261fa7e,516901824
b111b17ae1fc17e3491b7a5b,617397696
63e1ff737ea11ec607ecee08,800155712
ae703276c49b6a6a9c39770f,1705392000
799bc0f95ef9a23fc16bb1d4,1911424896
bb9fe73a8742dec9b2e79135,1124035072
a9b3d963a14c2c7435f30fbf,1302377984
7a48bc2c3f4aad08dc7fd5a8,288071904
7621f476bc8040270958de6e,561650432
c49644baf8dc51d3f76d7e7c,1805965568
8c107da7487ed0cd409f4daa,936215936
1bc8874a13914055c2759a35,438740928
fcfd6f08490be39064aae41c,570593280
23178c72b063ecbaaa04b37a,805414784
10bf1c2d1124f6d8f8b9497b,1224412288
c29b30cc5db2ffc273e4cb14,504655040
f7d11c2601959921f536f804,684810240
acbb07a2c7a0e39c0102b3a1,946297984
844e127aa7802cdf75db074c,1306032768
e2d88f49873bbcc5476f4ff5,1241125248
42aa1e6f6b8220a63fe165b2,940787968
ab1c43d6fc4f08e315e322d7,1306687616
9299c976b1afe4d2c0bf351e,970231872
cd62ad28163c8df131a8f2fb,691334208
e5e06913ec3c851340d7c91a,455836992
d9b46a34e48e04b5a3e026cc,398107264
782a6028457ec55d4fd5189e,778020032
11a905e4e01e7d15d35cbb82,639024576
3b3e423e248b23090a2897ee,420347392
5915093d458d4b6589e86f59,447705056
3d162a854aa05447e2cae0c0,1319814016
662a3e343a7e207ecc09d6b7,675756160
289db1292d4ee40a1ed6e518,956944256
d43d2bda7b6e4d5177c0d032,945718144
b57ebf09cc691bcf009ef115,1107088256
21f5bac85d5eec57acf501ef,988929280
2fa288389b3031d595973793,1104946816
c900d19cade1443983274ac4,1095006848
67bd5b20df7f2a9cf4e04358,217466640
e111bda6d24089dac82907ad,572141248
7910ac9782a1a315f68799c4,374353920
ee786b818284cb382c755e9d,1189051008
f9b0a27bd3619ae88ffe5455,1252198272
ad1c32cf75ffbcfc842e3959,83989440
5648633b1f92de1ddaa7e7ab,942686592
1ba481abe0d3890c42884d97,217466640
ce60e2ce2a420052e67564d2,936215936
87e1b1170c163689d60bcd09,748771776
bb4c7900162be66534d17541,618469504
68340674853f0ea101e32b46,1183715200
d10f89691119d4a4a2c1e650,1676025984
d414907e75a1c105ad2b74d1,250125504
c9b6d3bce20b7f528fff8123,302660640
be1695a7b8d3dc68c9887abc,410924736
debd60afab03fd1552719270,862533056
de060e07dfb0a5494c5550a3,319071168
3d6815fb68ce959cb95e225e,928675008
d93f6d8fe212ee3c0f7cca95,683410368
1ac702e7c265717b34419fe7,962946432
a157596804522e03efabce48,810436544
069c529aaef7d7e0774c4a66,1088435712
0669fb98aed75d79f8decb7f,900365952
7057326ac489bcc17d580883,599135680
e3d6fe5d97bf4fe851aee9d3,780850368
f80b20e0649dcf1c16003255,916267520
364256d0881131148655e006,549565568
0f9c26956bfe983c8c7fc227,1600733696
9756b47e9dd47f99dbb23115,1438362112
27d413eab7b562b984c5a682,972784256
ad17072ff24e0fc0e61963b4,1241125248
473a59415b6214218a15e363,1162785280
ef72df5586ad0cbe59e36e07,1235430400
9129b78a741bf5e24df5379d,526282080
964734d3430de94d22c927cc,587260416
530b25326f39c347a35a8caa,596809536
482f57e65a3f4c6792775a05,339177408
738e86beb569a7bf51fbe199,297464896
c5788cd5507c577b7b585ffa,307874464
be164f9025f346390b986668,367758976
ea2efa1a857332559120b823,886477888
f3dd24a17ea51b7a2b0f037e,945198656
7aa8d04246d3e84e5ac470bc,870355008
6361330195fa7cdc6d5c603b,1060853120
6820ee22d6fafc9c030cb286,1402080256
472601b5b5719855ae3528af,1345559808
3ce2c7f1ee7569e1b916cddc,790765056
afb03f7cea99023ecea7610a,530918304
404364fe956884368e2f8300,1735675264
c658639b590415bc6ea44119,443563776
42f1a529f5ff3a6371dccea5,608788160
e2e4641b20d81a90033a536a,1045602176
253b34c2c5ce15cbd8b5826d,770021760
86ff8f274b698e7757ced1af,1570718080
c4aef1d92cf264c548ef1f2f,478487840
e8603da6012c2116a70176b7,768496064
52b52aced4853a3e3d7fa058,715838400
7d9a9c3b4442efdb53c24448,654543360
a7bacd6f783756c9e7cdc068,428378336
68a00651ead62911f850cacd,508252736
1e7e26077db3bca2821a9b45,412629280
8aa21f48a83be25f924f85c7,639024576
48107a1dd2a3b027637f250a,730064320
6bbb24fd1b9df3df4e939fc3,413526656
aa45f8fda8801c3b4923f4b6,1205674368
ce164af02f76ab3a68b0f980,600250048
c32249c7c0819b1a29fd611b,714317312
f8d4ec209ad5fa5ba4a68e56,494040800
cc03087e0f18d59c521b6ce2,1035664192
fa631a714774fc22ca15ec10,776003200
c310efec13e312442f7e1a01,802539072
534466a857d28dcc598e3a49,946916096
4a81bdc14b5bcc4c84f5ce4b,631041600
79ac12d8436c07b620190b9c,1043335872
f69962045e9aea6b8200888c,835532352
9752758072e096fce6f7f4cf,449791520
56fc1855dc6375dee0506133,662929984
2fc19f73fb877ed8b88a5250,483597248
63a25d279fc5a9e8fc1dfae3,393043712
71978c139faf2a251db6ff5e,248294000
f4dc67569fd340be3dc592d5,512965728
0b829c23806ff01a0c84e9a9,885788480
a23ff4d1b2e24f537a75242e,644794880
3a103803cf9cf0451582d89f,434773888
eff8b3fe996b6d7db10b0263,804777920
9d53330b44c300e396cdb402,907331008
301b5da33d32c0632b16e8a8,1162785280
357e653c4bea02df1b08c62a,892230848
9af17837ac2bbe7c8ba16e0f,718920384
246576e24f66d495fe0d509b,561650432
cb70f4993947b640317a07b9,806454592
949292b23ece12b655122038,229949392
4bdff22689954e5b1e575d30,608990848
7c69d43fe2488db51e6c8da3,427194112
6f543782174a964402b64de4,831516352
a59e7f0e0596ea6633781335,645187264
767ae7de1818d645a33749e2,1450562304
e667133c29f90c8fbf30ede7,946177344
3fcacd1cf9770a2724a5fb01,805664256
601193433c99337fe806b158,519773824
42c282041583e6e2090b50f2,1373420160
3bc80c56871193dd782696d3,626534208
bee9de3e2817bdd591c02897,480865728
0f761aab549e7f6bc025ab0f,945874688
3b9971f91bbe4b8dcc704ba0,1177264896
8f428b58a5189effe993ca4b,411604032
0af466463f2cf50d61315da4,1400138368
1a486877c62f2aced41a2ca0,1101582208
c9fdc3f80534b32f1a75f530,692075392
97419310c7e696dc8ca61f7e,857604928
49d9cb2bcc98d69222b03165,782706880
99fa9611d644cf325e20e603,1527100288
976d317efade1dd77ef3687c,568211328
b9bd63208716e4e0f2dedceb,218467616
834263730047f308d71d4d8c,534660352
d6bf8bfc752bf4580e99794f,682763392
58bc2b0acdb0702732894fa9,401316480
c3b8b774037044a2524913a6,654543360
eb339d562b72b3bf51073cc1,427033120
c8244d916b0110b1acbd38ac,1224295040
65bb6acd9be0f8d95fbc722f,927436928
5644b84ee2edcf7267b2189c,770663872
22eb737351bd0958d3e60efe,836648768
0e2a5d040f6361adb9927388,1241125248
be9f5ade682aa1fced79b068,634948480
8445e5cf42307960535a3b11,1324060416
1b002164d34a71bd06e0445b,848053376
c80f897787541816ad63bc17,612609408
673c72783eb4f9a02c511b83,1167803648
3b29177e99201cf4eaae612a,1250480512
91c5967cc1acb3f108d6e0f1,502322368
334b5b9fc68a18387ae59ebf,436230752
c9d096d4353b8eb843e793d1,608990848
92cade7b5347d1c00a48a1fc,1232197632
1d4bbb5b756033b4be28643a,1290716032
e1eb183eb261b6de96e20a56,1394485120
7ea8da3b1481993b14bed9d4,491088000
78bb43910ad6ed105610d9dd,1310500736
32c1f617f2b1f537ef703712,1199718016
a7e6d3c76bb5507e00ccb501,1182621824
6c75d7867807d942c975079f,1031889920
e9182661e36239f091259232,449525792
c926ee21c2bd9da7da193514,474829152
27bcae7ffb9f79b8f59fe1c3,877510336
6cda1a7622d5577c0056ba40,1241125248
67c945ee31cf1fa0a874e4a6,718071104
5a8638c17d14ec4f6d447b8c,223482448
82bef17c2a4db1f6dc6eaf01,480567264
09dcdf0b8b37c1d537b9fcf8,1271096704
2cc9f2411f98d0fd41511211,742780992
aa1eaa63043c5c29ab6a1323,549920000
35b03ab66c19ba2049ddb9a4,947443008
90470cdcdd2b813b39f28ab3,377193024
ba187eee3858263fa664812a,373786272
c06a1d212fed896b6ee4e1c5,544796160
8a8c8f5aa68c4e530d62776d,1017449472
662a221bbbd961c285069c49,786887808
ee796b35e39c7beb6aee2b49,1162785280
53de17a986d62a44d7897200,1038783616
68925fb9f8f0c84fa0ffa9fb,1338269184
6a6d4f8251ff961609019ddf,486591392
3477646f548971044f8f0494,479212288
c82434222f4129168fa82e5b,635480256
4c00508300f40d74c79f2596,456840672
27bebaf73dff207d7f6829e2,682930560
d0ba7b90f6ba3392a165b46a,1471497600
61974f593c799e5d5090c067,775428544
c08b016afc6a07105d7703a2,551609728
011c2017b63235bf0ed3f241,953209152
7f73a8e83d41ea252ad61197,526864640
0c25a552c34e114a1780739a,312206368
21e96ca8dbe2f12b55723335,639024576
30f6404e8034dbd513aa8a30,404456288
f2fce80439462bb9231d7fba,347472352
40d5384e2e8f8fef2032928a,492882080
95f17e64d2222c904a7d42cc,565977152
59374f70d5e7da97e3b8b35f,1246705792
ba30cf03fbfb0e36e5d415bf,1421281024
c2424b4861f2ef50f8876c0c,493251072
e7def7d0999433ad6d3ea412,1403542144
7f1a4e79fa92196101baa7eb,1356928256
37e0fe114a3c7406daa57443,536804064
897c0578bdc8d59843bcbe38,370488320
7e554b821e6955ab259a25f3,558132544
23b0d67dc2a0ae6e5ebc9eee,702256896
d43f045d046fbc8f5ecf465e,830220800
498d632cf0868a8e641cecb2,393043712
6b9bba3c6afa1f999a9429bd,392277952
12db154d9d29cafa574ad387,476972000
61779f1bec05260cf10a0d2b,830220800
986defbe9082519824ebc882,681083072
f72992cff50931d2e19b3ccd,885788480
0e2d6e5882fd3b4eeb9ef286,857942400
9702737c9e4ecb12d0f9ea5c,885788480
c36cf907ee28017eb1b40674,825073728
a7ad9c8b5bae531abf68f8d0,885788480
6f3dd53b0935c9593a301bdc,599727040
11f8f836e5626605ee4b41c6,968460672
16fe92ffdb7e1aeefcde80f4,1003755136
c1eace64bd2c9f6bea289c4b,1045584000
fc2ac43013ba8ab17da28041,1241125248
5e6b54654c98c2517c2e31d7,632403584
f0e8b39d2e4644dade9d8954,1241125248
22796587bee45b8f64ee6e44,1241125248
dc8c76f5b3977f90839918b0,1241125248
27663c0e271e26dfdbf4d289,1337644416
2fc96ec5fb2c8dec0a5b09ab,632403584
49d42ab711abd95fb5947c0d,1162785280
b8984fe54819f5fcc43860fd,571740800
8d3f4ec0c37443eb3f953584,1384903296
001dbdd202e9908ee42713a8,1173712000
fc5f41aad1b4bdcbd8298037,879770240
34926bd7f9880e277e75a447,727248320
00eb120ba4410ed8efa24a8e,884033728
eb0c6a8231b38b2a1e1f789a,1324007680
0f059b39ca45bbbcb996fa45,1068432960
06a5364639452a9d663a2dbc,503193888
cd19dcd4aff76caaa1cffe54,639024576
7272c3521b7083038ff0a690,610063360
a480b654e1b8b7134091e613,1549597824
ba24834c9fb0e87c4ea7d1a0,916349184
ac46e3eb688cb1cb17da2545,707283392
3053732169b2260529f90133,580553344
ab0c047373b5d1810fe42bd9,697973632
698383c101fb784f8e1b1ee6,736775104
1b09c89b546d0058cb09c1a9,1153158272
64edef308b6a9805f0846cbc,1410778880
995a5799d9a1a7e4dfe4fe34,1594838400
d4f1fcd4c20dec55e977720a,1819741824
21264b5a73fd27b85a4e2654,312379776
d464858ed94a1a74948f479a,730968896
dc420bf2dd1759b7f281cfa6,1424746240
0a268e25a5f3a0bfd8898a40,489726496
a3460f00d48816ef66e3acc3,478085248
9559637fc2bdf96defd2438d,687315840
421db6a58670e53f563eb9ad,695813952
7b6322fd5810990820167a23,497450784
17fbebdfe6bc0618ecdd247c,975834944
00f2621035b1969d53f03fca,1180587904
e97c998a6a0709605432ccb1,385861664
39e306be57a992bcc75e089a,622127168
55d0225b44a81e82eea3efcf,1200405888
c7c5ee499c712082931032a4,1541375104
f15f48d4cf4f85a3cd68dfa3,608536128
01db5867a69f8ea7849d69e8,1566597120
7c29fc3861c9f074e3a89449,660534080
5ae2fec22f535ec2490174c5,342393408
a6731fb85da65ce14468341e,641968064
4e327acca2e033c3fb305c5d,694142272
37b8e8a194e4f2fed7ddcd96,785779776
a8dc954142c54e570bccdca5,626446720
b427d767b071c3e5ac2a078c,339504320
a9407f510e67bdb27ad59b46,615179328
ba7120c89c8de0e57e30646d,1036734784
4f5bc448658287ffb3d49b75,559851648
758d9f47824eb74d1b486024,972713728
84fb7e582456d7409f27cd2a,948906496
0a6ade3bea1768aab76680ed,1605327616
f6e74a4b1e026352e5759b2e,684810240
639b98d0798b5670e7bb2569,1572445312
32ecec7d5c47d02969368779,394214240
cac82fdc4d960947bbc590c8,812693952
c2b880a6bc90cdef9dac52ca,834026048
dd8eff6162c32ecbc6972509,385784096
6e2f79cf68ac0ba2b1a6b0c4,1896279680
a904fab9fa4f41a11f673fd9,863267072
bf11c5dfcb321e020601e9ba,939265024
488cdcddd0938ad0205ab8f0,1496059776
b92929668e884453d3a0d633,492465984
09eeb116cb0944a28742d282,993524480
c16e9d9444f85bdfade710a0,1308796160
c15cecbbe717e72f09a84271,1183196416
0bbd23df46a4ea4e4734b680,1303715072
de28e62bd01870dfceb5d78b,885788480
92c4faf0ba1fbac44db6d1c8,1497080448
91892eac5e9565b12b2a99f7,550785856
ba72421716765ef6aad9b4cd,1213757824
a99df3a2cd4f2346c6e903dc,163900240
59a3b1a44c35ed4936cf7843,807652544
cd74b689350ef612ddf1b96a,460267616
5664cfe452394ff9376bcc8b,416222848
d4c6dda51fa949743a46e835,420347392
b7f47484bbd8113c62cc8c1f,599036736
d4dfddb6564c9f46b26e7aab,621567808
aab240140aa4b6602234d88e,514771712
29671ce02e285f69afeb3fc2,1527721472
5cd742ea274b4a8832114080,678863552
c876ed979c9127674000b740,1151795072
45269f56121b796d0392e2da,1215695488
e981d4fb3a33f372ac26901d,1885464960
2f13a428281ffc425f2c2e38,485800608
407e4196114b64578beac143,517173792
342027b17940a0cc5cdbf8d9,1123300992
dad2bbb0fe138e426000a33e,583532608
e77da26aa7ecdab5505fab60,1378896512
8fddeb4ca696706f6cbe573b,1584514304
fe368a7d2e09fe88b1b972e4,392761664
6fcea2c6b9e39576e10581ea,611767296
91d35b9421c4982b54dd520a,849502656
eecc82010ce9803ebea6dc75,305633856
b957548768ef014088a61b5a,197294272
5790e4cf8102dba35e184ca1,605208832
cbab68c32d78424452249d9d,1012725312
4e0b293ec3d5eda7d9fcf8b6,599135680
1f8742e662666147955c9872,759942912
aad38b9f22ccf36b0fba4e7c,785180736
44e9224b9735235fc7271672,587048704
b61e9e4f3a2e894932b58ed6,641901824
2b36d2ed79caaccd687f2ab0,285952032
7bdd64032a4f011bd4fe7df6,904573504
0890a0d20f33b9af2bfe488b,583723584
ea7c9e327eab66ca286f6726,822395584
98510008e150296ca9d27d0f,760217536
41abd8a2cbca609cf868f227,854966720
83196bef0e5dc6c981bc57a9,1241125248
20289e986c1959f0c83a6a4b,903286144
fb39ca089d05381b3a7ba847,180621696
d2da963bf6c2f6fe724be23c,1854239616
670f7dfbe2eba87e55176257,1402565120
469b33a6f153ec334b6123d7,467138400
c38ce4f3763795c61efee6f3,580385536
8553a05c2b30be81c64a6295,1464890880
d8b3a1d0cffc913ebd05b931,1451430272
f0fb8232343d235741a20586,1464890880
887d749eeaaae288b2818b86,412390432
126f4d890004b8035a7de091,1527721472
7d157359b413e107f5f9cfd6,620619840
65010e340fa495d060e32f7d,665953856
8164023f628f550f322aad61,1687867904
8c2423c14aefa13d255fa77b,526463840
e9772a54bc6638c723dcebdc,878294592
171149ef76fe0a2074c5bf69,827796928
96448fa0eb077563a2d168ca,478646688
3bf1bea2a835d7fd11e47ce8,330897568
2f4b0b1b81c792f43f4ccd5c,330897568
086540702ba0876c0c05c5d5,1341918592
57d17db2cc5ce1aa889f1f50,1010608320
3b6cedd9966332f0722208cf,704647552
351a3e1b62cd51d46913a8eb,763336704
33b702ced6de5f7ab8b29e7a,748479424
e0e6852c6d6393d6d3719131,1345854336
bf5e687721e030639ec81416,654543360
314479aa7b73ef6ef44e1c89,571926976
822896f609e7761b58e7f6e7,639024576
5b6f21752f3744ec6e529d74,965543616
5d91dd63b6aef851e0c78389,640770752
0a369278a1ef6f5e9d79e2e3,566699840
7523e95fc2afaf31bcf30979,1312403328
cb9de5719b978a78c71db699,956944256
af8c90983a23ee15c72b8e22,1545841280
e35d8f589e6b1909f5e4132b,984091264
ecaa5e38ff6cddc14942eb7a,830082624
d2eeec3fb1ee4d686758534e,1658079232
e97d03ef9638c8e1d270ed2a,448836896
cbd78f55af1db4d89b53b496,256849120
1b2fa2ee5927660313569617,754360704
f7f00e13da4910d724aba4f6,545488640
9a6b77dc2c414f0baa11effc,445977152
bd4d0b8799fa5999c5d2ee3c,1545128576
bd6b68abb113370c35786557,1111625600
4da8ef54252a92d9cc62c174,752203520
38d6c2a9beac610279bc110f,600560896
32e6518755191bef743b28f6,1577884672
4fd8d01a5c3abb90ad70cbe6,1240221056
5d9f8f380a6434096a0cd906,861711040
724c854b1a991f060701d005,-68037896
1bd78ecec17b584e827dd0f9,528574720
7e6f68184d84e09cc9ebc09f,927323264
c0174ef555bfdd648acf4346,405605984
6463505a740324c7aa869d79,751099648
f239b7fe0de40d208c01c45d,672143936
bd98add659faedc1820f96a0,596809536
ad662354d28a9b2d65f537f7,1534580992
8e8852450fd5556f748c98cf,1020591232
8fd5b95f5808b4676043de35,614762880
73a23c9d154fec88d396d2a8,1485782144
374ca1a16b8eba42b35374ac,507878208
ff058f978e97c389e7a31f6b,598070336
9d7f2c004fd359136a662c9c,618688256
2cc0129b386acf9cdfa4eeb3,1072493632
c139bf6b72a93a73155e1f5b,599879104
0c017cf9740cb67d530267d0,660725184
44ff213b9cfb3604b7e4b66f,872782592
a09c957598e6cde56cdba03c,922349120
c846d5698bb295697186555d,618056960
a84cafc064a35cc0ad698009,895813696
ecda0d714f52da919223a520,793260352
b9398d6bec5cc44fa39b8bdc,771782784
79d230806fbfe96368b83dbf,1243553920
a28b1d82d3f7dbf8746d5742,1350961792
a6555836840c7dd496ba9094,708126528
83ce7c2d2823f888f2e06ea8,1572033408
631f4c509de8dd64f1c400db,1040714816
2afd31619c21dc537e4797ca,807240704
0be57099d9c3ad8a16984861,846410304
ff29f12bbd7ac4b860909966,1031670464
d955edf16ddb9d3f59501a9f,1859763200
96298da2f44ca873f345867b,590131328
e6396355c1249c6290906b78,1243761920
39f9f736d802b166ed688224,1101582208
38a0fcb41f0dbe8b0ef7af8f,684810240
79b955adf84fb2c52381921a,736996928
e335b8464a61ea0781f7928d,1097425664
71a929d79a6cccbce6ac5d79,1423667840
41454361857cf70c44e1f5ac,124350856
a16ca6293e2ee2969f3334c5,1117983360
4083248d3d2f2bbf9589b971,1404859648
de630da5e1c9e27bfd94efcb,1163483008
f2a4f5010f3da37e27505ece,639024576
53647abd1d1b10c9226eac73,400927264
e51873d6421addab3b539dd4,509551456
be8fbefb8e06fe169237d4bd,788912064
257c889187ad5de900a430c9,885788480
3198c4acc62c1a2276bf15de,652962944
b22350d505b87dffaae3a5e2,639608000
49ad389014995f0187edf726,355143584
025d96090a8e5bd6f786e9b6,765926912
4a7156189e1f06b0fe87a7fc,639344448
e91425bd357561183b935d27,639344448
c9d996f458794961d9957c1d,639344448
084de965e32a2a65bd3aff5f,639344448
880bd21afee7038459b5847e,592882880
2dba091723891d8907905a74,1165344384
a39f9fd2f143b8ce1f7e1277,639344448
37050aba3553f3869d59f809,1152446336
35a39cf33d16f8f5ff75fd6c,514528224
7c463a59e7d2f2b4bbd07e12,608261056
035d955df5a765531d1d0d07,807652544
be706475abdfd64aabfe45fb,639344448
bf41b26c090dbf0a19252e43,1238163840
21aa860fd839233ed8b82653,715686784
b870c8bd8f95426a7e1f9c88,639344448
c5a5676bdb1698f8c38cdcd5,251080448
3487768de3a13b7ee3df0254,1142014976
dda7a886135a1fd8106d04b8,1415409152
ee102e9d0791ee82ee4da2e8,335088672
1d4891dc27e0050efcc6c403,458963584
dc1fa8fcd0ffb8872d434dbf,911458240
2a5f727304ad67d1cd269361,1080590464
2b10af4fcbef695b327b7d0b,1442267776
516881e914708f6ea6062ad1,672220288
5a428139d5ce6bbd9505945c,950006016
38dbf1b9c5963e9c3d008340,1146577280
02c6e8c7f36a2c68851600c6,1164267904
d2684e676cae87d75dea5ea0,495645440
027947dd01dc991ffefc5082,702256896
0af13e27cfe9b8f237a9949c,622341632
32421841f7eeda76160d7959,236203792
96ad0e75433cc18f20ed83f5,470731680
b387b5eebf501a620f352504,915725504
8ed95f9bf057114664ea441c,1081144832
114318a8e5822ece53ad897c,396331904
3bdd7be0b5e18d266189d991,857179904
0d2c4bbd8a4dbeb6337b5c14,709547968
a98637742a212e332cb5d1f0,648934976
acbec9114912932b9cbaf0a3,666230784
fd81506b0a00fab1ff680b64,412629280
49e531941384af389b0aff59,1250212096
8f221efe392ba42b519e5f57,1035664192
1f33395df1e4f6a185c507cb,514883968
fa823373d2e7fc9443ebb6ff,1115515520
0a6966f19bc2c303886ca82c,730064320
15d9a0353ad54798ef95e0d3,1060556608
0d95d756b838d3a319277424,989262976
d644b23e4bce0e6e50ab9356,912215296
6dbc77ad8c5c1e39f72cd2f6,895275968
2fb5206d246ee7ab22fb8143,1205674368
f1582fc47e7b8c0eb0cc9949,947452864
8d7dd9de4e919fec5916862e,1799300352
0b67da6d74bb3998c80893f4,521604832
736d25efc9e570379d32c089,1210307328
4615a8a7af9d7cefc7fe4c4a,1330557440
8b753628bd37b9759dad06ea,1112454400
5c7c83526b72ced12a08e573,145479040
9baa578a930a94f761119fdb,1090530944
8fe1a07cbe9b8f3498cf74b0,450999136
67a7cfe6e95aa5200c064717,628379200
b7e3b0c90c0d3bfe5befec54,897700928
e6a547b2c0d126c9b6800515,1331034496
b08f88ef973c9d1c3a86695d,1098919680
5933c18b8cb17cc6e4ae91cf,1130189824
64a24372d58a2cf535c3aac0,769939392
e6f9288cdadc5851d29fabff,1365133184
71ba2f992908a5f91f832406,789644032
3af4b54bb5ee5fcff80f1e53,426127424
40d3f1f00de86e74e0304bd1,1383207040
3b758c26283c2f11251bfb89,939919424
70cb6337c8c3f5225fa80026,1299940480
0dd510aaba8036e8fd9d667a,1334038400
ef6ac2a5102d7be910a3e4c8,676290624
24c32572ca6161a603a7d0d0,271848800
c7be09a810b9e54d2dfba4b2,533146304
01a5a230e8a808d844e64397,1810487296
5ade8e9c79288d511ce1fd79,678345920
7cf50019422bc9569a985736,618181312
d4716e228067a7bb0f30aa30,1384135424
cb79e02041eddcfa9225346a,917365056
b059afb753452ba358fb432e,1152467328
fd9f78fb2d2f4d01e462bcea,944961600
6337f924f515625e7fa638a4,1235100160
3adcc2c662c8c7c9db5f0982,733262400
6b7aff233052b9bcb6b9448a,575787392
cc51811e23409f4d77995768,707217024
e3cd7b6dc0495d5109086407,1133664768
e63f468e1d9f86530d47ba4c,370508896
8bad8a7faae115ac9007b13a,880850112
d563312854016e9115d034aa,549565568
57c7684f8cd8d78909711b53,696667008
76b8190137ba3daa55db33a6,714024512
2bcc6a15181273b2fad05e3b,698109888
b998aeafe2cc93bbd96dd9fd,340009696
eb77734d12df7528af57c674,340009696
e8df85384a1f51c31015ba08,315900224
b0a03d567e287bf4cbd7bec3,707179520
dc8bc7cb687a3a42b7e7d5fb,1083145984
147de03212e554abbf3fc3b7,257424560
c09b8c236316b87a92a620b2,567269312
f5006b435fc92111d55c0603,502924928
ed70b749e030cc8715c0eba5,767312256
2a9bbd878f3f45745d76f059,743822592
503f33d11f75b6b5102ba4ad,348251872
41479709513815cf5fc1eac9,1477718528
0181972aeb6bf451012a47c6,1114233216
0b35c4a3f20cc0eb751acbac,558132544
e5de98822287c2caf8b209da,625623616
f3d82ce1c6fac06e4997f7ba,325764352
8e17d7d78e7acffdcb04d982,1065069440
f1e7a0c7804083963b5b6de6,350376928
918dbe66979d16b147bd3322,1039316480
35dedbaace193598c9c438a7,360346432
e67fa931031bed13c711ad00,322719136
eb2bbf82cb615e3227305b55,526123680
e8d83f7dcb876d5d05ae3e98,891450112
2be93bf5132bb788bf045c28,683836672
ac2b1b560e8bc4fa1deb6f87,1322339072
674ea6932fa9e6b7581479dc,703035264
4893b21db2d6aa4417e1cd1d,1049121920
2dbef742d0c59d21ad7392e3,1332576256
fc16776abc877decb82a5954,1455457408
6f84d405f419590075610c5e,911322432
52cec2691ff635031fce9507,392563360
830b1a2d33f7754b9acfdd82,1085977344
fa908c8dd43fcbe9f721c0d5,907576320
90c3b93badfe7231410e95bf,1478716288
60a495b86d6eff1e345ecb06,608447232
0468cf58f40372acb9d5fefa,1120295808
c523380518164e1e317cf1b8,1254992896
142cf530f13cbccc3cc9d0a6,929685760
e0432ecc0c1fb2b00b5435af,891450112
3af3a702988bfa0599727982,1215831552
99fad8a7877c57c0af05b318,447705056
b57250de388b7172a39dae8f,1172841472
42fa0158217c9cb820f2a06b,690026624
8fd452d3f5f1dbb3b65f5274,935923456
27881ecd655786b093349ab0,1522151936
38029a1aa22c0a5beb065edb,1322339072
6750be41e08a725705256b0c,1123482112
90bf218565cd67ed83240033,1242674688
c6a089a9bb326c22e3f3aaa7,1266519424
ede08c77d6090e0900654eff,1600733696
2f7784465c1c69c8f786a0a9,1811142656
5943151d9a76010179f6c297,101487432
82a3742862a06803242b703d,891450112
b815204eed4398e600b366ad,1601232640
11c4dba68fb47eb9c49df169,689669440
4ae7dd50c6b743bd47340f20,828237632
d81a040e22d541a74122f3c3,378323360
34c84d0a410920c303ba69f8,570068288
6b0828221f9cdf5cf39e7c15,368814400
c50d5b4e75f165eeeb2eba97,885788480
572488a9a75f64434dca5dc5,774670720
0e67ae9abf1e2b2f66a91a28,673443648
cb00154afcad81df60ee58f6,733929600
75801c34fb510d824a7d8366,264087648
98f2d7810641693c44096ada,711057024
1fb4c88bbf995f77f2f29b7e,634773440
0abc98f7ea1e477c6fe3425c,336485152
b3401023d3097815687d1160,789499904
f1ef14babbc4123c5157eb9e,675756160
ecf47573fe1ff641f6914d0a,1269518976
0ddd21dcfe89f72e2246ed79,536163936
402f18888d480f5af146daab,702256896
61b3bd442f6fc8838e2f45af,670128192
c4eccc400db2dc9627c9879f,434012192
ab38b4fae64ab90a55b5a403,720655296
7f4cdc01f9086bcee46d1d6c,1052954496
1be9d865ac8d01f0378bc148,1672682496
f2f43244cda8e2f5219f3db8,599727040
89ca905d858c7731313c82e1,1337644416
5bbd0476c27c53e2bcaf9462,1241125248
7e177acdec9c0fe684d8fe44,1026128256
b764bb8ae8ba0d736bf54f5a,324462208
75f6d6beb64d846d965fa9ef,1241125248
b5293710d0cd75f95de001f6,100811040
8b8ec04a78d3826b2c8a5754,746247168
e35579e8b9b24dcccf93abba,916862592
db5e320f51680100f1ec06f9,397973824
59be3c447844f31267366cbe,479118944
0f3b424c398a8e8b53162c37,1269618560
57f4a3f6fe2e41ad97116002,590036352
1c6038b67a40f0749a72e6cd,1147214848
e5da0e3919341762d5beed25,330379008
40efc0dc313284d3b57492f9,842547904
601da8fc375ba0b3df3b38bc,1373501824
61a12496ac1e6f39c5ac5d3b,1306232192
8635edb61b1dda6f4742cac7,1442616064
ce12b48120daa5704a4c81e2,347039872
acf4d60dad7953065b59ced3,1291036544
56e3e7d822e13838ab9f85b0,1265540608
7ea2c18341f69f21b523906c,1009153536
dd2396a42097b2e8bce52a72,802229696
41f99600339a7afc8e386e6e,666794752
b2d160f54ce5f98f46818e4d,1101067136
00dd36caffef00fcde85b235,1518874752
471bd64a0576aa67f494eb98,842491264
79e307acac5f42f2696b0436,1485495808
e65a4eec62e2a5bbfaad5565,1056458752
4845ca0d30483b36bfa55061,731879424
6784e116d96e03911e2a07f7,671427456
4184fd9a546823ff1fea0b74,1094446592
616a5485bc7721ecfcc21c70,531595520
6ff3186df9d15b65dae5bd17,453634752
886706f32695891af743f986,788568960
daeb02020f23715e663b4a38,640770752
93fa1c8ebb75b77dea76ab99,965543616
ab25a6737b3ee0c4e9cf4ae6,850235456
c5641447732d3d1269965ffb,1564129280
86b290218a62d0c51b099a08,1180587904
d7b82133acf54bd3eac338c1,1763089280
10fbecd8de540f1fe4c57b7d,318568864
137baf1609138c6ca2715c7c,278988576
f5534949a53bef05de31b07e,445427616
466d4240af2cfd09a31cf3ff,547234368
7478693f3e7e8963e95be8bb,396900256
6e537e91af0de67558bc1ee2,559911424
f5b0b51ed49be034c290efd2,645805440
a4885ce6808ffdb878c41f97,471177856
a14506a4800c27223fc34728,1527820800
e8e97b7919856f9cbb9ad02f,1097007488
e16685dae2bd3b0a4803ec9a,899226560
044b8431b186eb022cf6fc24,490743968
60de8c37c9eb96efc432451e,1427383552
59b88e154c07bb7c0ddb4e8f,1279461120
71590ac868415f3a185dc15c,883201600
6388b4cfd09e2b1219268cb2,607156992
f865cd15368fefd8c9d6aabf,832629504
ffd916080b1019827491de0b,956944256
6b8ce573bc2ee68ace26a67f,640770752
7ce704ef5752dd496a61d857,965543616
6b1a1afa055c15908a855e9e,429037216
2a9338f62c99dbad25aec5d3,717854464
c2282da3ece2dca6e8a3bca5,688843648
5e6324cfe41c3676c7d0a5da,856869888
f1a4afc2e543ce4260f1d781,1081281920
5d17daf3e98cf433267d978f,1607516672
d5f41dd3258aa346367d7725,1010457984
da35c757f211ecaab20aeb3d,1108999808
8d9cd237c737f6e62092a08e,1542281856
9dd98816533e4ca8516a5474,1373629056
27d14f352b2983177e836e3c,733262400
3dd4fa53bc59e5852f9fee98,1302665216
3ca74495aa9adbd533ccfb96,1324060416
dc93d8ca60d60a118f61390b,438632544
dd7b4c374bbbcc60bb090fe8,738148160
f925a05397ca6163230f7ad1,684810240
66a59937c54eff29ab14b474,650477632
077db8e0877b924d1b57ab1e,514771712
aebc3c6079c1a80f8b2f1c7d,1085122816
ae41a566826a10d5a6768d36,1177290496
489fca3e6dc044412d00cca1,900852672
fc2f58cc289d29fffe8a5fe0,1343866880
59519bb6d5d299ee0b767224,609986048
19921a97a52bed6c6b8f4135,696901888
ae08b7f31e69fd930ef4c832,1241125248
1b67fbd144a4a3ef40bd9824,550834624
9e142165bbde850d4379a49d,742467712
d3e971e2e224a20530ee295c,672983936
a672cd6c8c284e14913222d8,751154368
93086ab3e32aa9599708382a,731040384
63773145b1a896df26504b0d,562080192
17707d66753c1eb0aca28926,695666176
6a2d4d9a257fdfb2ead837a1,367424992
f9158cf51f5e9f644349a774,427932768
c09c39339b5bbd48f349a430,607705152
d470d84f5d8299c52fa24499,363807552
9d028997ff036c154c3fda0b,1135952384
40ce7321869b706210eda9da,536080896
3fc826461ec4648e4f7877da,898893888
0e7dbec40eab1b3e5c6bc665,1151872128
81b3256980dd7d7f49030c78,941041472
fed2e1459e9ccc06943a05d1,968889792
c535169307e21e5df7ec88e6,441583552
d78d84e4e42f145e02e423c9,622105408
3e523ee3a6c2d89436539792,622105408
5f2df52db15d2e0ebd327a36,885788480
1c1ff56435675288e78c4735,601467392
ec4226205a38a45d97f35828,749836928
3214488a8fa9cf8b3dae877a,678909888
4a4fe76c58f5735ce6b018aa,1600041856
ff3696c808d4835d6c7cc9e3,1405294592
1aee9081ac4a04490eb3f0e9,774176192
8dd954e7312e6e6a07d6d4db,495645440
daa52a91f1fee77f75550246,727519040
a4ad34eb244e48afe23a780d,251508304
0b4b741487c001323f508d5d,622105408
cb383b7a746ed55b21a8b245,1294499712
4b092d4d5885cc224f6775e9,397639808
ba12305002d24055c159ed34,378323360
bd74d43d99a240ef4190ecfd,907639680
4957e0b129c5caf47b026c58,557811520
eb270972f0f69f1671a0a740,946307072
d51d3ef396efd4760c979de4,527817088
ac65d147ee69785195ef7da1,805479360
53ab42a93b6deb152951f82f,1156811008
5826567e12ee3192785e36f3,968460672
ab64918f2b2b4646e87297c2,1145075072
88b0d688281db2ef0a782921,1177131264
dcceb6a2073faf9f89f3431d,910137664
73bf75d5762e3dd30fca7b3a,991400064
a45ba5d63cd1971de19c25db,1350598272
8467eedcf9a48fee0d72d95f,1158013440
6184f12f3a903658f3319290,533146304
92ab018394a5398b832d0b97,862688064
e8e215437d023387c4a55515,968012672
7b8a6949d55b5bb27c3c6839,946027776
33f1a7739cb556a78af083de,926068992
39c6bd862f908b7e8088f0dd,749836928
ae556ff5f318b73d3b29142d,693542208
e2fed68e0b614e65c05200b7,638450752
c62a4288a4a0336b1436132e,544796160
f23b32fa4894b6d59f73c151,1370291200
4ac4fbcacef08524ccbf3623,147124944
5b5bb8156b98eb51a58e73bd,458783328
53fbed4f9680917f0615ae7e,587260416
730b528617c2841eea5addaf,824425344
13d08f7e14471fcf517c204a,505119552
da273cee807e254fc9aabb9d,1151878528
b8f7bd85b61951ce83d7f57b,1475474048
4954ce465ba712543bdf34fb,316382080
b7483c951d2c19de665f07b6,488946912
913cdfdd62e35472522d0a6a,729859520
be28b90a71e2922437f25110,770597760
b71857f1cc385219f114035c,820493184
a72041a40ca87928c695b2f8,798079808
65a626faaed9d9e3b172415d,729859520
229bcf400e309619268dda31,798079808
367bc4fef78a9800f8616d02,798079808
dc0ac888f1e87924e3994b4e,729859520
6996e88c10a94d9ee7d05357,684287872
cb8fbae1b4141461127c97da,996669440
d2de34876a7a6914c2dc479e,1041044800
c666974c4303d43b87714c62,924389376
e8491a7994738d098a7aede1,1207297024
9a6440e5318b2de28b180a2a,682927552
9ebe11eba1a88fcb24fcd141,553536832
78b0f0bd0494fba0293eb0c3,401146208
047b0ded64dcae203a3015eb,611041216
7b95396ef4d0e97de8fb4986,744922496
08f1c136d5a456c0215ebea4,962865472
0880b703bf2064f59f2bf20f,1538305920
cfc069bd55e152e40b3a1391,1298670208
0a00771ee714a2f3f96c31a3,625320192
06acca3d0ef4685dc055ffa5,441844992
f802b026db4bf9d68cf00b16,255078912
4aebacb9ecd0a117307c7841,1297480064
81ccb7e0255eee6274f5d930,1341347968
cd17bb739ac79f80d6f651a8,1425290240
917829a0aba571cbe794838d,609210496
5b83b73ec31031582aabc527,525942016
5e18ac352e3f3119f5f9197a,1107088256
b7eb15346797508f47ae094f,616703616
5ac98c971b9293bc6a8a6aae,1087638528
e196b7cdeab1468d5d4e07c5,1601914112
0ea201bfd515584bbf72f902,1179899008
d2e6ab3b3106f36f2c3fc119,406450816
59db28ba77489750903261d5,930983616
b348c76e55613f53c8bbc94b,1304555392
a1e38854d6725e9c48c128b1,387569024
b86c526fed01211fdbb62815,765989056
1d2b83d973547da8c168f743,781403968
0fe3dbfdf25d4b013b842b51,636416640
71a20a4daea6d31de942b2ce,1117790720
35352b370a31d01748616b01,1044419136
27942219389ecffbce2e1d9e,1819861888
62fbacd4e172983a2a998daf,869026752
00c1165df93a4cfe679f54e2,1013020160
207f669778ed0db0e619ed40,892122752
5ca0586ab7d20dce5e9ca8a0,685455872
cc27435df779f16e6a62b0c2,885507776
7a94d3d31471ae313659aeae,743896128
efebd19fc5a2ab30f2ccedcf,167974752
8037e40c0c8b20ab6e0d4b78,877380608
5ae3359bfe2a704de00e8801,314542208
a5587c93c012375dee920f71,1072839808
ee7f7d547af56773a4b0afaa,1031133376
9ed988dd6739eb7ad7aa5a06,990244032
26c08d7331ae19e1934a22da,824997888
767024c66d3a88bb18407b6d,547412800
6afa85ee6594d1c8296f04b2,967336448
551ca6ad1ecfc7ac21f8ef0d,1241692416
1f79204a8f62c29b0a1b29d5,471921536
3dc0fa238745fbc31ba88853,316801696
4bc3f597867c6844e9b47fc9,489499264
53973c17ea7e89fbee5e6cf4,374564672
05397b2087e5cf381809f169,413774304
584990ea9718bb5598495061,392676384
2e7c6a89d2cf2d835839f5f1,897787200
5c02d79c59fb636ca4cbe86e,429788000
114436e00c03b44096823522,804986688
60caee98c3cc8526d16d7f44,669783488
8207612808b5947f2802d2a6,1055621952
31a73382ae20331521bf2e6f,890355008
c58947cd4f238cfdc0007bf7,1820618880
a7ee02ad2a4fa122799a2dfa,879490176
c77a63e92b9f727034913d8f,487793664
56c6bf831d3c6737e3844969,855030336
73ec6f4da3c277958cd2c228,1381810176
7dcd1916c0485e0b80f9eeb4,1057010240
cafa94c4a56c23ec73ee9071,1289584000
d5ccfaaaa739b2bb2b3d46f7,726055360
e6d2e862f58445084b2980bb,1411632256
62f96ed5c1e5f28117949a23,897094528
20d8980a4fa8e094b7a5f00c,897094528
0172678cb0737e21a317eda4,355315936
6254ee88812e303bdedb8767,1636656384
a812ed43db71868625b351bb,967202112
2bd1c70db60a44d4400847ca,1145664896
b057dd8a9c2082d1a78cba88,117965080
2fb149a70fa14ac05582ae69,499397120
47e282cb12ae01243d713178,920892672
ae47cf27964393fd56a52d7e,903211584
21642991a20d6b0d17dea2bb,1188475648
43b10ad2660d7552ab6c3b10,708684864
64e5093d6bae57e8b4298123,1401803008
9d8d3e6fb432174770c74e71,591958976
9f2498c12d7b41c213bec0ff,344188352
6461c0a03ad3ecf2f8112759,1261397632
09b15382686c42fd89b24285,1222555264
da846b08fe2205d2e2a3dc71,445471808
2a89ac6511416d0920f1b9a2,903312128
3e9083411c44213130b2ece8,847805824
0f0df5694eb388d843e1f17c,758776064
ee6a288e644183bb191a6526,572141248
8f570610ef199a3ecc49a0a5,791179584
3115e2391cc3a078b5e6066f,1016552256
c7e45098251c687efe670815,469407456
8a3b7f5a8da339fe19e8f138,885788480
2f801cf48edb712627196b2c,622594240
a147a8c29757c5d0c592d347,693191424
86b0aa633bb16582bab5640f,768948480
c9620e3e2dce92bf95c57c6d,368616704
b746e4a5c9d04cf4dbf887da,587260416
915842a8a03914c08a6607c3,534807968
e9e6e054c1d09a22b7efa20a,1808656768
4b6fb9b705d80ff350bd620e,654543360
9a51784f33b0cdfce8312163,222800432
176c9a90fcbceb91569fa3e2,1189051008
c97e70a767a3661c4869bf86,972924672
a6bdb6221b88a24c9f8381b0,773715712
0a1e6a95a0f9598150c121ce,758393664
37d12acc69d0e3e92420e62d,891379136
d433ad6c3cdbd707e6839082,1023590144
36bec92975612d091a3c78b1,865418752
3eb97ecf8069775b9104af85,1245615488
9aeed339b2d916cc89f38bc3,1241125248
f404deec9ec16a8460397815,757367232
8a0114372706f30bf6867a2e,884224064
681e772045fbee930fcc9ff3,507599712
0816f29a68aa35abd5978e7c,1096806016
670fe8f7b8ebe006885b2777,1223419264
d36dd340e5875df6cba999ad,1075628928
8ae869c5033c248f881ac313,943373056
294b04da3eaabadd55da9c20,1274457216
17b360d57782208f5afdfe4b,841538944
88ed5ebb575d026f8d440c60,580055104
e611a37562f88ebe07bb28d3,904485120
e685650979374c571dea2ec1,447042240
10d47d2c73f0ccbc97979bcd,584157504
fe96a7d758a874b1f0c42145,748479424
a7634531887e969c9c5469d8,462299104
42f38b1b2dc077c88a746c1e,669783488
25e832098d9e6e7c2f9afe2c,716402048
b7dc47c641b46ca99fb83a0e,1662710272
0391d158ab104c5cdba31872,1389945728
a3c4d0ba7b85b9a6370e131a,716851584
27721beb237824844adbc289,1040345792
6e807e25b64bf0de81f51c12,788958208
d2637d64e4022075c8f539e1,902344320
faedbe92e3296977872a4aeb,1026486464
5bbc190cdc5ff3296801ac0a,278035104
9b0abbbbfe0bc85686304ad6,294562080
f8263893418eb0752dae48f3,382302592
1e73d6064abab2cccdb6610c,644176000
c0155096575af5fc8db843cf,233574176
9c7f7b0ebe440f60d3bd478e,382302592
25187d9f4cfe89a525ef2493,644176000
85815a09bde2a30e296f65bf,644176000
fd45b984efcdb0b434033fd9,303919008
5dac2d2027b6c81c1b7ee3a4,644176000
7df538c0c831520e6d36e39f,399602848
14b81320fc31c7a513242171,644176000
8026e480ba395cfe1e09cec6,382302592
80bbc51dd90d131d091521a0,303919008
ae6ac510d3e46a50ef24896e,382302592
06b90d41ad3ce1d0d389fea9,556247872
8d911c1a195567dae3cad99e,644934528
2876aa9ef0b44e43084393fa,354372608
76556774906f9e12b319c232,515223264
9662cce3c4b92d1c99849899,1169538432
de3d078e5d524d8a7b65841c,780850368
547c8638128424b89d602f50,1031133376
c8a3dc3654c53cf66953de0e,573537152
21c8b93e50ac884e63514f10,1136129152
49a0715897795017ee0de843,548101056
5d646ababb10f51c141e0d8a,562078848
da598f8a82b1ad1b02961cd1,802229696
84d8f7109615519f2ab0a48c,1124692992
0d027b81f8391d73fe0046aa,1461511808
079bc331430e94ee76f8097e,1294139904
61055e6eb1910507640ce6b4,1068203712
3f6effb8881ea683838437be,895280832
92c8d6ee8496b91821d7ba3e,1007059456
78a08f21f7d7c51ff4d5b8ac,1075628928
f7ee7282cb9edc77740f392b,895275968
694b0a500f1619c4ac4c85fb,700103104
13d43933e04c3c7a9e5071cd,1315092608
5abb555cb9d65db8e6c28201,465738656
ee8103b958673c589b9cb27b,1710300032
5b3a467a3b0feb8ed81be1b7,1349435648
e570a5157e02d440a78ca008,624656640
70298b5e8fbd66aee975ff14,791171968
2b552d7b1a1488dfd618b120,544117312
f4ea9c80fe71a1bd0b692475,1198889472
e6a9d5c9a82ba73e76817a81,551301888
9b58b5c993540ec3ab1e4a0c,481941184
00858277a3cf4f31b8e3f738,536620512
d937ac866f671e4a0c090879,1306263040
7d02b3479cb2d89d55bd4fe7,700852736
bf79649b531e876c5f03883b,1045440832
66a2ec5aac8969b2be538c1c,700852736
7637c251618135e082a9e2b8,1064149504
e8c9070ca596f88bc2e0868a,919171904
64adcb2941e9553ee394caee,696670336
0bc8475715e42b752649b4e6,382153056
956ad3b1dcbe8f236efe2d2b,838377152
dc81900a751b64dedcb4ac39,786242496
02e52d3895522d9be85c4544,484307520
49d6752dd196e7dd583baf44,387469760
8364aa431b2e267e41efabc2,371580896
1b59d33f9000d2e1aad46239,368057952
74a791baebeffcb7e7b917d0,377180896
0a3911a1a9284f2ff81689e6,452486880
6276bb8ceb13d174b8e405f0,484152000
d573d2caf8c67aa32bbe592b,492455296
57cafce17dc4de3bf8a9ba90,1346211840
1dc9e5c684c831b204d21585,944587520
48df432642971a97d3d4bd45,793195648
4902ccbe8456d3f0a29e5059,696975552
3a810dc80d3a63f8cf106717,1063160768
c9859204696f3440cdb541c3,1052474176
349fa9cfa15d8f8bdcbe863a,1305087616
d0bdb51c8020a37fe8344650,1320686848
7b037e6e5d110999e51b79c9,1385079168
f677c51266f5ada9e23f20eb,205345184
1b85d69a0f8ce1d6ac4d4475,582555136
4570a3ca0571c70657b4a1c6,502825696
de32ca7785b71dbcc76a50a1,392185440
4e3cce6b581e74879c2dbc4f,707865536
09c4d4b5d1c0118d877d5734,962527296
b9809baae395914981a9296f,558348864
fa56058283c975be76d7c990,831982656
7b32938ebf0b1b167a3d2d20,841364416
bb38c1c17612ce593e5ae7bd,264212544
bf0485c2e267d06b9b1d90c6,892314816
0357d0ee6e0646113ea543cf,955037760
ddf5182c482fca7d881fcba4,690844480
47e6a61fd652a3dd37556ddf,824222016
a9054883a22542257c7e778f,378323360
d7c70d831e88d552da09ff29,1019045312
d4d138bbc80a0b29ed28a4d6,291773472
dc9119767bf4f21fcccdcc69,1085621248
e8caed8cd754b0e3d43e6954,1170732416
033307467830cb865a785e3e,981670784
5498b3e3ca091bb81be87166,540683136
bcaded180edb36336c2f5b96,1156782976
ee4377ff95580b93e80ae08c,1162785280
c25e1e289cac1bbbee489122,1008921472
7e41d90a838048eda035fb27,1338650752
f418efb887a15127cf2563b1,707232896
93b27fa67eae8cdfcb846772,1074768896
6a42271a0b03bf9a856d1acf,1588183296
2af9e271765438a47fa7e7a9,622127168
11429e0923f804d7dc5d27b6,843357056
c218434cb0b05ebcef935e5b,816430976
a98e4f4db7afb8a6c9f69400,486897920
3c35c8993bb937164ae4a880,1180761728
c23a1372c81ba03e6dabb0df,444098432
cb332695a296899d1c798426,761983360
2ace3da2fc4e0c022f7a8755,1158237056
14f1bf9aa68aee1ac094097c,753208832
649a2784beb9b821d36179af,376928576
6bbb8f89bae38eff88c89c46,654543360
1905b860a8d463c3048b4e46,718071104
3ec50faceb434f716d73613c,1517912960
99543a17b33ab955d03adfef,1231820288
edbafba81b92efa9b1400987,1076148992
9b3846c7abf642e0a6220e7a,448678560
691c35e98d0d5780aa82aa06,884534208
395fbdeb9f0c0586a2b20edc,227918496
4803a3aedb6c20eb194469c1,827028032
bf95acc88b60a3d531fbd42e,566714752
b936e36ecacd7cbc3498cee4,385784096
293c8a0a4a358fe7554a4ae1,936215936
5a72e2a62121158efe59069d,745012032
605276b332b5e5984b83ea8d,774176192
d3de7e975a9215d04567e467,805414784
44b623f7fca1a306560172ac,452864224
9a6a8802cbf3549870c55031,355910848
f43c684b789900c58c8b5fd4,805414784
dd7ec9d7dfad5364dd303f49,384279808
506f2b1ff3e4e7e43a5596f2,1305768832
090d371309090bf83b6fe0f1,368271744
886be9a1881866ab1f300533,799178880
ef34f331871e8ca6573981e1,407864928
53bbf1d3345eabc2a8b7f5ff,650285952
5bb87c8d49ba8ae67a659b52,1353585280
21dd47ac3c4e1d6bd0ed2485,1241125248
f59686ef2740247394547078,1289880064
8fac177c5a8b4faa21b33138,363028608
b2bc172a3ab25b8caef50189,1223430400
a10055de743532d7b7bd29a0,564892224
c344e3be381326a1b6cb5989,1028656000
3fa4ef366575bc72ca5a0582,677028544
e9205b722e624eba0fd36145,1535104640
e75699a7693c678786ced75c,991184000
23208132621583ce4a46de77,1507989632
558d9e4b57fbe6c7e0a09a95,254410304
1a6ecf722b2eed8cdc19ba20,688077568
11734add51785f1ddb999c5e,578795456
82c9ce0d018c1d620b7a6689,371121120
80d95b058cb11ec829b5ec96,757868992
cd89201cfe3fa19a4eb14bf1,1241125248
d0a5f33f0689445e22db6626,1241125248
c7c99ae9259b34bf9b8ba799,587229952
73806685dec82cf637f19384,641373888
83007c444fa52b34482ed55e,869951744
e08561df5747246d74136dc4,644302464
5b0219cdbb8ed527aec91659,1068759936
119805b72aeb50f05d3a5bd9,904606720
fd20cc372715855081e24eae,1100530688
e4a021b625f4ffbed391c6e7,889507136
902d4fc2c44ae5ca2703426e,721919872
71aacbd62d72d3eb29a744dc,684810240
7290697f96d8e2101089984a,1001394368
314153750510e92ddcecf33c,1533360000
9d576cf721ad30ab1a4fd554,667689152
50160783a9a0503df5a38dee,393850016
0f4abd70b68453d3500eebb5,400171840
42cde300d741cb134a529031,309083168
1e9cb258a0b7e08244d7fcb1,591406400
febc9a1b054671445d756cec,1002119552
39351adf139f820864dfe8f4,1359084544
b4fac45659e67d4e91fe65ff,378323360
fbe555f6bd0edc1bc950d9ea,1674552192
67308f6bb80d2a203e306104,532226816
799cb909791d43a1eb305eaf,729446720
4354c1b6b27a87c451ddaf36,840645504
0b937a3ea4864896b744108e,456003232
b96d8b77fb5ba71ebce2fb26,710718272
f4b1645da3f4286e39f2fe4a,1010800320
a2d1de4211aff373009809ec,757428992
50b619ba3e0b2a4c6512bc97,778020032
3d57abd322b0077efa1091df,587361088
652793275729ff3b69e86072,885788480
1e2270f9f49aaf3be01dab49,668014592
99970db787f55a4d1963942e,720471232
801d821fd6ab7ee01b62a800,651252544
2abd46909a251b8ebbd37133,744036480
20a783884d6bcf1aa5697772,495990400
2fc38ab2689eb24f63e32efc,976159616
1f592cc4ed728909040f953d,410346880
d1dca15e36fcc5ec14dfd870,410346880
54f7aab6b91b48272a81fb47,473607392
b6d84e7d569d8d0f0d0c9066,693129664
54d10cb2a44179fd4d726f1b,867119296
341c307eedfce3f735f4a63f,1522313216
1e057cf20757627d1b006141,484382112
798bf22408ef6814759da1f5,880850112
9ef3691cdc2bcece41b47e78,1029635776
fd5793113661540ee34b8cb8,842973440
9c4ce4e9f12764544cc8bded,1029150592
542b5322e59a3273e10dcda9,1348316672
af578bfec5d84cc2f4ffb8bd,1213015680
a310528e34207b5dd813df8f,1010800320
ecf5c9bd618e3976ceb5697f,1252142336
d342a1ae299065045a957767,822528640
f5dcdfdcc8f414cb7a38309f,765392576
4090c1b86074c8e769cc72fd,416656320
7ef2d4777310765d0c8121af,857633472
39222ab30001b3cf45b7de65,982872064
91a73bedc30e0c2acd95d6eb,660575168
d1e6d6900eebd9ace65d6c36,698238592
592c9c45c07388359f663219,994306560
738111512f5e5052927468d9,1395104512
0db51d4771623f5fc1026d74,774176192
82c9556e19072558cbe3a7ff,494721664
c1e51ab95336a51885b4c672,891450112
0eda675541a035b1f620ccc8,1091695360
cf379b41b70374ac4cf82dc4,1091695360
d90c961aa01e51d63e50a2de,1231751424
990379c9f9f210206c6f1916,1310001152
f8189811dc639d760937df95,212077680
3d1deb639d94b292552a123c,473764064
43041a793a13a4171f22e492,1036743168
052d00805b2602cac76fed4d,386156608
c76207e622cf8a208910707a,601892800
ebe33bde2abbecd6d1fb0cfc,763132096
2e23ee2beaf5293f57a5c504,546392832
abbd422c412c2d57f5df62ba,547166016
648217f4d8b5e0e65dea066c,850066112
52e7657a539be5f36f48bed8,1524568320
3a276f0df8c12422e14107c5,1267920256
dc537b5973d2b94acf6f23df,1000827392
0a41279a5ea9b92bf8cb79c0,1212370560
80ed77aff62d4c57ede6ba94,517297184
1fbc660f780245bd72015f07,1177071360
df1f513009808ebd46ec0847,562424320
58708fd9e83147daf1a80c48,752840512
52b699f9900d81ae85ddc7d6,398107264
98c5b154ec80083bf6f51835,956944256
588400f7829874f9de919e39,639024576
46a2a88ef09b2aab932ea02a,950234432
31474c62a8f39e250fb2882b,1265052288
b40873d316de1c295f2a97ec,534238048
bf4b8b23cd87377169684e98,814387456
a34b3b037805f2ec489a95fc,1188288896
963985c57392ed0423d74caf,857179904
a93a37e4cc75c069e14ffa00,379404736
071f284d07719a3517c55567,684810240
5d030db414b00948ec10d18f,404643808
6e57de8c4ec2e42832cd4b09,1208779648
d9ee40ccf461ce3e9ebb815c,677893376
ee13d186a24af238d06e0c2b,874191360
f27397321c007765244e56e3,884806656
959397711c3f452486ae591c,1749194368
a41222195e5c7d7987dc3c7e,529400928
ad14cc63c36789bfc1bac0ef,303593184
79ea72e7b03cfd4fdb5219b3,682672384
cf68e05962a41395844e9c80,485453056
4a20d03d09fb9d0ee5565ec9,656869952
734c9446d0674b8d6545bfef,1074489600
d9706de7190ae64c83e65769,702514688
b778282fc4b9c43055629e44,1177131264
a4d4d6480b56d6198c0120d4,874179264
7557a9bc12cf0f2901c00264,1760340736
41376f69b086937257387f1d,767961280
2910f3631d1db77e4b61f8b5,371823392
3a8a506c99ede47ae2257e87,1275291904
25d89911e830697217d460f5,644427776
365a227184022e99f1d2a816,672983936
c6e34cb4e79a729a5df4183a,1290038528
c5c3f06bbf812593d1b95a40,1241125248
acd6ad0081960c0f17b144dc,1212467840
344a104d2210954497a5a388,698109888
c0109086d0f49aac6c3f3f18,796114944
c42c99f5da3248e7bcc73fa7,688581888
8e1e9ae57400052cbbaed9dc,1606734080
8cdd55d191f206b0841e56eb,561650432
c1e0b47866cf4a0120e4b3d6,578927424
45a033d121ca5afef24161ba,1390099200
bc834280fb45fb308d957640,673409536
9ddc14c8e7fe7ffb078e0019,1731920640
7d66238672def6f73c25247a,678288512
2c12cbaa1f14553c1d41b958,398871456
196969a98960a68088266261,398107264
a5a3cab55661982b7d30bc78,630016896
6464d5cc161ac659dd963897,531576992
e9f44786cf982100af0984e4,925035264
6302e608d8f37e63f4e5cc27,484307520
ab614a5008d68aebe34aa201,584231232
06bfbccfb3ec0b1f65f4b351,1184471296
f7f46ac9158f0a1edd01709e,1322532864
6e233ae6294318baaeebb59b,794619008
bf6e713a689f574b532edd4c,1568728448
a7e97bdf2d4f2f62f9889c3b,622671104
784822ba0060eac9358cce22,373951488
13c51ea93d19df6c273a1502,444068416
176e00102fb65cba56279287,880567872
52e5904902e4d75ad87afde7,864638592
728ce22c8db9bd0abe3f20a8,743173312
e8bf121ec117e383c843bc51,880476160
878ff8ef3c862929bbb19ebc,1267457152
ed80ba018de35d5d76d50db4,1558543744
9267fcc93ae3b6df8c12d9fb,673409536
babe27dc477f5e1b7e438422,652962944
a4173461aa676e09227559fc,538379712
f0b2a0602bb5a83f0827ac75,1149419776
2da346c00d6fc39268f12b82,1183387648
9ec5fbf8767dd0d2744a79b4,863391296
c85e9bd6e20ee2a883d0a7d9,456794048
191cb509fd44e580ee32486f,941371264
053d37bf1d988505b5e91809,535623552
4d3a66e028dc8f3e9ad9e9cf,1096462976
c75b265c0eb946ce77e32ce7,669029952
d233eb8af3ef7e325f6c8f9f,593565120
7f7f5313341b3ca499968716,622487744
4fa51848638f4437a3e31682,942451968
9090236db3ef719edf72a330,1548822912
4dacc190eae91b059dacbb00,1778983168
ccd2f6ec8e9841f1068b7c76,682338880
a354cdbaff42acd1a0b5d82d,949544128
da8d3092ed0e085a83a7d67a,939222464
1181e18553eafcf5edf6fa05,667880000
5b146f1914acf2ae78360fec,1410455680
a0fa0aca2f6c2ae65a98ccbc,791171968
038bb35043651579f443c481,972784256
430c46358b85ad4a741c7187,303423264
4becfb041b0439429f2cffb4,462244608
feb87029d5a2e8125e165bef,486416096
61ffbbc24b30698ab8f735c0,577531584
0e3067f71dfb9dc2e03bba59,814210496
b8ec643c66478da376153333,989137728
c8bccdccc9186136a332e995,1171423232
0f4765c8929a87746217e957,1303038720
68c145df0ef91fb4d14d001b,311520320
e5b92a0c67c506ca6e92315a,427033120
a482103965890c922a66eedf,801966848
1d917f9f5a3cd44cc4dc8d2e,492591968
4cc968db25c2cf03991c0041,732176768
91ba0c5b21b52734d1e244f0,478429728
d6a8f4abcb02142c6dd15b30,205886448
0587e7e1f03af8ea6c46290e,906315200
61e1e0c49f3aafee6ec9179d,1294824192
797da4e993a993ef80277108,836648768
b8acc8e72f2c498fede3fefb,848053376
ef2ae24039bf2cff1caa4340,189492784
cfb8d15c6b0c0e6ee4b92109,1010929472
05aecff6fd8d866c6c157a9a,1281669120
b2e37eb7cde5cf4290649ad3,1081095680
b7ecbd35179a7658f3c11b41,609687808
699095150a7f3f32c40454fe,1360871168
989a4fc1590097414d7c3fa3,631002688
b6853999c45e21646a0d1b20,378323360
6ddb6863958ded0d72fcc6a9,1061978112
f6fc3807b54d8c69459c4f64,447705056
6528ca87df8bb477f4b6b8c7,712326016
7bba885503ea7716ffea503c,453726880
846e6f1ba1c94966314345d8,616699328
04e6a79dd3e4d8d17c8b5387,1578888576
4d60db10157fd0b5eab9a23f,768653440
0d7d434afcc5e93050e0b86d,1395265920
bb9ffa04d913d06846d082a7,1490624128
80abc4c356813c1e4ead1e1e,414558816
df8979b26c9971dd7c3500d8,1177290496
6ea18874ea84b5b4840f9b85,1328348800
aa75ed5781e6e8584143daa4,684810240
c8c8d083c9b9600059a8b8d1,438437152
5c8f3b7ccb4340263c255d00,452059200
79b943894c4dd68bfd8cde7f,761997184
64f36d32a3a64853227fa69b,1517795584
d7080c3742cd9d72e9d0ae48,504033888
8333d32b98625a2742cfabd6,1233736448
bddcc7fb72bb973f84b864dd,814227392
5a80dd0f68dc2cf9fb1b0c03,585221696
5d82060575bdb7be33e63ecb,1614964352
de416f239b27327e0f78b862,775451136
816f93a2e035e4fcf61ee4c9,1457325056
aca1776ef24acabe172d573f,1758604544
af32aa018cdfd081a81bbc80,873114880
7d133cde943d189c9abbb6e4,439434368
80035ad5b3b4a948469800bb,820616448
95bdebef7fdc2ac0e9541c51,1310837504
d038e5695b32bdc6fff1f72d,699519424
2979f2d91d649a8c14f5453c,437528896
a0be286778d94153d3b22ccb,618804032
57e8ea351ecd1ff0825b1324,878351552
c84f96cf4570158c3832c3f3,1143230336
93ab279de0b7b414ce758153,734079232
2018131ad3f6e5aa8f4be704,1663481472
eb055771816b45213df3ff3b,514561312
8e3700ec731701361d7bb7c9,527480224
422e994aaca85628ff759004,796372032
569e2cad5c18a5f393f80a8d,1045584000
7b4ca3a8d09968e48c185260,1118058624
12785f791e04b3a49547fbc6,1090981504
02ea72128a99862e9537718e,884224064
fd77ee8ca0551b5b614b40e1,912215296
ffbf6a54fb00029ba24dd3ad,873286016
a295b12b773127f15e83e174,445427616
90f0cf22cf9c8fcc290e495d,337769824
220d466e3737f1f2a8ed06ae,117965080
235c56f4afd6d87f1b3e199b,420218400
eb0f3b14782c9a484408c606,727007552
4188712d431ba996cd59fbe5,302120384
3dfd7e954d6f7f40af60bc9d,411312864
00e80be4feb1e8593b7713fe,528020320
eabdd1bad2bc4351ba4a2635,996292672
850342685ececa472945f7ed,1179538304
ecc4d05489c5ffc8164d5469,316801696
2406d47133763272a965ef51,583533824
b9430e8c145c2a0d7efab2a4,1168237440
4f8dfb8de411b8a05c55dbbb,680045248
574b6bef16abb21fd67db401,177803424
e7ef0d61e27de15f10b0d643,996292672
647ec3f486cedf045cdd3b68,858856832
69d83d8492db7ade6c37c3de,519931392
6c07175274fba6a0dc467cbe,769693504
a5a71962df1b8bc45bf5547e,831516352
ff61abc1e7843e20b1bf8656,538847296
540c4d7a79864885d73cca95,827451712
17d0f69ae2c4f1aaa1aca9c7,1013334592
80de6a9303eedbfd1c69601f,626796800
7cf573f273b14a6cfafa3ec8,478429728
eb9ab213defc2de5d878653f,619206400
69f7ab8608b5328f106b42e5,1091024384
9daaca90887e5144c35daeff,527733184
2bd08c0964ef4a95295db843,620869632
34f0542a538cee9f3624d897,676290624
847a7fbd4425fd2fbc4b3edf,1377111168
22428154baf95870f1d83fdc,896993792
18e89f083fdbce3da0a82a4a,1261296512
63674e7ddf6f2b4d7c6d5c1b,354905792
0e97f66cf4208c1a57d1fb17,558376768
a90f7cd68b662c87d9fc2d5e,1161836032
2086639384041f3a9b519140,698109888
d38353aaffa4af168518c6c5,1180358656
d994f3919c3c8fe0ebd538ad,822961472
ea9d6dc517c77ff8bffd596b,737094592
ff83788b9f8db0297f6c0148,1124469888
9d9564415e52518c2817f66f,604230656
9362189c5d784741c9b0f8e7,1251935360
ffb510bd3f847f4ede255fbb,284553568
7d3e4ead63a869bae978027e,1144509824
5dc404d1c214abd2d45b2a0a,975555904
64335f6d4c1a7514377be77d,671865536
b81801f02a73feb1db7f5e83,978636864
b5d6fe84ee7c6a703891112d,1478540032
af0502ae1fe341c2ce1b5325,951520064
ec43b2789c9cc266a8e0d1f6,579519680
7ff8b0b5ab4fd12f3be399ce,1162497408
d5c8073e3ceefbfbb547eee3,942159040
66379c5752189c150954b4f0,498663648
6a3f9046cfdbf4eefca3ca69,998536448
b549a72c938d767ed504bd83,641895424
f48e503ebd3908838c1f2ae6,1186146176
e58ba64bfa5280630bfcfa97,1065522304
07edd16680605925192efcf1,810647616
70b821bc1c7dd846a8be343c,564250496
d84d7edc4a4896c4a8722328,611650752
6d592a69209ef3356e656c44,542057344
ca9b2ef10b512905af6be620,1156176256
bbf16146922556095f53b5ea,890187392
86e80098f5a3e7dbd635838d,679682688
dad46c20f9f7d834e522fdd1,1199718016
e2dcb036931bf4b2aa030036,1393114752
aa7a25411bc0f9f93dcc40df,531759168
e192181121fe58a8bf94aecf,830547392
5aa715bbe2b178ad0c9e4b08,804781888
43b5b5a9a1615eba48ab8b66,489499264
dc91e3fe1b190fd8cf2584c9,828835712
1014341bbcd2fd5775631f78,684288960
7f2e9d302a6ed1770db9f7cf,890355008
73f4074e5e09e52e0e03598f,943092800
0460eacc73398bb95f0518e2,1493894144
5a44be6fad8878eb2c394ca9,1245615488
936cdcce007bce08a72112b7,531875264
8334a4cc7db8ed5c0071fe95,401314048
e3e9d1d073b129c697c1e9e9,506218848
dd9a60c3d502ca3cc98d9b73,1241125248
949184accb5878f82fd5c10f,519223744
bbc675f7edfa0425c78c15ea,1130352128
7436750d73f2e56b4f29e98f,1225099904
cf81103f31f74edfe0453de8,811647104
620e467297aed5c47e22735a,414669920
41037a3f8625082544979179,983132160
6a2db40e5f210a31b2f7119e,617644672
0083ef74db679d22463a1afe,589974528
b19be1ad7f60717a943ff0f7,400097984
0906b6a88fb1eb0d7bfb6bb5,641454208
f82adf71d17c261b41a5231a,670286208
bdda694c42c52ba4803d482f,797899776
80f633154b6f94b8fa24f213,646115072
f69aa18a64d8b8494fd9fe3f,330924128
3146f3ec9b237fa0944cec7b,699050240
5db3d671b5aa03dc33f258dc,315010944
d5239537894ce7f2a9cb5a49,795241472
bc28e66374356a4fcf9b62d7,622715200
3697e556be961a16a621f3e5,460267616
bb6f66493fbafa76d70b0a34,1099958656
e78a4111d943044a9a32ed80,741866048
044e2daf937c0d8373f2e914,461776736
77668d4325802de9d63609a9,711486720
a85ba83751915d8d5d1a0e09,805981184
429460d5f5c5381e945cf449,1464906752
a53dc5c58f7384729ba37a21,677551808
a4dba76865fbd14aa19c0286,1522971776
7573c18a79e5e3ee0610d7cc,731018816
f13f72c1cb469db92b25c2fb,1378140416
45dd7eee4488e88d71d46783,1676382848
dd4fd04b9fd80818bd543f9d,885788480
500a3c5953f89b431184fead,677434880
d2e737461b916ba78030c76f,1158768000
e1e69b5a90431b8a44265487,655543744
49cc8164d94a2afe8b750af4,351773440
e9b054016b281140d2566d88,1412075776
32161228e9c502d2c21beaa3,461195296
9017accdd4fe3229fc45280b,775428544
17fed4a312a9b773f64861d3,136067664
8632f5681d04d9c934675409,1368627456
8356123e4d10a479a12e98bb,465983872
70463649ffbda5fdf3c10ec8,1064851968
1414ec3cdd3f6ab772fc7584,778020032
937708417ef2642b7d05abad,663748672
afbe90d764c1821cdb26e38a,722707904
14331a3db021936067b15890,736744768
793efc460dd25b67c644e92f,1117830400
0a9e4dd0eec86037a36fe769,1310435840
e5168779de76d99010e37c7c,857423040
016dd08801ad1a1e7f6e695b,999265408
ce509ce153f452ff8a997538,1419781376
66d8ce8e6aad18a4963275fc,477302880
8398e3b96d1311c7264f6603,986331136
e9081115ab418ef1031326c3,410788480
5c8240a1ebf6138f81dac715,859967168
18cb1adb2078fef29a613a96,592462208
4167fdc804227ed43224a32c,1142591872
b5d0ae257748ea92c47d8fc2,591777600
1d17f0ff708e6f0b93a990ec,1127223552
764f506bb2aa1ac4de918a71,913461120
7a861f1e3af4dbbf55b2c301,499518144
1562a23a312478d7a05a33dd,412629280
0a040fd24e23a77f0c58495c,649548736
7f0f5931fe148f6187ebf512,450291200
9fcdcb2be94744d00e734a3a,2377045760
f181f74e96a93820a23bc0a0,610499840
5193b43c32a2bfb3aac6b2af,1101582208
6cc7718e834ba47a429d6874,837732928
b8d06f4ce0d6e71ba0fddc26,689586880
30a30e4ab286fd822c68ab5a,906765056
f99bdff027d28ceca0caacd1,767312256
f46f5e911c6c595efb5b7ab5,826945280
a7f0c831d82505044f370b1a,469499360
17069e9f4ba45c93738b109a,421606784
dd5c910c2a3d63b8fa92096f,775428544
a33329c9ed11ee8b87aad6b4,365349152
925b457b5df270a68b84753b,724033152
d206aafc71e8aec2afc3f8ee,196166784
f8232717e74332384075dde8,735934656
f60d9f0751a14efe41be383b,123825112
13adc7946bd4e6e3e4416e52,502240832
230cdc90e6c825d391d5025d,502791904
e98cb170e4383546988c6829,775428544
5bc46671989de2534553ae49,626522752
3b98c8e46cf8477a1968244f,889680000
f9f5fa4ad495197a5c9b492c,605100992
0bd42f8ee9d36dae4cf35886,188940064
567ca46ac91cc53e3b479547,521063968
f0ebddf2bd5aac661e4945ce,1301600384
eee841bc785b1824b6419a73,493332032
004776514ad269b380581066,231365520
bd3edc7854cffd6b6debfb98,426116384
0b42bbe66e438fa81a2ff77a,940414848
a33bfa6cf99e26bd9c49f8d8,818456192
8b45db8a4f2c0f772c8d44cf,428344864
262b5b0bb408d7cf53073832,578506304
5844c83fecdf7e09b188c2f0,642348544
9cc3c05f0e81b8f6454b80ea,804184256
07c46b493733d74c4f384b79,1308193536
932ce2fe93b8e1ec0e7bbc8f,560325248
559fabe06aaee537322d0af8,354905792
f4da2c8dd901cca9cdd51025,642348544
84eb4861db0816bc8722f379,818456192
d0dc69570223bce949a4c17e,753641536
abc2ff9d0e7848169fca170f,872284800
3e3880088f0df7c447e27840,448753920
3580dcbd0a6d7d6d3546dad6,602449600
f123231ff18912a3dfd7cae7,468327616
78a7eac41dd672cd1863e3b4,993354368
97def72de478566ad58020a3,601678784
e3e2e3080cc309d34014e8fd,577747136
71be583d473084bc0608d066,545985088
ac6a4c672dfbe20f5bafbd89,818456192
f4fc081a112f5ee1b3a09e70,324211040
d8add8f5e0aa562a63c894d7,602449600
88ab887e18e38d0b8315286e,798527104
07c8af84608e6c9206ad6961,818456192
2b352d996677e67156391e25,664990784
ced624c6debaa01c732e9f60,902655808
ef92f63b46f27ccd2151a21c,406385760
f4022026c279a9b77a894ee2,818456192
e2e2218086e6ef5377c01b68,700772800
4af83eb7718f5823ae69fe47,509658336
ee98e745afca6de4550fe570,818456192
bd1fda425d792fb0de7b4499,356184576
86b2d3ad1dacb372734f810e,448753920
98abd5139cc3ea136faf7c8c,779413120
4582ec985de48290c5f1f5e1,632751424
312a6b2a57dc6947f95213a5,377410528
86a47522586da2884181f128,510631872
b41edc115f6b439caf392941,616669312
fac682b61b813044a3e3ad01,687423232
63f4e57fb2cc22659e80d6fc,510224416
4310c7a552b20afd46f930d9,901368512
4f18341de355d2cf57a03983,558376768
a418dbb6d04e505c133c6c1c,1342464128
afce1d7c5576dc49c80bdabf,643783744
5ec12159380f4d1a85e8b0ef,891450112
78d10967c36cbf346bd58f63,540475520
f995364cc33c431b3c93db45,478429728
99b31d0b5d5ab75a2653b1a1,891450112
42d42ad031a2c62be9b5cdca,818456192
73d09646de4e0ab46feaceba,609418304
bef4759bfc25c7d44a8112af,642348544
c038742e427830aef3ac1c17,450485984
e96a7f5424558193663ef6f4,534209472
1af243eb63d893b1251f44dd,406385760
a083fd17c5e7c9d33540b922,1116514048
549024cda1c093c9f8bc2ea3,460267616
164cf5fb9a759f2e4be67b6e,568212544
65ff6cef76efb4c83ac0611e,608720000
784b1db005d39c2f57666efb,350132800
a2f06081983f748fcd74652d,541766720
66e4f010db2febff23b4a4f5,729859520
9702cf3039b86f97c003e20c,763862336
48de5d43e88caea594ccd27c,1203703424
6732c28a236aa1ccc0cb2c86,539100736
8a1d1f70adbdeb233ed3ec3a,946805248
c775d4f60fea55d5511da4d4,980950592
1f4109e1a4b47a9b11c2c019,1033431808
31ef69bed8e54b5e1fb245aa,510495232
882907ccf178b23a02ce262e,646319360
2868ac4225657a13f6149e6e,842078144
cf6f0a3cc030024f4e9ad06d,368271744
0a1cdd0d5c3c8b973ab1a98c,1665477632
0d099b1e1a314dfd9aee5293,1241125248
898d1eb301c92ab6603e0b81,896993792
9fdf7d85fc65849cda3afda7,510495232
f5ee97750fd4e04eafa9d1d7,684810240
ef9cf29f71434be184a4ebd9,917511360
e4559824c3390efd6282960a,723010816
f8dc73052c66ab334cb7be14,670325376
2e992370de3eed4ec1271589,645214208
e2bbe9221780d01a265e2ef4,1408347904
b65a2a140ad5fc6e3e26b6e3,366705824
3dea0748459a295fcbd2f0b6,536555584
7a1cb1f751cd36bdb6412ba2,670413568
1381c0399ebbf19db3a11820,366705824
479b2c9c12602551bbd0212a,768118656
d463fae95232d30e0f78f93f,366705824
d0df2748d371d98d76408d66,731993664
9551dc6098b721dd495e5c57,1201759104
fa736ec3f2f066cba4328908,1104791040
37fc4ce5dfff7faba6bebf8c,881192448
f336d60e41c8bfee91d58728,752144576
65e1a61d984712e76829c821,872730944
65eaf65f8dccb8e49a93b753,1217812224
36eb8139a5ca1b8459eb52c1,1024698368
c357cc3d2f4b45ca3e1250d2,912294464
4b75f2b374e8674e8b55eceb,1132109184
9c20784acde0823e9479be2f,805472384
0f2aa0d9fdcfe894caa8fddc,883936704
23374ef76774d4f95f022473,1284752128
4224e69acf9fb071d4cab498,1172583936
a41d05f2ae3e022c16088bd0,1284752128
9b30c679d7da9169580773a1,974248000
2795cdb2f4d568a782dcfc3f,1405467776
5399af7ea98c97b5906efe1d,757380352
5e93ed2a9b36625c4450b5bd,1762882304
d04d42ff91707e3957b4a29c,1256903552
f32ea78bc5ea15d700d3c118,373195008
8ce2d6e505ad1da079f34a8d,774545728
014799b9ef7d5244fb6640ff,1377111168
f50a72cfa82f3742189b7fc0,721482944
8876b38f90f5571639b7d879,1475809536
239a2dd25f604c730136c720,1593431936
db297b6ab332cbbba338e7a0,1043129344
5aaed76349fc95f6c12ced7b,1509695360
10c94f25ce3f7532bf4f3152,1276964352
d0ac1f63c75987c92038bd30,1762882304
db5ea791b33be91840a6d045,578097664
8627562772d9d63bac507fcd,1130629248
b1ecdceb6ac00b6b047c241b,1032497920
f499c1513abf0b05aa1f460e,1421993472
0d8b0ca08838d1dac052d51c,1261296512
c54a573c9aef013dfa2abeff,1205124864
f02865ea64b156bf4cf4cfa4,1315615360
087b564ba475edbea431d4e4,1672968064
2d3236cf646f19a25932676a,1205124864
68b547621c25c7418cfdf5dc,1295330688
097a1a08a389439cc2c760f8,462309504
e9c905ff64c7e2f8c21b0a9c,404573728
464039bbcabc650d659f6683,843633344
93c24fa31fa780d28ecbc318,463962304
a73206cd21136b209f25c7cc,593197888
852a11f12646f0a1121824c2,597733568
61953f4c9bac7cac5ddda5d9,1492036480
5a5377f2d087b7bb183783bb,630626624
0a85c354c48921e0ca202d15,1504523776
12f9d50fad58e4e40a187d98,1012282944
45ac018012e7dd91d41a5876,539550912
28f905e91295a47d106a3214,968889792
395e3718423aeac3d40494a7,527311872
1fd7e9b1e717578f751c21c7,932343488
e8bdc4a088a6b99a538a6f0a,702256896
45b894a8b028be29ed137f1e,1811142656
f5c866d489889ab2f124799c,1225743872
3d0de71d822da8a999bb6222,682526208
ecd0b4bfd66fe04c278dd4ae,314542208
9a61bfe6ba2b8364a92e5a97,1373966976
e8b8d0c4cb87efc13344bcd2,1561066496
1f39ea319382fb0e41ead713,1107088256
d61700c4ecc128290bc42d3f,383263712
d87cbdc4896e0e0160999520,441368672
d1281c9f037ea5c4fa683b84,399760736
310e768d2e8836432f8b3e97,444073024
c5498cdddd7856e99d21f52b,370888544
d3169d4a467cb7eac41849ff,652962944
2eeb4b0d7afa57b63778b69f,1284535680
7b3621124731bcd2e543562c,625236032
5703b4ab6e77d88f751bc6e7,964805248
2c567face144ca714454abf2,1096296576
7169b5a3b9a796162de685cf,1369708416
fd19e1b2e61f5efde879f6dd,942159040
55f0e95dc857256aec65ec1a,1546615424
ab03c034e2a420f395ca094a,617623488
ee3c0c7fe3fe73ad0449870c,1340274688
e59afca092e0ddaf60c9419c,1093781632
99e48a46a1a599471d3260e0,386113888
419398139a3aa2ca2be3f941,500070880
54c33befb89cc873771c3be6,1127223552
cb29bd3ae3d5da88c99d3db5,895275968
24258361a4ba8f772a83ba7c,1131352064
539c12d2fe8cbf950b75a0fd,891450112
7b81996f3abd287b50adf8da,1106708864
0d9e73c14529fa3f1ec8a56f,626446720
dd178fd542fc716e32b4136a,757428992
9aad22f3d25e46538e1558fb,1005611584
93df4118ec3536b312822d90,1550828672
7c6319c04025c4ed6aa3f051,626446720
98e04fd660ca1276d1510a72,310674208
4a8eaccbde5a4a6747818d29,605690304
9f6ae3eaafbdfd8d5c0e64c8,1486132224
5929c81cfde8ae068a8b822c,1334682880
b94ea2b8b847a47140d04008,1389298688
ac1b644a8d2ec042ca91f89c,727744960
8df9256029f526ca313202b7,290647360
e029511780468f4cfbd10d3e,526040224
0878fd8b66aeb22f6af2d7af,329323392
76258b7b7e8778cd60d3435a,784600320
d64a2ad3297e2fad8ce66197,424876448
8af6bb75c85a2789156b3696,212306800
40db880aba8951909e6e4ef6,1398027904
c9e20cadac540faa59d9aa3f,369703264
7d5459e48101349c75d43aec,706490944
fb0664d59b6333ae1861f343,842967232
bc6b57600fa9edfe13fb3118,1038541568
d309cdb5688ff7bdbb682d17,896048512
d17ba799e68d7775f2104b3a,885788480
2baa6afba131b74487c94d74,649273216
0b7c8732558fc04f4fc51ec1,865627904
0d8cda2859d9903f6202af54,453726880
0f2913c5aa681a2bd45a5484,918629632
de6010c57fe78d975be38c2b,1150178304
54b474bc7cb126bfe8e6c144,1167530112
b1dea7d384760535b770311a,1240221056
9e90e02c8ed3ad137e4c3abc,554719616
b59711a5971a3b482db4d9f7,884224064
2c37a1280b18e095b43e19f5,461776736
fcd7c10d81aff25d9233214d,558004288
c3b8bbc492a7d7bdd63da22f,980950592
42aaf6521fdf1dc9bc50f88e,459531424
3c268e9119b8027f78f91954,486074336
c8d5a0e9614dcf96a500206f,227874640
6c778557da9b5d99f90b1238,824151104
4514844d15690b7331fdb6cb,809913600
d8e981acf77bb46a9dbd3109,711486720
b940ba03ea60d4cdc5d2d429,1156357632
4fab4e66ead1948498d2a4dd,735934656
a5620899d410af623a3ff4a9,524534624
f45e3be8500d7bd91cc8855a,467807904
4b82eef445edeae7a55fd019,469148928
29881785ae39aec014c4982c,1137327488
0d9f91cbcc9339146bf75bba,439660320
b839e76df5d73e7d53691707,1010327936
7ac96f16bdc50ee7619f3548,1600041856
a102a0a268840439c2c8f4c6,474467584
e1132006785632e4ec5deb02,657417344
a041ed3fc0b60fc4ce3cf847,875161024
84b758716f47bb0f4e4a2bed,431800128
84394774ab45e0c8b733bed2,712115392
2c1c91f2bb4d9dae38a44360,358399424
8ba9304ea7b8d2b071bb0699,1022611136
9a76cc7c650230c670e703e7,1205057792
9b0833992397c6e50b54715f,997960896
6f192e6a537c1509521e1e8a,1413079424
d1668e2d35a939ed126a3f8e,1029369280
a17807447696896bb61ef8ab,1019948736
d043d368d2584ae95ad3672c,1508970112
7f2e3f2eb5abf86b56897250,959241408
fdb1cffa6b7346fde667d72c,117299680
58a3a9f44bc7846ae26413e5,706214720
af230af0c73a5f2b72787c1b,1308172288
3cd5562115870363ed5d7558,661155712
cb9d8fe7c18dba6827836403,673022592
742fd57dd463c1b5cb79f63e,781232128
0d30768d188b6bb53d599ea1,1308172288
c455b8a15dbfff94c2909f37,787541632
8541eec88f0dd8229b4fb041,426919360
54aad3aa4a166d2d50df48cb,1308172288
eb9a59d4e85a3f124e866f47,1742695296
d65946f9c27e417e6bc60057,558132544
dfbb0ed74ed85bd186f40ccc,176047312
84b05da6a859ff5384f37ee7,451052416
e2da7c1bb33be76b86b9a07a,471441024
456243bb3fab3e74df21b5a0,538943296
a947c2ea296f1da3d10b0a06,782613888
3929df6d73b3ba01bc018476,428112992
ce44699aeddaeb77f23c9b9c,1596337664
3cd3537b5f9475657060cae8,1073901056
4520ceed2e5fe3458850a805,1102254464
00dea98fbfbfeae74c513bb6,963160448
16da41b1128c039ff8f83919,634616000
111d509185303ed970d710c7,897618752
83ad1ce7ef6d70842ec986f2,563118016
74f8ffe35e8d3bc9be725d7a,702256896
f5e7ab7c2edf566fa22501b9,1266519424
2e1f3fb2323fa16150f8bc88,844256256
f8bf37a8f81a310e299385a5,378965408
7b71229680a50bc26677a427,652688640
1f7daef9ba898c4d8ac1c81b,672215104
415b68c7a5cfb073676c443b,529631456
856559e93205dd1561d8ada3,625932416
6d534e4baa1740d7839664eb,885788480
9ea78159ad117bd9c0b04291,832371584
38faca2d6e338d328428f986,445584960
fcc6c3c10bb52776accaf06f,986188800
9120f0e5a6f505a2553bfd58,1892697600
583a8d8c5d7fa63125f62155,801627072
3d04304c8644c81114c36f98,691334208
21fcb5c7e497f0580b820379,1267288832
6542b39cc8d2d13dc828772d,1034486208
091f6342ad934f4e7f84045d,1287458176
fe8305e287f6a8e7899c9459,494682624
d4492ffc4aaa4ca9c4dd2357,1063256896
319b9accf9980ef2ef81099b,769004416
fa84c07cc90e2a2058b57c9e,707004160
c4749eb8f59cca469236df01,450485984
b8a5928cf1f7e704e9933bed,1227322880
c2ffdd10fe424afa1b09f31d,538379712
f221dd5d745def063eeb7258,653975936
319ba1ec06c9b6ca6990f4c1,1481081216
29e7796eabea247af4e8a0f7,804055296
ddbca69ad74877086c4110e6,1132344064
c858f0f3f5594e7bb0f3b6a4,1303895168
88ae3f4a8ef76675c66e925f,1421281024
27e0810a702796d97878c34c,757367232
7450139ad1b39b2a380472fa,1686227072
35ae7661d8191507cf9e7cdf,585414080
93b8ea95ca1c1ff3881d91d2,731143296
8e4709859d50a75dd08b03e5,1174677632
7026113e0cd7b2d17f8a3459,1060073024
9af956dd8d83bc715592b97a,474732736
df10ecb67d79e645f77a90a6,1312098304
14feeb619f409386e6eaeda5,697320640
1a6b9a6d92ec5e905ac97cce,730278208
057585ba19d6144408d4e2da,402073696
72699647b590d11ed9b2f2e8,385821568
cbc99d6202cd3a31e1c14a16,363303584
ce1d63bc4411a615b816a76c,1304719232
04f0fd25e2456759753bd2bc,608600768
8c0154eb5be437746213aec8,1682846592
e23017438478050a655f6d67,1156999424
8f0b6d6dd914911c7e90d302,1056286016
4b38595746dcb78fbb459781,696928448
95aebb36dc0b4ea86db49492,1507596416
f900f7a9c5e2ea51689e8992,1346735232
3fa0d9e247f28968a5bf8476,684287872
1240f50cf2d8ef1d8713e671,524104256
14a55e5887af840860b41ddf,398871456
3ffefb3f453c54585fa6ef22,824151104
c3b357d17afd631df02dc39a,1087101056
a15aced0fffc97e219f99545,742389632
cf707785919dbb92cfc7b5f6,1489195520
70ebbf6a402f0f707b893979,746247168
aefb3cb6ad2de9ffa90b9534,689595968
b2809471a0164e3d41b8fa60,1696834560
6d11001f164d81734a82ec1d,453726880
ad71acd782a4fce4d9af04be,624989568
ca86f53a857c23b15eef428a,1074051200
580452a616b4f5170eb628d0,1098933120
7dc609a3c7a3ab1f9a3146e6,526605344
e8fc9a1fd4b39f946b914398,614739840
0d3bc6532812ea618d154bdc,1456405760
1ee436f045a0662037f9d2cf,900641216
8697b1d337145af0ef8e4619,1875464832
9a08127164a0bb61cefb3680,478831648
e08e1f260e5c3231c49e5a96,489982592
b96502e30fecdfae7796f1d6,718071104
a0b178016cd26a1d2072e7fc,741198528
5e3d7da3cfe55ad1fe609579,841955648
30f77637dd52e728efaddd6d,1429427840
2202c5c9a16b771d1e242c18,1044288576
3dc8277f29d0a2406fa25ce1,1193602560
a0f86ac00934b57d85b44dde,698035520
9168a08b1fac4c5448626ff0,688797504
cec8daf847f52cb2845a9f58,1305517568
ab7559b75b340275587e50b7,1671303424
a392f7f9ace844d712ab2b4a,1699907712
dd21c6799a32ce6ef27f5281,479533536
275ec6bd936600c7eceac599,1625643392
978195f1745ab7e3d69e1f50,1107088256
0e3f82238c54e85ca4229977,917511360
bc168cfefe964762cdf8755b,660534080
d22d5776b6305308c9e774d7,691300480
94d3fe901550dd4ba77ffbaf,1403579520
63717ed97f95e32b2ca321f3,1062589248
a7df0496d6ce217fadfad10d,1488868864
51a696388218fc2e412f8806,620875584
a918c218ff761315988c6335,1419781376
d3609eabe59175fcb4441ac2,1601914112
8af2e264b801b3e155e52be8,1491726208
76e4ebad138d50c690f0aec1,431780384
9a9553eb431458a3e30fc672,727369088
117f37774a78d65f9e68f906,807136512
0c8b133effcdbcd49d52add5,812705728
5e8b2528c1c0a5c12a476919,899226560
38d6842c2807d54f386bdb5c,1077665280
55f747145222c070fdd50175,1031133376
ca7d715827b39c417e5b75ad,947614656
b219848e66fb065d4d2441bc,709851136
a04d3f4eb8810a346fd29ab5,1107088256
0b06da0ceff947975cf8951e,1270751616
3f35c44229ba13940d8a705d,1673561344
8bdebb8914fbcaad625b1764,558107968
f4635193372f669612744011,963160448
611a369172eb6e3e2e4bdbfb,1441480576
6689af92cae5d7c9c3e2f215,848249472
e382002b0685aabb01891743,910458496
edbb6dd10f8c9e7596368225,885788480
89b0592a715c9e135967f947,711522432
a67c6f6400a176e0a07d6772,1223405824
5c6e6dae74e39d33621c7119,1616364288
0e1c100d8e57de8296363d6f,767728768
e2e639b53456889ab5350ba0,943609152
93acd9176ff299221e0d2152,1075438336
cb482d76b3b4904c595f2dc1,650080832
a0e15809e0a284fde27b16ee,1267917056
9a958690c3947f5a8f05cc80,1183717888
889bd77c8271961a6e4925ea,995953216
dc082fe46a714afd43b9dc19,578143680
99f8eedcdc31cc0ff6fda7a6,496276064
dfa744f733abef97d82dbb32,1230631168
d50b80d68eb3b928e4bb4317,1054370688
a58acad50184e66794d8d704,1241125248
52871480f7bdf5ac3d785630,937899072
8b083d7ac086f52fd2942a82,592882880
301ce25214ddb4b5144373ef,1542281856
6d76a22793aa9b571da64572,1496344064
d7c48db0385bdbf7ecb7088f,1311336448
874e2c6f3e9f90db80d243d0,557158528
249667af8d0835c9830e2b37,526463840
75d3c9e0da9a24f4849f2078,340920768
9e45b127ea0303f973bac9d1,417613760
daa0be53e7a1d7ff76f32955,1296694528
bf7463534babd284da6ca671,307874464
0283890ab76b10547b27e634,782881472
5fd213a5236154ae5206c372,1949117184
317e95fad7d399673719537e,1191577216
fb14ddcaa459b49a3b30eb3a,991400064
4cb5e4aa83c476a5b71d77ce,542833984
f54d358d26af89636906f686,1577859968
f002603a6990ec405d82cc47,1127223552
e3b7dc4e8990f3cd436bf738,962621440
97c799300453ab511bd06361,1147913472
3c1ee7e502c6bfb20873b47c,911023296
cf7741583fc5315ba70b70f1,1247538176
36a0a1f0432c954604825b6e,709294592
9836bf9b64f27104c7863b79,311317760
68a3f9ac977f56cd39a6a1b9,1542281856
b676ed2d0af6807cc2b28ac8,824077248
430112bf4fa9324f0149a879,408238272
fa00e05d83ee890a38c3a686,448009472
7d503f126b5863fa0626d4bb,1087418368
ec03a01c961659f2cfd9c973,488001024
6a112af84d5a81f3d16dfc32,1540873600
4c5d3dd8802acb9ee22ab912,1168058752
d029158b36963961fdcc3974,1234951936
c2071e85fbffa3d2c2168319,617502272
60a04215bee81d26f20cf0c3,1011022592
6d4a961e099de1939adc6496,1198297344
2383b8bc2cd3d307caba34ba,324685024
d9357452fcd193b6c5284bc8,1638031616
863f8f2aeda01a9fea1cb3e0,927150848
d1a6132098a4bd640321c7d3,1244477312
6edd2530070918074c8e7d07,517552448
1cfe7df5431f3dc6a9289551,1487104256
c617d1f15d294f0b0aea8ed8,1011450944
bbdd78a7ed332e679c8e526b,143928560
45969f25857aa7263927b400,1405538176
cdacddfdb6ce41a3eb752496,482610368
3f87d08afecc4aba03587848,1508970112
f21d2c0802e3858d493c1984,1175072768
660f3f9ed9a72d8875a9efcd,1106001536
04e29dbe2175919265c82463,997836992
e4082fa99f92fc7a89092fff,647654336
05402dd344c77623fa053ffa,835942272
c5f7f0323f554a7419f78359,1290681728
501193fb57014ffbd7bf218f,755395712
0922cc27581d9058e55a2239,441099136
4dcaaac494053749f30875fa,1509821440
506763d35b04358fb0e967ff,783302848
8c40078231bf7af2f3a06457,587260416
53e14e867f8b02c6043ae02a,261938416
2364014bfd851a68a824d1da,1381912704
f788ac4a8b2a6dc11c458c90,1173001856
093c849ad2bea8292c4d15f9,1031022016
71a8b68f38fccf71a229df76,512822496
ebacfa0a8e569ab603cccd11,365569088
c963faee3ac527dfab08f61c,493251072
ce3deac5963eeb96826c14f1,1425441664
5607cef08511dbbf3288a5bd,700204288
8a9e6d0839f9fabad2fc3214,676699200
ff03a8cc833d067d439b9903,1447332096
d3e119e8fa4d96abaa8c43c2,1162000768
25b893f6073bd66258a9cf03,618056960
0d70ceba3aea278cb4a2082a,1421281024
07f9017eb4b8c169eb9de536,944531392
7cad62cfb4fc3ad9acb09f1f,478429728
41d174db6f695472063ceef3,664690432
4ecf579a5d5e70d3b4314ef7,785953280
41df29e27c0bbb52aa8ffe49,668751616
cd77cb445eb0f72df89b9fb7,898971456
65766c8572b629744f00b45c,600250048
946eb4523f76bb23d0348309,864359232
453202a234f5b370ae9e586f,1209180928
4e1b5798dcbed1842f260b17,879174976
f1cb3c0b97ae1c6819fb86e0,1412672768
24a89527a6744456750baf54,486535136
a281d59b685eda4978e0c84c,1947904128
6cc9d912370da36c38ac2cbc,1451241216
10563c278e7ce8eb2066d398,1084472064
a1b0b8d18cd78b7cd555dd55,684163008
3cf9282136fad24af0f7ebb1,854598976
077659c14c3cebbe192f8247,1266519424
c372834e8e7a4279f861aa4c,609370688
29daf0d5008fa9e3f0f30132,353547104
08e1ad8d1f0be0287a395ef6,747828416
19c07fc2b01a0edec4784e64,588681664
c2b5216a8050ea0fe4008f59,638448704
29cc054742b256e6fbc6da1c,791171968
755a3e09dba04bb6ba6c9851,1162785280
c98157c582392cb895071f28,1323571328
84f47e531a916b7f7dc1f1b3,711486720
231688922448e4d64622120e,499445824
9c7c68df14c238ce0b497dd2,1767399808
d5e29042106130114cf3694c,399784512
08d4fa42a34c74c94db5080b,1257097728
e89fbcbd4d3414e30c30fc29,789820672
22af7bb676cb4c9ffe014506,651395072
b20d6ca58e91ae70b6e0a1a5,1802158464
5c372bd1e01f3243256e27ca,891450112
1242d7e61857ba8ad285b6f4,1006851904
196ac46f656726bcb8087ba9,825470720
ae513b65e06b69e1ff2ad8ec,567688960
bb26b45df6a70b6414958912,567688960
9425283b41165156aacfd43b,340009696
689b510fa99bda54284cfe7e,1070954880
c57d333e383039db0fcd2620,1638286848
86e98ed0bd2565b661b81ef4,741118656
0e694269bbff1e45395190d6,1196902912
6511180e3128e083bbbb6940,1212725760
59b271bf9e2d29ed35352f5e,567688960
a4c324b1353d2f7ea3ae9727,567688960
193ff8d291a9f163a4f3301b,776715136
8ee4a7cef562d388b8444c29,567688960
53bdf5c3cd800459acca551c,675459776
35ef99962cd5984ca87bd326,1695210496
dc33d5ffcd2aa2b7d56d2ad3,1094257280
05c47739fa4c4f00285a2c48,1145422848
a51d415712d8d6c8add7009b,1310866688
71493c81121558b8ba18c1c8,567688960
853a14b680761098d4bf6136,1217732736
c9d5c08973c493f3acdef892,481897312
7dcbeb0aef2e2cac0d73315a,431780384
ae5a4da0000f79f12142e2a7,1095980416
1f6050fd5261a2d21d5a178e,378323360
e3f39c6e4a41fbdc4bc30e0f,727369088
9d157878dbb41c14b52a956f,838085824
e1fdbdecc84b991f582a2e00,455992192
3a26efe201689493724ba464,718071104
6670cde3fbc11c263c6c3163,675756160
780ae52ac9eae675f6fdb312,885788480
24f22d76b86498d5c3563288,619552256
fda25a0b6b9f62f92e3ea6b8,453972128
678ba0c80536dd27e385b31f,506946432
ba0d0663943a118228fd12bf,578506304
81ba4b47e9222c15c4102992,453726880
d9ec26c1c3e1811e38f070b2,369620224
aa850af0c6203104e6ed02fa,528189632
c697ec00214cad882d5e9812,557741696
4b193d78ea6e3740bf37b36a,761813952
08c61259a756e617d976e8b8,847839616
c1c1dc8df6996a94ef3c7d33,1076974080
3fdfa23ac43d1df0503ccf1e,557435904
bd4526ea5b404df442892788,435761920
1062419f9cf94418ba88b6b8,707217024
1102f91444b8e1abb636f1bc,1045584000
b96b4bf38bdbd61d4dd0bde5,1356782848
45ee2db87e9ca0a1a9faf050,847593216
556cb23459a9007127b3ad46,1301725824
a613b18945052b4576595c4c,966706752
fce385656705a8f4389cbb6a,1031133376
bdac560af3e155db33d13d57,835768512
fedc2418db2353b7c97a260d,1041044800
4565bcc95c54bf0c8d376eb0,1040837312
5fc559104e0ba1112ce00f5d,872650304
74fdeb4c56b29662f13aa8ca,1085881088
fbaf74ce4c2c6e88950d3fdb,1177131264
5de0f045039122af0052c544,1087101056
e18337bbdfb106a3f1739960,763583744
e1b9ae3e0ce3da16f18e1079,910137664
a57435d71ccc5f032baee302,1241125248
fc5e8e45dd0a338ab5835428,613440768
918bec54bd7587daafff66e9,1421400576
86137b9624049333f7e0315a,770210240
0fca6767d8f442da1f8bc6d2,682339840
3ea5478270517f299b20bd06,579587712
dfff73eccd591bb26453eec5,1231751424
e2dad5c148ecc797018439b3,945829312
b5a62d480bc544f891fd8521,895275968
cb09a84a1d7b929607d01ee5,532847520
af067a8546e1177eefe24916,613440768
d6f9abcb58befa3d05373a72,754266176
ec2f16aabd36fd9ee2203276,1564276608
dcafab7adc7b763bb934496b,1169589632
ede43dcb1715b959ba34a37d,836879936
40dd67aeb6e9979211c9345d,405077056
31f630c44db4be5360a57640,802229696
ee8651631861c1b94283a953,1276070400
b7d245742eef110adc91b5fa,1288594432
ffc49242bb0edf3e22076501,1081281920
5c5963c17bafef1a1bfd5e03,663748672
6c589b7e6a3cfad34e98bd87,869926080
71ab3644da08b8cb0a0b34b3,1345821312
aa668782ae5d0c16e57193fe,1508970112
46673c69814a0b3f25818dee,1646489600
b2a417a8d2440f9124fd2ee8,1508970112
3e0ccd899ad73579898fe73c,1127223552
e6f2c7d7317fd433e26878e4,1043129344
2d91b3a8c62b890fd246183c,1422522240
fa653848d69ce620a41a73ac,1597832576
3b6c94e3e3684eac73b3e7f6,1811142656
a6a07d35b3834bc6f81beb6d,1546151936
a39617b7adfeb6ae7d5ee5f0,903931328
95e5e774dac6f0159e8afc0d,873697728
995362e3fea8e54538ac135c,371580896
42525c57e13abbfafe9bb395,1641257216
1ae6fd60628e7d186a5e0174,461267936
082293a465231208059c5d53,459299552
732615f6d1526ec9bd519eda,262558512
99e9c4f8fd7fb7929da10a20,370144736
1a75e436fc23e7f48e639b9c,460267616
54cdeb67ca9ea56205e4e533,1075628928
c412ab869616d6576cbb8309,1275325184
b17840ce59c9d9619b46534d,765282432
a14f071d8e5c338d9ebed23c,408356160
84d8504f0e860b0760c3592d,1348955520
a3d03a25f84f4d50d2a308b0,398107264
bcdcce01d86d648c4502d42f,747828416
33379968a83c8a90c23e77dc,340009696
ecc36a3a4610829ee3f88993,567688960
f4eca80958b7a22922b0efa1,567688960
3b4ce006ef95420847da20b9,567688960
4fb644a95cc04f7bc6cda786,567688960
f8fad48343ee5134dbae918f,567688960
6e8e08e09da8dc598b8a8b2b,567688960
56ff1f7e81fda0c8491c354d,567688960
444f102b4d54503044154ff5,567688960
e0eae2174807cc7ada38c726,408238272
afde90f91b01b0282bb94335,324685024
1d35c364daa0f021ef263c60,143928560
8c47395a28f8177923d7b75b,532024768
98c98982020ba42198aeb45d,676699200
ff424474d2d10a2c2a1c1892,482610368
971a322e9087b67650689ea0,1175072768
45a7517c4d29f5bc7787dedf,1011022592
74a51274abc8358d628ecfe4,1168058752
11dc32d92ac579720303c019,476717376
4c25d939eb3ec218403dc4ce,448009472
55597a7b8637f24198415ed8,741118656
eb7173223a27076d16b87f33,755395712
709d17b62bc95253601f243c,1234951936
fdcf0e439ae8b2ff5730680d,835942272
2524e62e917e8a1aec5c9c26,668751616
ba601c13d20602c988d57246,789820672
397a7d1cfb809e34797f2bb4,1173001856
b54d3ce25f3f03cf3fa0127f,261938416
d51bcf03d649839ca803c357,462548640
e9fac47a0f02f27abc96d568,795618432
a52bd93aa6b0d965914f1101,517552448
16601a92574531c1fd57a359,1094257280
0e64230b70f4a227b444115e,997836992
ba2118c330e19baf4f3ecf94,542833984
055e29f236bb61603d4ce9eb,684163008
7c5c0f2d9a0e355069fe1c64,1162000768
e781547cf6f8cb4ec0742b5c,854598976
8caab74ced535ec5e75acdfd,675459776
9d64345229b60ad1853d94ce,1695210496
d128186867f91603af4fa481,1447332096
f8fb6d1b0dafc28920393dab,1447332096
33b92225cef255b0e4b4edf9,1101582208
7eb78d4dea434674a230caa6,1084472064
833bd3c8ef9d4da2f304a94a,1421281024
331f0957d55d7f03df7fdc4b,1006851904
cee124f4b9031f59c4fbef47,1522583552
8a9663cb622a55f2a1a8e3b4,1767399808
25d4a0ec9301ba5d53deb780,1011450944
38d4b1837c595b6d9a23e994,1509821440
a21923caba05da05449d60f6,1106001536
63cff4b5ebb2b6528ad34cd6,1191577216
948c392520e1cb3a030ce86c,1381912704
b2e7fd7bcd93309664cd225e,1310866688
9d6be7123f2c6e610971374e,1638031616
3676e34e4824101f3fd9aa2c,783302848
f849ad486e84a82190675b89,1070954880
2fb8b2990751692b8ef1ab6e,1290681728
5155f70c7f8978e487e71479,1405538176
4f076c220dad47bd9bf248a6,1638286848
480041bbef3a540df2a36ea2,627942272
4ca66e564ed478d06c471357,617502272
454e4126257189bcce9b681b,1264846976
10ce9c7a0a58aad19778e5f2,1540873600
dfe8e2542755d41d920e28b8,372932896
5115b0da9c95559dcee9e58d,1008508480
8a0053376ffdc75d0bdde77a,1011753408
5688288ee38f1a69894ac77a,874355072
1fe514ada76363511cc79105,1077057792
885a312d9a5bfa8a8db5279a,514883968
c716d4dfb5a3c2e1120bd84f,730064320
689aafdc12fd1610c2393a6c,1035664192
c0c4ecc8d3aefc53c4c06a38,377626752
30091c32a5046d563597bbf4,436749856
2e58c9b6fbe9c57c83bc0aed,1529722112
3f7c5d8304fc650bf97247ee,1292519168
56334a9db3ccc24faf138edf,697453632
6d0680692396c07afc1a260c,562019584
9e07dd563b6ff4572f5d9031,857633472
1278c9fd86258bcb435e7127,1003801472
acf0f98cd8f8c8ce06f30ab9,1505238912
5e3785bd517f4faa2bcf43d6,1601533824
cfc61dd41ee5f5dcb76bacfc,414436640
2f171883b97d9c02b90f93a9,355108832
46aa67b5e0abe39dae442d76,355108832
50cb49d65d04a5d166f96e3c,451107232
06c1673c4a7444e7aa80abb7,554665024
53881f29c7a6bef0ab537466,780297664
2b028932adc74c961170a4ce,435490432
f3a1bbe01d265470a2d7332a,162016848
b42d5b5b38686929eadd56d9,235700544
bafc63f23f097c24d36c76fd,660058304
f164514211012e3a1686b148,90246976
82b90288bffe8c1c0b5a1259,693051904
2fe64bad1bc8a43fedfe0700,946946240
da5b958667b31f4f9a1d84a9,397350304
b3bc9a04a3ebc1b911326735,1439388928
9ff3acb07666d53f00d1f1db,1631531904
13a44ce5066ce00846b59ae3,1547022848
bb45c98dbab56e5abe20ac0d,1478040576
f88bade1cb7ee0fa643f31ad,985218304
e9ab6916a79b4d5182d33bf5,1263646080
144162ecfcba71bf09048dae,1101437824
19466034c2ce19c24a179fe6,956529920
3787f6da3e961c0e10d30e6d,1013537280
908330b0d2651093c0bb6719,1096374400
66b7baef9c6c3c7ad24636e1,1078004992
69cb0f3d422c2c78373c2e0c,566937216
1e866483995b30ec7f79d9e8,775317120
866f2a55f42cf30c4105631b,775317120
fede7e1a7a6f23338af6f40e,866675520
7447156f2967391975d335f0,956529920
08451af5a81fd6a63c4012cd,682415936
f63608198bfcc858abe1ab0a,1115390976
e9a0dff7ae48bd3fa2ecfcfc,769372288
cc97f62e2fb9d3e31ef1c00f,776509312
ed40f198ace8a4405cce7a1a,965328320
bf17b59bf2ac2d06894bd786,857598016
e118b149654cca1c0b3a58a2,1226067456
7f9bdd2157f6c3d488c77ddf,1552762240
9350225547486ad75c0b5ab3,1052255680
d1166776fca47427c77fa8e1,1258337664
f719b387fac4f688b57dc646,1746929408
6ce8991a39ec7b9883f85000,1160171008
353743db4334fee80ac08d0b,1171644672
372a3934e8179422b5cf5729,778624128
81516aa72c98ded9223db098,910373312
9e80db4c35139bbb18775644,1573284736
12ed2c22a923c840ef616a3c,1288799104
7bc57b136bcec053cbd073f3,1719319424
77a06084509952c6cfe8f501,723156864
73578b4214e2eca83b1e70ac,385072096
527e571030a7d8fbbf1a41c4,1134417664
961baf163a07179bceba67a2,977925056
76b41682fa6953a3b20d3f27,1380508800
cceb25e83ecf22252aa92d2e,1313565440
210ff5d4404ee8578a5ecf9f,1245615488
398274b1c46fd88151420c6e,294724832
5b328b80dd844db2e946302b,474467584
4195fdfe50e42e9981fa2f4f,973070912
2d4031f171f965d7dbce0ef6,730766208
fc1b713d5605b0030421d5a2,1171840384
cf6092df1f22a7c4b8ff9d50,704675712
8dbdd7c8971a514eb7cb4d3f,1241125248
c197faa8bdbd51c075a6d3bc,1104572800
1985a2a5c3b2b0c7eca22afe,805479360
92a1a8b617b6d2c3669167a6,611669312
2a330fdcebb247d6a6fdea23,833242304
c3dd975d0aed59a65a784e47,1074124032
608a2339d558a6cea9478756,995823040
c0ccf6d535d1316e37e1024e,965487680
229a7640d41a8b8d6d2f8f83,1508970112
e3950ce025371da2b4ad9db6,1501244032
a7e41393473834db30f2c1da,1125365632
7dcd1597e11f83093cbfd7a5,1229299456
71235a69058912dec1d355a0,1479829760
349602317da0e456d88fe24f,1356244992
ddccad3e5a4eaf791ce3a7c9,768654016
776d7d1326576f07762ab3c7,956944256
1b88c06bb3c1bc2bb39d1b86,330931200
1c5c4f4c731545aa3388c554,831219008
aaa67089a753d255215c15be,529075328
d6d5717a4b7e2edaef162b6a,616310208
0ba20e953e8e76add161cd6c,369703264
13c39860029403ea94b5439a,1776368768
d5436eeef04e1a8e51a38912,152899584
21f00ad1214253dd5bb97817,1612435712
5a3119efc021fd0f102ab958,909399360
331c515e7f0dbb4460810999,333453056
9e360588b18cb15aec3b6609,1235240320
a7cc7d2ceedf4d69664dc734,580412608
4e78cffaea2008f3919ba0ae,562791040
452e0518f7164287e47e6354,559843392
74286242739391c4eaecefbe,676081280
df06b65985649c7107b794a4,388156288
b6a21387674a509514fa5518,1355488256
6752fcf8f1af18d61124e32c,615734144
a7e40088cf53acfc65f4b3f5,1761543040
61b9307a25be3119effbd0d2,735934656
3061729865dd2d68858600b1,551677760
ad38d5660b6f1eef23b76039,772845376
1d493f3954b15e84c41afc82,296771488
57744cb947a923584fc6bcc4,536546144
16f60cac352cc0d668d226d0,303423264
accf7bdeeff29ec7a209c509,323643104
a694b9ab05641a6325764e63,724768384
bdeddd3f84cb0ffdd1fc27bd,481455744
de9ab30042562789601833f6,38580296
1a95522f43288e32addff2ba,899254912
3cc722d5c764ac261611c2b0,417786560
aba85a8a7ea2def1fdd18587,670114176
b272c1025cf5c1e1df47042c,426578816
5c449356b8b2d7e0928cce59,1058095808
a56d3b5bc13c9849cf676750,1301771392
942c934c0d41ab822d60c795,650892800
b0fe09d086490092f1690fc2,787733824
7abc8a11d3d6c905de3f567e,547096320
16716773b2a43df0332622bb,393398304
98fdd3fc6c9447d0f05eb1c0,511482112
a59f39373ee368259b441de6,630294912
cb778195c5d61a7c4185424c,1159264384
c0277899d5f185cc78fc4a79,377154496
44effc9574c74ea4ad98ede4,601258048
e2d00e4fd93a02ea81895355,939222464
ab405cd390c0681c3c67836e,1502794112
86db204f7ef6e0e0e6687246,1241125248
97b791fd94b2339ba115a75a,653975936
3897d9b5fe3a0cfaed7c18a6,1048614720
ce206b82f2de3793156baadd,716387008
2c924b9d45667f7168bae6ee,414297376
358eb586d9649d20dca9bfcd,1221531776
71b1fe15c5bffb750c99f648,917291840
eca500b92ff96f10ccd45e54,362111776
7b63445c5e1ce95bd12c31ee,999265408
97d64459dfb368b1f6067ab2,1241125248
1b09874d5a3e4c9e0d544198,776371264
54fb79bb019bfd10e5481ec9,967045632
b3b63d292523ce0a925b871c,725799872
09759befd8899fc1e359935f,1166957568
62e0110b1c8dda16cc7da89c,1241125248
d98ba43504fb49a4f0bd9c05,895275968
48815b454dfb64fe60e2cde4,497958496
40a65310ce666e80a9611d4c,262836672
a8c5674b5d110d99a1e097af,894344064
ee9e7dcede0ffc20442b4407,192639616
9e858250fcb7320b65bed9c7,1174163328
bc76b078832a3a81b6d637f8,809823872
b06d3ee14ccf3d46fe2431fb,1392376448
87332a7e03cb851342667b98,1175672064
faa37a79a1d72e4b8b0c80a6,1175672064
0821109831351eb2501e362b,873039104
8d01d6561223272181235c69,864791424
a0f1c94cd34fcba92f59a59a,905535616
f6a5c88d1bca87c1e89d8084,1214500352
55118881731616058c929b1a,944752256
bed1fbafde11c156b655e04f,966883456
819d2a7c3330480b7217577d,1150552320
e1967b56ab8ecd035bf39534,1329194752
08d0615cff29645ee70e20e9,866098048
2e8af16a155fe18c8c6730a2,1333638656
882e8e77fa1a71288f6b61cf,1370349696
7930bb0822caea5f6451bfa6,920848896
993a18ae04d78d374f854262,1403271680
e5527bb25c85988e00da339d,1319323136
07bd45129563bd2fd974deeb,538780992
83727953ecffc17bed632d94,891450112
2e2d3f42f4f8369733b3bcb9,587557376
3b23a71bf40e800a66bdeab2,461751488
894f346e0ad39c57fc0f369f,1116890240
d1fcd31555048d043cf084be,953300736
8d48f73816b248d1166a09db,673165056
32d5a20c542a8194a6aae965,778020032
53870de54350a8cd7c13f014,1285913600
31cdb68dc6476128c4bb2f5c,1084934272
4be6d93d8ae1375156444f05,711421504
33a7f6aebc3e2d480d287199,1212467840
e1e188d3f9940f9dad98488c,1290038528
76167f6ca3d2c404104b77fd,1281669120
9297c340db8a74e10dbba148,890355008
0e001ee8f27e1a2fffaa0225,1381810176
ae3868ac8c44128b8a955829,831516352
bcbd20cfc50e2f032b174b56,489499264
253560c855216bd9eb102595,828835712
c9c769e7ccc99016f61269d0,538711232
7c07ba1982289ca3abcbece3,834614592
c5c024d11b3ebb2cd088bf6a,580082496
f0a8fb06fcdf8997bcdcb03d,1103847424
806f9ab2a016e774689ce2b9,383263712
4491bda913188aad3c66ef20,800303872
0c37c0d27631960f9e0fda1d,801829760
b50b45bda0905a116f238c1d,644427776
f0f8e755058d48542b9cc4e3,850873024
b3005057f48c1794b7974f4f,1275291904
e1e5b0bd721a67318a3848ed,460665728
d96155b72c02bfa04f7ea98f,636063680
3825ce5030d951ef0fc2f7c5,311520320
99587dcb4237fe90acb15b5e,505308160
452ae373210337b8008ea2a3,1606734080
09ae7df5577582ce7e7b0aa7,904155968
b98967876009fab4290736f1,1294824192
24a4a43ae4c687bda1066227,1578888576
c509f2036a11b7132c633d2a,1310566016
bda914dbacd42b2b7c6c5179,302070400
5a681060eeb2fc8f1b3261da,760851776
016bb199b12846ccb0b03191,1156026752
ba94676bc0385678ce3780a3,730598336
b2183e5bca67574df7d5985b,479382048
baae43ea29f7e419bbecf998,786400128
ff1a7adf260e637bf316812f,385632640
8e56b5dbc4cf628ac12e5bef,1211295488
c8941b8d7626f7b33628158f,684214528
d504ed869ece1b1d6e724452,559761344
1acb5576ccae1f0534f614df,670299328
ff228869121d053ca7bbe431,904606720
ee4dea05e93581750d613c59,616310208
5d507cdfb7c233cf96dc6a83,1016944640
faae4324336f1211ce4c7809,1050159040
9a8e471c8f4488c3799483ba,401880064
d040e15e50d655f4d19bff54,320700864
efc7e89ddf3de559154d8e0c,1072662848
e91598736dbb7319952f0dfc,1121111552
4046ebeeb7ab85affcfe337c,1650547968
d12059af22bc7d6ff170430f,1113507712
99d39d72083d7485e8944a3e,614910528
b9ab2dcd8d1855e4bdd540c4,1318130560
97106114a8d353ffebbd07b7,1721833088
d5c950db90c92be5fe753189,1369684864
119833a13f3f7df22d2b270a,538711232
b2078743e33e1acc49c2d2ca,1013975360
fb9371f86ca6f4e62ae374c3,692494784
6a39a747417143f0cd24f3bd,1455855872
7bc0c9e2760e4b1488522768,1243983872
3898683e5d24bab9eea24d30,1212062208
be0e466ca7d6942282c8626d,733737472
2d65980024ded46854c25260,1603570944
87aa28825a5b8ffbac5f2e2f,801487808
918b0d900ead8267aab4cdf7,556405440
0c85506b301862fb58b467cb,484379232
4bd031478b15017efd41b2bf,1180152832
48bee96c1f65b8e283d67483,621034496
7618cb8d215425c931f47886,457760224
a7a219e7cd18f3c4b83649e0,721800832
9d3f5b59b9735da05588b3d5,465738656
6ac5f5f52cfeed2f0ac9d018,881137344
d885902c923752eab7b619e5,385426848
b183e2562cc4816244ce0e1e,634948480
88622b66e6c47cc62c3824c1,1061529728
01230eede2a4a74ec4ee5105,700041600
060451a9e3e0416ff41d253d,824222016
3ca0e7723afebbf53e390297,966431936
e2ecbfaacf11ed16fd71abcd,757428992
1f0d83013ea5e4c3f4beb583,1010800320
450c4eff7e37a271fc24ce3b,801966848
a70d331be751cdc3bd0aab29,-23673656
41ac76d4fa450fe0c377a0e5,309024096
2ef8a530db816223dcf474a1,398107264
d09c1af87ddad4ad11b82626,370888544
35b1cd8020e7efbb9ba5adde,785953280
6714f846f2fa3527641ad96c,625236032
4cd5338bcf246ebf263baa35,489466336
0878a639ab8e6b6e69a3df41,838345088
f4c118396d781c140d8c9b08,601512384
27151512d4b592014137ac1f,577330752
8e5123f5ef1da66571ccb600,1671303424
c491a13a87fa1ef595b35826,1139180416
52d6c4bcb442eebdab338116,1369708416
e23d93ade25e73614d7bcd77,1284535680
43059ceabe98412315566838,1117598976
93b7fc7c4f07a7f117e687a4,1020483456
09caddf25db3ac8e1a98565b,989081344
e3034ebf243b024cbef83cc9,1121882112
63cc884a9c5c888de176461a,666230784
069fb1f8d0f06ac2fee87314,166575728
059aaea3859c4b9662ab4df8,375238912
148b157ece514d99be0a7f93,273237568
9c4f397c093dde7de5d485cb,1226716800
e28d8dac5c1c75d295a9eb3f,375238912
a804849802cc0820d25f955b,375238912
fc43df7f26644fa464ecb090,448678560
608b26adceba64d9ebc5486d,375238912
be8bbf40db0dde8ed4cf338c,375238912
d255f73d4066fe559065266f,376273120
c552cfa8e6b8c8be2c963ae8,602923328
5ee020d4adc767b3b16fffdb,577281408
2a01945c2ce528c02b391c61,735934656
dd7ee555ce0b2d58dbd8a9ea,288460032
a732aefa7ea4715325e9e80e,445300416
c6faa40acaccc1603c29df96,448678560
fd8caba10cd4d1df27605358,650067968
788c49c17df556bce0abf6ce,1735522048
2d0d803cdbeaec6e2626eebb,651395072
0872074f7bd512dbd4609c85,891450112
3f97341f90b11e6a7a7f7c2c,1347972736
2bfa301ea435f929e6c0d1ba,571537600
1d029020622a600aad4c2991,787541632
8a100bd7f5da66664a2680e8,382090816
1441a28c376a20c90d72cfac,528189632
495eeef459e80680720a0ec8,408751232
df81d07cc6e8fb0a01c0f404,672132928
e23ae41983b9f112f05bb703,705606016
a2ba273b099221390bee92a9,481455744
63dfd58a5c43cc7c0a468209,392285920
27aa789e29e52ef8d78b9bf5,1456379392
fbd613ac06b6bf20d76822db,485609056
2a805135d8030b614d9df9aa,742422208
22c9b57a67cbef0920d09174,804184256
fb76da6072bea5801e407990,426374048
9050b1061469970ce28742a7,448134080
96f5db1dd0f36d1087172fcf,600836416
38cccc333e2c38bd608e1880,455992192
efede59a47d17737f90f4bcb,698489600
bca5301e6460eb859b7ef34a,565539776
a23a13e43f3e08ab82c6ef82,426055520
8437a42a8e7ebca46eb088cd,447088704
6e3cbc252c449fd4b758b97b,368520512
6cc6b0672aaccb8909f3a751,885788480
c60c2efec3c12959d86fe3c8,478429728
d0e45d520227ef8a1f53ba28,482054528
e45293f1e6ceb2fe79f6e0d5,657867200
4202dc3f8255586e1ccfff46,386532000
1d04d5450762d664fcfab674,1624449792
a3f969063f78dbd95e6ee795,764060032
2e3fc1d628f6727880d3d4e6,368520512
22ea31eadbd3a54216443137,392285920
6490a1eff73727bf62458b0c,891450112
49721aafec7123f6ff4d8010,249940352
bce608b4629b6c8512ea2fde,847839616
a7ba3ccc4831ae7e539f0cfa,531639360
959b2293af0ee4f7c9fea7c0,526463840
bbbf74a3abf9cd8718384a65,557741696
680a71ef7ec15bd919c06320,774176192
0bcdef6d56052acd2afad93d,287672352
1bb885a07f57936b919629b9,501655808
8a222af682e2d7796643ccf7,478032096
3370a48ec22302456c41ded9,761813952
46fb04e7578da5741f6da4b8,632883072
e9da7f2549d914aab6a30e10,428879360
10d0506d84d778da572ec635,460267616
966e8fc9af08e76f8b276245,582089536
0da2a849e0f83b17b006e50b,767273664
f7101a05db93cbefd6a3b31f,394302720
b74fd7f7db38ec233c6ad71f,658358912
0d63e52a47fa884e36f10810,774176192
77fa49bcb52539888d481ab1,697298368
6f412fbb33519fdd31e741c4,474829152
6615da422a3864d415b28fe9,499192928
f258fdece395f0c4f4da6a96,862489024
c54c645c340f59dd5f47bea4,737769984
bdd287e9de82903f210878d6,1150630400
e110abe74ba0ad062c9b575f,585510080
47e5ea8cb7f5ab6703803690,823405184
e71c6f7437c633e2d9da643e,774176192
783161faf2e3501c38c0aaaa,891450112
5fc3de15eb0cd87be5ed2e6f,757367232
4066155e224520530ce985eb,670774016
7745863791b5cc6d49f84c8b,1309080832
aa7551be1b8d6278d38fbb00,844306560
d654c9bbda61c4c0ee1ae2cc,481455744
d224080523a2bf2e81698d15,327851648
5f8d0a2ab1f9136de446528a,425511488
405fec98d5a3c8981173311c,445883872
2a9e77fd00aaaf773d130914,885788480
279b76adc4bc9f8dd86759b1,885541504
f815ec1a63e980717c9c3290,527311872
a8fc825e34bd9bd56ec5331f,774176192
248ed6abe6e528dedde951a3,468047232
2bce6544d58b6970192a1838,474829152
352a76b301243d22d1b31f79,935335680
bb9991da696d6e1f13a32d0f,354892384
8e88e6cc55ca769e472aadfe,891450112
339ca7bc687766f517ab3274,259589904
93375efb2e74f4913d21d94f,882810944
17d7e6d321bb7394546e6b7b,598019008
0f601f5ee798174ea9d52caf,470067040
8ec8cac469f2448654312aaf,298800448
affb62139f02e524692ebc5b,1241125248
c01199a4b2fbf0f6cbdf2a65,1011262272
4d1f49443787c874ba19f968,651425152
035c61042b7dbc7ef888d1a7,1564276608
0fc7d98f75bc1c0b782a328e,754266176
b1924a5697dfe829b5b8ad76,637472896
d0100c18dba3c334327b29e1,285431904
add1a20e8bba47aad2edec69,829016128
fe8a78de9ba7b59a112e0046,1241125248
b319d049a3a8e4a095940106,561373440
303dc73dc1130de9aa2f70f3,536804064
e471b2ef30c388893119a010,918223040
9309d812688d0d2bdd33d830,867478272
fdb192e57e3e48f70a492b87,895275968
c514c9a35632e5a9c0476a31,673373952
3bee8a9981a1e9e13a05cafd,657288256
9c942287410db3d0739e182e,1031547968
f59b9c03bcd4e0e06d23fb47,1010327936
4c11f4ebc622483532c24a06,954734272
1f53612f7029a21e2e9f74e1,791171968
1f4b6eaf52fb940e666c1c93,836648768
dc65f0bafddf39c6c4b2c9f2,627942272
344823ba2777540ffa2a8fbc,1164804480
8cef9b18f20e9c5a32e7ccc9,794483136
413d6e4fb772beff60f73e2b,1091695360
15d3ae51558bfeef80b9e97b,542257024
b81c26f2ea6b66c8315d1146,1156811008
c3786f81345d39fd8b353da3,536127392
6c568d2287dcf12b2aacd388,588681664
e6482f3b6184515453d16bf2,1143638400
32c7b848ef60432d98f415c5,684810240
1689c3e3982382e27a4ae074,684810240
3d0cc51b7a2392f3be3b1666,502682176
1dbec7879e793ba9685741b4,947452864
82ff2a63a863c089ea90bb5d,776371264
3d9856c3ee0a4b5a833c69ab,987733760
6f293451319bae38c71b8266,1426291456
dfc817b569fd71d2dd47e980,1185603712
c34d46d83e76f54d53cadcb2,361375424
e08ed8c82d05dc3cad8cd2c1,613440768
e21f2a8d9c641e45d442686a,794961280
f1793973b462cdbffb1ad648,1202567424
b15bcd6248958d98867ea585,927473408
e640424f3b7d1db403c36ba0,1502012544
658c0b009a09339a3f312145,820114944
f01fa45466e2730f935a4128,1162969216
b4d69c7bc93efb3790eb1422,940366976
c2242a77d30c0abbed667ce4,794961280
39542105a7c46ded0cc373a7,1218746496
13f42390057bd294cd787822,581530496
183d99d88d1e7d995180918c,565119936
60dd7dc49139e7816dd8b143,549772416
6d2ec752890a2f1c4094044d,1060810432
0e776964ba3733f3ac18a7a0,1253789952
92369f73435d1ac3fa95f185,613440768
8db285eda04ca37b86dc9724,1017646720
a7b14faa46e7b73ee4e95ee6,684810240
010e676743f6afc01fd0838b,945391040
987199d3a23c08ca887b301d,559458048
4fd8643e1c43ce9a0c18a19e,1027662080
4d0985935e1432b3916d45be,754526720
4623317e8c9044e314ccc4e8,684810240
ef8430c4d15e5887b8103bc3,1145574528
cd6ecb0f77acd93cc1c9038e,1126757376
b0962bfdb6a2c79a0ca84e48,895275968
7bf592c5c34bfe6a5df3dd40,684810240
9337becb0628955b47e45b98,998368704
9ed0bcdb62b2223d716d40d3,895275968
4255eae670033d9c9e9a6e3c,1118255360
c5346c37454ac2b13b92240e,1059171392
94fd4bb5f41087921ca12b58,470401312
ded674ba9c7b76cda404bac6,919816576
ce25e9fd3bce9b75050aef5d,1189051008
4e7d3cbe3c62123fa7e2d969,941404032
dcf5b42ecb23800a458562e9,978933824
0d53bfcecf0397ca27e5f78c,816721280
f4ecb15ef992a677e8b4fee7,949419648
46eeb8f186f86f7859274d4d,1132344064
b5a7d4288dc7a7868678b9e4,1241125248
34f99327fe595ba6e32d89a1,588108096
9a53016fdce3d3b5c2baf3fa,781739776
26be10d0ce8b763e9b457e76,911442496
2e111ff939191cc6df2c59bd,1190600192
ddcce0b9776593e3ef3ce21b,651115008
937c0b6350beb0f51e53ff8c,1241125248
f50941445773dd62e87e0416,918223040
93a1aefcc4ccafe4866bfc76,1055163072
70c0a72b31dbc1b97c102c13,816678784
8aa9e1e89993aa49c5c3eced,1153211136
2a5ecebe40fc09b45d6ee5fc,595760832
5f798656baebb094a3c83793,1237907456
596b6f435f76058493a16cd6,885844864
1c510a71734e955f75187106,1508970112
07de14db9dcc2d4f9eac0dd2,1021496640
29503210dfd57bfef8f16802,1463301376
89575a90c7b9b960c8f4e052,991400064
bb5a6045d18e19613325dffd,1505238912
f984d34c8f27e3cdb7c2a44a,1218016896
90822d4e3a369948cdc4d998,1174163328
5b9a21a42d5f50ed4b10581c,902344320
1be01d052c6a65c5ed286bf4,1577859968
b73d317e1e8ddc3d5d0743ef,1045693248
bcd302e3b5342ecd8cc056bd,1284790016
eb8956f0c4a885619bf1ff79,1194630784
d5b950c5510c19ccb926e7c8,1172512256
1e37ea0918a00bcfaded3453,559159360
1d55f4694f3e000ee3ce47b3,1081095680
cdc3e114698984145df842c7,1259301376
9c611e246a612ac6906abe8e,1043129344
c0c820463dfec602a6118ed6,1165860608
6302d4fff078a118c3211794,867376832
c98807fc596bb2f505b4da9b,1026697408
cdde8657b5a215915a04126d,1074606720
3b2fa7905fd8fcb3e11ebcf2,1165860608
59764968800501c68631aea3,855636736
9eab02171cb5f15963670172,1127223552
61f84e5a07f37865c31d4a07,622773760
1494f223c9d3ffba26e42738,1548038144
ba137cbd10757ad20e5991c4,540163456
d2fb81a477ef3690cb11c93f,1757593984
ec4f7794cb756b995d5d207f,1037097216
ea4add08aa912717cd42f9f7,1422522240
f11d7627e2f18c9a75595501,885510080
8095589d5e1a55a76281e13b,1289626368
f5add08cb615eb18b3153bf2,1508970112
1894346a27970572aa703cd2,894344064
805a491334f865f06ff42329,1160888064
062d5544f5c96db90fa3a526,1175672064
332201e2583141f3a02dcca4,1387831808
4baf1bfced8e85013eca94b9,1165860608
8bc002e1f02beb4d83a6f6ae,1485881344
adebafcf3eb0d34ae31718ef,1127223552
60b5b0aa0c1319557cd0cc85,1729650816
3393fece8a6ed311ad865e66,1577290368
df4a1968046eed5326119599,768374016
b044b9a587b2c6ca00447177,1482721920
005ab848b35907e42aa0f4f2,1595404288
140a0002732574ecc516e9a8,1287458176
bd850d1ccfc4b21a72f3ec44,839901504
c6dc8c201ce38ff2ea49cd68,1282296064
572ae40f693551547e13a196,1237283328
b39d1b2637dd8e307c8ba13f,1799220864
2ad02d6d56b95ff3382b53b6,872458816
5201393754f4a5f2a476ef0e,1360871168
72a66bc6d15390eb05a5c688,601956736
1f1f3e47f3593e4b2824e628,1241125248
bb7e14611ea6b5e4abb5b89c,1024150720
b82f8abc8001cd6731c4ef45,1131691264
6228854021e72af611d2e59a,723884416
6d21e1de9c880bfbb17350cd,1012233920
7cfa0c98191ef9b7c45f0520,343567072
a739d80c3fb6b166a2c2182b,616495104
36f85981124e858c157f83df,779480256
3d6d51ca99f2747d6b92dd19,731951744
092b7b5bafe25bf485de37a4,700265984
f2e0163fa07f89820739dfcf,898039232
ba47346e7a53412e78363ac4,1041896832
f86e80b2a831572b85b04e55,592213952
199a6f7df516a685f086dfa2,393879872
81f6d6790aca5e9270c3d1a1,527987488
74f099ca0d949c8042569d51,340009696
4df3717406f9852284576caa,963503040
5246f7d8023a4c178af6d10c,433949632
69d9908e13bf7c8ac4c30531,313968480
e336d9d892441c7ad886a98d,868670272
f82e1c70884ee1285e1bc491,377410528
0ffbcf7d58378c85b4103c7a,481455744
3679e1844a35c0c87fffefeb,462028288
955a15a734e56eb287555307,426096352
722f262a44b2bb6fc05ec35a,790729536
48c346042d9cb826a3714466,340009696
bc4b7bbf5df92f476b6be103,401006368
667685f89a61aa2ad5c9ac7d,529674528
8be5fca8f4339712c6f3e29e,641901824
09a5fd22f920267b464e2a00,1148178304
f6d2d31af94a6a73912dd9f5,952299200
0e9a5ea81f6d91038d8711d9,583162944
8b2d8edfa6788ddc0c7b3eba,549565568
2f48a73bfcc91272161afd39,536127392
a78417c74b8c99279912e427,919335488
4d69f7c7e0e837879abbdf78,734540736
926a7b18e48cdbf6ac3b396b,899605568
a06733f7b3ba964c20ae2698,1162785280
02d598a32d864c289e3ba6b0,1146746496
3977cf1326ff502251f78f66,459949792
c3cdfd0733404ec885eb3edd,615504960
a28bb09e30bca82627e595c2,1003550208
0a2f8c8ca6094e6626d4e8b1,718997312
ac9baabfd96d58e376149a7e,1634015360
700a052900adbfa149dd5b6c,1308172288
4b30968cdae59b4ef3298f19,1400791808
c673d94552bc3e451672939f,718450368
75392e8381e1c891377fcb29,1236417536
a55d7074220aa6a750297c08,994667328
81eea19e7c12d65d21e23648,1437103616
69df7bc1d82d9723c70eca70,899112640
815cfcc4d26738f74cbb67ae,1266519424
5ea150753f8d07c71af45cd9,1131352064
f851b02d18e74610a900bf14,1760340736
76b9af8036e38d5d30ac4c7a,1504523776
4ec5ab39cae4afc3b0e69438,632403584
c74020c85c9fcb2a2cb3ac74,495645440
6d6ad5e3ebaba1c11dec0f16,1292400128
acbe4eb98668ff4967a8cb86,1241125248
16a40e3dbfbb9c703e04028e,885788480
ee5fa0932e098cba28d950b1,1041033408
5f9fa56b99677a489a9966bf,1024150720
4045e30cced205e8c5b2373c,1018963328
eb2c7a973d4d6ce8e6ae87a0,1107088256
99c69eeb96e1016a7e53b33f,764222592
aa7f56d05ed29183b825d61d,482358752
4630a9af58fb79c0008e5fa1,519291712
ac003932eba3a174c5b998ee,461133248
56a7470ed14454665aaef75a,1811142656
a4e4f56336e07304cb946b1c,1301725824
00ce045307538da1b0bb7972,675756160
cad720be1395e2ab5869807c,448678560
344be03236aed65e74b14a2f,567688960
58a86bf535b4c16b50dfca06,205345184
d52c3915fd7d2ef8c92a22fe,567688960
8a4b7e86a90a296e10a49ea3,399784512
e1717a317481b0765a7a6a0d,371823392
97fc10f5ce4a6fd7357381a6,567688960
428f4bc76d4cd315ba8f89e9,457827872
4d882ac2b82569f74aa08824,386113888
948ba87dfd7993460c967cb4,567688960
1bee6a5aed5417181a3db77f,340009696
63cdd73026431f5566fe246e,609370688
013e2a07f94a99323b64d370,1191045632
ff56b24cf15289dc6d14800f,880850112
7bdb94165857bcd37206cf18,580055104
1d1e29d9601aa0eddb4d6c2c,783521408
a8c9489973c54b93737dfe20,478429728
254892c6b84c59ff5ac4f354,285412128
c6e9772058edb2268434d7cf,864945408
916a413537580440c4ac6028,566749120
bab8e472424cd57faab87ff2,714024512
eae5eecfa2fe828afbc94b0a,427033120
da26059a2cf36e02b8702320,877510336
e18fecb7e40bbcaf26c863cb,729113344
a55906464634558b94d9298e,486535136
3032ae39e739fe46e9e198e5,885788480
663e062b85f16c2419f8456b,1687867904
aad0e527c4bf6283f76b5bed,682763392
32fbc0f1934f7325a404a2eb,741118656
07d1137c1f0aaecbbad32f7b,768885696
3058b792e3f6781e438a2e9b,1133664768
33d6b1bbab4524c3aa03756c,401316480
c75d43b8089321e359e14264,691300480
29ea1796aede16cab8a50497,700796416
bed21c41b31a3bf2095aa273,664690432
ec232a7ee3aeac713516614b,864359232
bb7c68c2652c7e124d88631c,478429728
697b6c6f7666391fc689cfb9,600250048
d912e45dda1a3a628fdf50d6,588681664
96fa88a07329d3988b6b41b3,587361088
66019487c37339e9354ca999,1209180928
fd2dcbcb8a31e97f31d22a53,1947904128
1a309175498997e1b8f0aae7,1196902912
e83119808dd08ca090f5ed85,732176768
1a26960e24de046588ca7837,654543360
379c4fce87557848548b0944,891450112
b2d7355eb2aa975900776275,680713024
3b05e06aa0bc40b9db16416e,651395072
4a5405b1e181f5b10fec35a6,770663872
aff22625564f00844ea2610b,906315200
b40addfc0da42b0e530503f0,824785408
9200d647b6ce9aea67ff8ac7,1070954880
3057660e38fb757dbc8bd898,711486720
799be2171dae4763df530e4d,955037760
819265a930d32a97533d132d,549565568
9ba689b29d0696fb7ebc44d5,1491726208
0f7e28b6efb9d550ba28a1e0,927436928
57551742fefae23bb32571f4,698109888
9569a50febeb4163e28c192c,1638286848
1d03efada56f8a70bdae6aea,796114944
bfa56d6230b858591743473e,836648768
ca54914a1cf1028b9c8b681f,1092979584
54304b6117b797791d266cc0,879174976
166ae8e3d0704209d6715240,895275968
b56659e70367566a4ddb81b2,1403579520
2641f220611056a1f5616dae,708333056
08a82bb9fbe4b7abb50cece1,789644032
b40a9888ec0379fbf85516a3,1127223552
d35462df6c686296a3c7bb23,1093781632
db244703ce223e6acacbe85d,791171968
a90df94f959030227fa015b0,189492784
d97d462ac4f5d9cbbf04e9ca,777977984
7fe6ac57e87b8126ac4f8530,1362412672
69c28dce8eeaa86605143419,963160448
2bd6682ad8343b69fae1a59e,690844480
2e6fb29cbc1ccc3d97c92c72,892314816
9eabba4531191127ee91621b,1241125248
d0c411218ffa7c3ebc10783e,1241125248
0c61a011d7fe0227be2b3575,1162785280
2c47c3ef9e139d8c4513a090,922547904
f6503aab62a68ca16eba3fec,1412672768
e7dc05756684b070b36d681f,1131352064
17484950b143d0395907ae6d,534660352
3d997123b33373024bd2cbe1,638448704
ddba305c2a3ad29db24a0658,1081095680
b65efc402cfddc0aed4e1d76,672983936
4a7ecb05c9886bc35f6b9160,1371720064
b4e14604b888c994b64f94ba,848053376
ab37764e5f4e00097eac947a,1662710272
764da64c41700da5ee80b8c7,1224295040
8a84a073b855e37a12327357,1241125248
5a6878f8a47f1fa2fc1d600d,990951040
505f3d545ce83d0c848f828d,1360871168
6687a2299f38c15598d11eef,1167803648
533134592237b2748915eed8,1250480512
daae80933675e767b50bdd17,609687808
945f85a061dc4e95e779e27e,869577664
62dc69d80cd6ea9fb7fe52db,591424896
153436858070f7e724f0cbc1,688581888
7f9875a5336a32d73df2402c,902344320
ac11141115d391be44e6426c,497047808
f8243b7b679dfe8303180d73,1264846976
1376106ebc19c929df27bb62,612609408
f591597c9a1ddd9852eb3cfd,1191045632
a748841236a7a7fb33138845,722707904
6ef43ab43841696400d91859,760851776
601310d800d88f0d387235e4,1597832576
db81ec58863dcc5d12839883,834085376
68d35dadc6d0dea61bf4b513,180621696
ba9be0b67571b1e9242664e1,810647616
1690af2e30b05da545f1576f,1501425920
fc72ebf9381496067101da61,405783264
3a2e95f5eddda4df84b2e2b3,503926528
a660d5809085b4823e287a5e,568600768
799301c01a3e7fc2af5a14a9,1430472576
824cad597aae34d7d59ac939,490659936
23cfc154896b93bce4356ae6,384975808
a9b96d2a23ed155043085e87,1408755328
f5d529ff6a35fa78ab14de21,467844640
9b337cb1451a8fb078dc9a07,1245703680
cd1fc7362660bce494b5117a,325093344
26454cbe44a07cd0df12ca07,1037090624
cc5563550bebb29c83ae3054,1338650752
109bb36f29b223a81dbfa340,1279662848
31081c78ce92e1d8dbb315b9,1132344064
502aca1a1097438b32eb362e,1322709376
4c90ce573f1d61d11294d05c,1450120960
87f1e9ca16a7ea48de04fa73,1156718848
224f6e839dcbd91491f3f1ac,492670240
8ee7d2e0692e49bf9d308b4b,1162000768
a3ff6a1fe37a1bb736b1100d,1447332096
97d49e61c1ef55451e52c8e7,1447332096
b6514cdb1e2cf37e3ff8090e,1377111168
